contentid,contenttypeid,title,addr1,addr2,sigungucode,mapx,mapy,tel,firstimage,cpyrhtDivCd,lclsSystm1,lclsSystm2,lclsSystm3,overview,homepage,business_hours,closed_days,fee,event_period
1116925,12,갈산공원,서울특별시 양천구 신정동 162-56,,19,126.8684105358,37.5061176314,,http://tong.visitkorea.or.kr/cms/resource/90/3467490_image2_1.jpg,Type3,VE,VE03,VE030400,"대체로 산세가 둥근 양천구의 다른 산들과는 달리 갈산은 동쪽 부분이 벼랑처럼 깎인 절경을 뽐낸다. 안양천의 오랜 침식작용으로 산 정상이 칼날처럼 변한 것으로 ‘칼산’이라는 이름으로 불리다가 ‘갈산’으로 순화되었다. 갈산 입구에는 어린이 교통공원이 들어서 있고, 중턱에는 중심광장과 산책로 등의 쉼터 그리고 정상에는 전망대가 있어 양천을 한눈에 감상할 수 있다. 갈산 정상에는 ‘갈산정’과 함께 그 옆으로 우리나라 최초의 ‘대삼각본점’이 설치되어 있다.",,상시 개방,연중무휴,,
264570,12,강남,서울특별시 강남구 압구정로 161 (압구정동),강남메디컬투어센터,1,127.0270732739,37.5268958352,,http://tong.visitkorea.or.kr/cms/resource/08/1984608_image2_1.jpg,Type3,EX,EX07,EX070200,"강남역 주변은 강남 지역에 있어서 교통의 핵심인 곳이다. 강남대로를 중심으로 동쪽으로는 테헤란로가 뻗어 있어 잠실 방향과 이어지며, 서쪽으로는 사당 방면으로 연결된다. 교보타워 사거리에서 좌측으로는 고속터미널과 이어져 노량진 및 서부 서울로 연결되며, 그대로 북쪽으로는 한남대교를 거쳐 강북으로 연결된다. 그리고 남쪽으로는 양재를 거쳐 분당 등의 신도시와 성남시 등 수도권으로 연결된다. 많은 유동인구가 강남역으로 모이는 이유는 강남역 부근이 만남을 위한 약속장소로 적합하기 때문이다. 각종 모임이나 행사 또는 개인적인 만남을 갖기에 좋은 지역적, 상권적 특성을 지니고 있다. 따라서 평일에는 주로 저녁 시간대, 주말의 경우는 낮부터 강남역 10, 11번 출구, 롯데시네마 앞(구, 시티극장), 지오다노 매장 앞 등에서 많은 사람들로 붐비는 것을 흔히 볼 수 있다. 편리한 교통과 다수의 패션 관련 매장, 극장, 대형서점 등 소비를 하기 좋은 이러한 환경이 거리가 먼 지역의 소비자들까지 강남역으로 모이게 하고 있다. 강남구에서는 내·외국인 관광객에게 종합관광서비스는 물론, 강남구의 우수 인프라인 의료와 한류에 대하여 보고, 느끼고, 즐길 수 있는 체험형 관광거점시설인 강남메디컬투어센터를 운영하고 있다. 강남메디컬투어센터는 외국인 의료관광객을 위해 강남의료관광과 관련된 제반 서비스를 종합적으로 제공하는 의료관광 안내센터로, 병원(협력기관) 안내, 통역연결, 텍스프리, 공항픽업, 주변 관광지 안내, 호텔예약 등 의료관광에 관련된 모든 서비스를 제공받을 수 있다. 이외에도 관광 안내 리플릿 등을 통해 여행 정보를 쉽게 얻을 수 있으며 잠시 쉬어갈 수 있는 휴게공간과 무료로 짐을 보관할 수 있는 물품 보관함 등의 편의시설도 이용할 수 있다.","<a href=""https://visitgangnam.net/"" target=""_blank"" title=""새창 : 비짓강남으로 이동"">https://visitgangnam.net</a>",상시 개방 (강남메디컬투어센터 평일 10:00~18:00),연중무휴,,
2456536,12,강남 마이스 관광특구,서울특별시 강남구 영동대로 513 (삼성동),,1,127.0592179950,37.5119175967,,http://tong.visitkorea.or.kr/cms/resource/13/3464913_image2_1.jpg,Type3,VE,VE05,VE050100,"일찍이 무역 센터가 자리 잡으며 국제 교류의 메카로 손꼽혀온 강남 삼성동 일대는, 세계에서 모여든 최첨단 비즈니스맨에게 한국을 알리는 창구 역할을 해왔다. 여기에 1990년대부터 강남 특유의 젊은 문화가 유입되면서 무역센터 일대는 비즈니스의 장이자 젊은 문화의 랜드마크라는 복합적인 성격을 띠며 발전했다. 
2014년 싸이의 ‘강남스타일’ 열풍과 더불어 국제교류 비즈니스 산업과 한류 문화의 공생을 강화하기 위해 이 일대가 강남 마이스 관광특구로 지정되었다. 강남 마이스 관광특구는 전시와 컨벤션, 세미나, 국제 전시회, 콘퍼런스 등이 이어지는 코엑스를 중심으로 자리 잡고 있고, 백화점, 호텔, 면세점, 도심공항터미널이 유기적으로 모여 있어, 국내뿐만 아니라 외국인 관광객이 끊이지 않는다. 강남 마이스 관광특구 일대는 한국판 타임스퀘어로 조성되어 최첨단 디스플레이를 활용해 홀로그램과 증강 현실을 체험하고, 건물 외벽에 설치된 초대형 LED 전광판에서 표출되는 화려한 미디어 아트와 광고를 감상할 수 있다.",,,,,
128961,12,강변스파랜드,서울특별시 광진구 구의강변로 45 (구의동),,6,127.0913227521,37.5349377239,,http://tong.visitkorea.or.kr/cms/resource/98/3401698_image2_1.JPG,Type3,EX,EX05,EX050200,"강변스파랜드는 지하 1·2층, 9917.4m²(3,000평) 규모의 사우나를 즐길 수 있는 대규모 스파 시설이다. 재래식 불한증막과 찜질방, 사우나 등의 시설 이용과 함께 한 차원 높은 문화공간 체험이 가능한 곳이다. 지하 2층은 사우나, 지하 1층은 공용 찜질방이다. 세련된 인테리어와 유황 성분이 함유된 지하수 사우나 물은 매끄럽고 피부에도 좋다고 한다. 재래식 소나무장작불한증막, 넓은 공용 홀을 비롯하여 숯방, 소금방, 은피라미드방, 여성전용황토불가마, 황토방, 이글루체험방 등 다양한 찜질방과 온탕, 냉탕, 아쿠아워킹, 마사지탕, 습식사우나, 건식사우나 등 각종 사우나시설을 즐길 수 있다. 부대시설로는 모임방, 어린이놀이방, 당구장, 탁구장, 대형게임장, 충전카페, 피부관리실이 있으며, 한식당과 치킨·스낵코너에서 식사와 간단한 요깃거리를 해결할 수 있다.","<a href=""http://ispaland.co.kr/""target=""_blank"" title=""새창:강변스파랜드 홈페이지로 이동"">http://ispaland.co.kr/</a>","- 주간 05:00~20:00<br>
- 야간 20:00~익일 05:00",연중무휴,,
3043735,12,강서역사문화거리,서울특별시 강서구 양천로 291 (마곡동),,4,126.8366643489,37.5722343802,,http://tong.visitkorea.or.kr/cms/resource/09/3045109_image2_1.jpg,Type3,VE,VE04,VE040100,"강서역사문화거리는 다양한 역사 문화 유적지가 산재한 가양동 일대에 위치한 곳으로, 가양동 일대의 낙후된 경관을 개선해 역사와 문화의 향취가 가득한 거리로 탈바꿈한 것이다. 가양동 궁산 일대는 조선시대 양천현아가 있었던 행정의 중심지인 까닭에 많은 역사 문화유산이 곳곳에 남아있다. 
9호선 양천향교역 1번 출구를 나와 마곡지구에서 이어지는 양천로 47길 초입에 설치된 강서역사문화거리임을 알리는 상징 조형물이 세워져 있다. 기둥 형태의 안내판에는 유적지를 소개하는 글과 위치를 담고 있어 누구든 쉽게 유적지를 찾을 수 있다. 겸재정선미술관, 궁산땅굴, 소악루, 양천고성지, 양천향교로 이어지는 강서역사문화거리는 천천히 걸어 1시간 정도 걸리는 코스이다. 해가 저물면 역사문화 거리는 낮의 모습과는 다르게 아름다운 조명이 켜지며 빛을 받은 조형물이 줄을 잇는 모습을 연출한다.","<a href=""https://www.gangseo.seoul.kr/munhwa/mh020301"" target=""_blank"" title=""새창 : 강서문화관광으로 이동"">https://www.gangseo.seoul.kr</a>",상시 개방,연중무휴,,
2591792,12,개봉유수지 생태공원,서울특별시 구로구 개봉동,195-7,7,126.8632141714,37.4924524597,,http://tong.visitkorea.or.kr/cms/resource/55/3558655_image2_1.jpg,Type1,VE,VE03,VE030100,"개봉유수지 생태공원은 유수지의 특성을 고려한 안정적인 생태기반환경 복원으로 조성하였다. 주변 주거지역과 연계한 다양한 서식공간 조성으로 종다양성을 증진하고 목감천의 하천생태축과 연계한 도시생태 네트워크를 구축했다. 공원 내에는 생태습지, 생태놀이터, 장미수국원, 맨발산책로, 잔디광장 등이 조성되어 있어 아이들의 자연학습공간으로도 좋다.",,상시 개방,연중무휴,,
2733966,12,거리공원,서울특별시 구로구 구로동,73-1,7,126.8916141621,37.4995521419,,http://tong.visitkorea.or.kr/cms/resource/42/3558642_image2_1.jpg,Type1,VE,VE03,VE030100,"구로거리공원은 서울 구로구에 위치한 공원으로, 지역 주민들의 여가와 휴식을 위한 공간이다. 구로구 거리공원오거리에서 신도림역에 이르는 보조 간 선급 가로를 거리공원길이라고 하는데, 구로 거리공원을 따라 이어진 길이라는 의미에서 거리공원길이라고 이름 붙였다. 공원에는 산책로, 운동기구 등이 갖추어져 있어 운동과 산책을 즐길 수 있다. 또 어린이 놀이시설도 마련되어 있어 가족 단위 방문객들에게 인기가 많다. 
구로거리공원은 다양한 나무와 꽃들이 어우러져 자연을 만끽할 수 있는 장소로, 계절마다 변화하는 경관은 방문객들에게 새로운 즐거움을 선사한다. 봄에는 벚꽃으로 만개하고, 가을에는 단풍으로 물들어 계절마다 아름다운 풍경을 즐길 수 있다.",,상시 개방,연중무휴,,
1604652,12,건청궁,서울특별시 종로구 사직로 161 (세종로),,23,126.9767375783,37.5760836609,,http://tong.visitkorea.or.kr/cms/resource/10/2527110_image2_1.jpg,Type3,HS,HS01,HS011200,"건청궁(乾淸宮)은 1873년(고종 10)에 왕과 왕비의 생활공간으로 지어진 궁 안의 궁이다. ‘건청’은 ‘하늘은 맑다’라는 뜻으로, 경복궁에서 가장 북쪽에 위치하고 있다. 건물은 민간 사대부 집의 형태를 따르면서 화려하고 섬세한 치장을 가미하여 지었다. 건청궁의 왕의 생활공간인 장안당(長安堂, 오랫동안 평안하게 지냄)과 왕비의 생활공간인 곤녕합(坤寧閤, 땅이 편안함) 등으로 구성되어 있는데, 장안당과 곤녕합은 복도로 이어져 있다. 이곳에서 고종과 명성황후는 10년 정도 생활하였다. 그러나 1895년(고종 32) 곤녕합 옥호루(玉壺樓, 옥으로 만든 호리병)에서 명성황후가 시해되는 을미사변이 일어나 고종은 이듬해 러시아공사관으로 거처를 옮기게 되었다. 이후 1909년(융희 3)에 철거되었고 일제강점기 때 미술관이 들어섰다가 철거된 후 2007년에 지금의 모습으로 복원하였다.","<a href=""https://royal.khs.go.kr/ROYAL/contents/menuInfo-gbg.do?grpCode=gbg"" target=""_blank"" title=""새창 : 국가유산청 궁능유적본부로 이동"">https://royal.khs.go.kr</a>","[1월~2월] 09:00~17:00 (입장마감 16:00)<br>
[3월~5월] 09:00~18:00 (입장마감 17:00)<br>
[6월~8월] 09:00~18:30 (입장마감 17:30)<br>
[9월~10월] 09:00~18:00 (입장마감 17:00)<br>
[11월~12월] 09:00~17:00 (입장마감 16:00)","매주 화요일<br>※ 단, 정기휴일이 공휴일 및 대체공휴일과 겹칠 경우에는 개방하며, 그 다음의 첫 번째 비공휴일이 정기휴일임",,
294505,12,경국사(서울),서울특별시 성북구 보국문로 113-10 (정릉동),,17,127.0056310926,37.6139242251,,http://tong.visitkorea.or.kr/cms/resource/81/3571681_image2_1.jpg,Type1,HS,HS03,HS030100,"경국사는 1325년에 자정율사가 창건하였는데, 삼각산의 청봉 아래 있다고 하여 ‘청암사’라 하였다고 전한다. 창건주인 자정율사는 계율에 정통하였을 뿐만 아니라 법화(法華), 유식(唯識) 등에서도 조예가 깊었으며, 계율과 법화경(法華經) 관음신앙을 승상 하던 사찰이었다. 그리고 1349년 태고보우(太古普愚) 국사가 중국에 가서 석옥청공(石屋淸珙) 스님으로부터 법을 전해 받고 귀국하여 경국사에 공민왕의 청을 받아 금란가사와 주장자(拄杖子)를 하사 받고 국사가 되었다. 1545년, 명종조(明宗朝) 때 왕모(王母)인 문정왕후(文定王后)가 불사를 하면서 국가의 경사스러움을 끊어지지 않도록 기원하는 뜻에서 ‘경국사’로 개칭하였다. 그 후 1698년에는 연화승성 스님이 절을 중수하고 천태성전을 세웠다. 천태성전은 독성을 모신 전각으로 이때 기록한 『천태성전상량문』이 지금도 전한다. 전 대통령 이승만도 경국사에 주석하던 보경스님이 인품에 감화되어 전 닉슨 부통령과 함께 참배한 일화도 전한다. 1977년부터 1985년까지 보경 금어 큰스님이 뒤를 이어 주지 소임을 맡은 지관 대종사(전 조계종 총무원장)가 경국사를 현재의 모습으로 탈바꿈시켰으며, 2005년에 한국불교의 율풍 진작에 헌신했던 자운대율사의 계주원명사리탑(戒珠圓明舍利塔)도 이곳에 세워졌다.",,09:00~18:00,연중무휴,,
2930839,12,경리단길,서울특별시 용산구 이태원동,210-65,21,126.9875154390,37.5384521160,,http://tong.visitkorea.or.kr/cms/resource/85/3568185_image2_1.jpg,Type1,EX,EX07,EX070200,"경리단길은 국군재정관리단 정문으로부터 그랜드하얏트 호텔 방향으로 이어지는 길과 주변 골목길을 통칭하며, 과거 육군중앙경리단이 현 위치에 있어 경리단길이라 불리어왔다. 경리단길은 저마다 개성이 넘치는 식당과 카페의 다양하고 독특한 먹거리가 유명한 문화와 젊음의 공간이다. 또한, 서울의 평범한 동네 같으면서도 세계 각국에서 온 외국인들이 주민들과 자연스럽게 어울려 지내는 모습이 이국적이고 색다른 분위기를 자아낸다.",,상시 개방,,,
2373204,12,경성 부민관 폭탄 의거지,서울특별시 중구 세종대로 125 (태평로1가),,24,126.9768017026,37.5675596526,,http://tong.visitkorea.or.kr/cms/resource/30/3077530_image2_1.JPG,Type3,HS,HS01,HS011200,"경성 부민관 폭탄 의거지는 경성부민관에서 친일파가 주도하는 대회를 방해하기 위해 폭탄을 터트린 곳이다. 1945년 7월 24일 경성부민관 폭탄 의거 경성부민관은 1935년 12월 태평동 60번지에 세워진 경성부의 부립극장으로 오늘날로 하면 시립극장이다. 경성부민관은 지하 1층, 지상 3층에 대강당·중강당·소강당·담화실 등을 갖춘 다목적 회관으로서 당시로는 드물게 냉난방 시설과 조명·음향시설을 갖추어 각종 극단의 공연은 물론 전시 총동원 체제 아래 각종 관변 집회의 장소로 널리 이용되었다. 경성부민관 폭탄의거를 주도한 조문기·유만수·우동학·강윤국 등 당시 20세 안팎의 열혈 청년들은 1945년 5월 서울 종로구 관수동 13번지 유만수의 집에서 대한애국청년당을 결성하고 항일투쟁의 기회를 엿보았다. 1945년 7월 24일 저녁 경성부민관에서 친일파 거두인 대의당의 박춘금 일당이 주최하는 아세아민족분격대회가 열린다는 보도가 나오자 조문기 등은 비밀회합을 갖고 대회장을 폭파할 계획을 세웠다. 이를 위해 유만수가 수색변전소 공사장 발파 인부로 침투해 빼낸 다이너마이트로 사제폭탄 두 개를 만들어 대회 전날 밤 대회장 뒤편 화장실 쪽에 설치하였다. 폭탄은 대회 당일인 7월 24일 밤 9시경 박춘금이 시국 강연을 위해 등단하고 얼마 뒤에 터졌고 그것으로 대회는 중단되고 말았다. 경성부민관 폭탄의거는 해방을 한 달도 채 남겨두지 않은 시기에 꺾일 줄 모르는 민족의 독립 의지를 안팎에 떨친 사건이었다. 현재는 서울시의회 부지로 폭탄의거지임을 알리는 표지석이 설치되어 있다.","<a href=""http://mfis.mpva.go.kr/memorial/movementView.do?sid=703&memorialType=true&gubunCode=ALL&pageIndex=1&searchCondition=%EC%A0%9C%EB%AA%A9&searchKeyword=%EA%B2%BD%EC%84%B1"" target=""_blank"" title=""새창 : 현충시설정보서비스 홈페이지로 이동"">http://mfis.mpva.go.kr</a>",상시 개방,매주 토요일~일요일 / 법정공휴일,,
2500229,12,경의선책거리,서울특별시 마포구 와우산로37길 35,,13,126.9290369242,37.5564989709,,http://tong.visitkorea.or.kr/cms/resource/79/3381279_image2_1.jpg,Type1,VE,VE04,VE040100,"경의선 책거리는 18세기 후반, 책을 통해 문치(文治)를 하려는 정조시대의 책(冊)가도 문화를 현대적 의미로 되살려, 시민들에게 책을 통한 복합문화공간으로 제공하고자 경의선 폐선부지인 홍대 복합역사에 조성한 책 테마거리다. 경의선 책거리를 찾는 시민들이 세상에 나온 책 한 권의 위대한 가치를 통해 건강한 삶의 지혜를 함께 나누고 꿈을 실현하며, 마포의 출판 산업 부가가치를 높이는 출발 거점으로 발전하길 바라는 의미로 2016년 10월 조성이 완료되었다.","<a href=""https://www.instagram.com/gbookst/"" target=""_blank"" title=""새창 : 경의선책거리 인스타그램으로 이동"">https://www.instagram.com/gbookst</a>",11:00~20:00,매주 월요일,,
1604784,12,경희궁 흥화문,서울특별시 종로구 새문안로 55 (신문로2가),,23,126.9707771853,37.5698981615,,http://tong.visitkorea.or.kr/cms/resource/55/3384855_image2_1.JPG,Type3,HS,HS01,HS010300,"흥화문은 경희궁의 정문이다. 원래 경희궁으로 들어가는 문읜 5개로, 정문인 흥화문 외에도 동쪽에 흥원문, 서쪽에 숭의문, 남쪽에 개양문, 북쪽에 무덕문이 있었다. 창건 당시 경희궁은 창경궁 제도를 따라서 규모를 작게 하여 정문도 단층으로 세웠다.
경희궁 근처 얕은 고개를 ‘야주개’라 하였는데, 이는 흥화문의 현판 글씨가 명필이라 밤에도 빛이나 그 광채가 고개까지 훤하게 비추었다 하여 붙여진 이름이다.
흥화문은 원래 금천교 동쪽, 즉 현재의 구세군회관 빌딩 자리에서 동쪽인 종로를 향하게 지었다. 그러나 일제강점기 들어 1915년에 도로가 확장됨에 따라 흥화문은 원래 위치에서 약간 뒤로 옮겨지면서 문의 방향도 도로와 나란하게 남향으로 바뀌었다. 1932년 이토 히로부미를 위한 사찰인 박문사를 건립할 때 정문으로 사용하기 위해 흥화문을 떼어갔다. 광복 이후 박문사가 폐지되고 그 자리에는 영빈관과 신라호텔이 들어서면서 그 정문으로 사용되기도 했다. 
1988년 서울시는 경희궁 복원 사업의 일환으로 흥화문을 경희궁터로 옮겨 왔는데, 옛 개양문이 있던 현재의 위치에 이전하여 복원하면서 궁궐 정문으로서의 역사성을 되살리고자 하였다.","<a href=""https://museum.seoul.go.kr/www/intro/annexIntro/annex_20/annex_20_01.jsp?sso=ok"" target=""_blank"" title=""새창 : 서울역사박물관으로 이동"">https://museum.seoul.go.kr</a>",09:00~18:00 (입장마감 17:30),매주 월요일 / 1월 1일,,
1604824,12,경희궁공원,서울특별시 종로구 새문안로 55 (신문로2가),,23,126.9707771853,37.5698981615,,http://tong.visitkorea.or.kr/cms/resource/98/3531398_image2_1.jpg,Type1,VE,VE03,VE030500,"경희궁공원은 서울의 역사와 자연이 어우러진 아름다운 공간이다. 이곳은 조선 시대의 경희궁을 중심으로 조성되었으며, 고풍스러운 건축물과 함께 다양한 식물들이 조화를 이루고 있다. 공원 내에는 산책로와 잔디밭이 마련되어 있어 시민들이 고궁의 정취를 느끼며 휴식을 취할 수 있다. 역사와 자연이 어우러진 문화재 보호 공간으로 많은 방문객들의 사랑을 받고 있다.",,09:00~18:00 (입장 마감 17:30),매주 월요일 / 1월 1일,,
2611568,12,계남근린공원,서울특별시 양천구 중앙로17길 21 (신정동),,19,117.9925662504,19.6944274800,,http://tong.visitkorea.or.kr/cms/resource/26/3568226_image2_1.jpg,Type1,VE,VE03,VE030500,"1971년에 개원한 근린공원으로 다양한 운동시설과 야외무대, 약수터 등이 있다. 특히 무장애 숲길 1,023m를 포함한 둘레길 4㎞구간이 개통되어 있다. 친환경 무장애 숲길은 아기자기하게 오르내리며 환상적인 단풍길을 즐길 수 있게 꾸몄고, 야간에도 안전하게 산책할 수 있도록 친환경 발광다이오드 조명등을 곳곳에 설치했다. 신정산 숲 속 여행은 숲해설가와 함께 체험활동 위주의 프로그램으로 자연과 호흡하고 심신을 재충전할 수 있다. 또한 신정산 초입에 아이들이 자연을 만끽할 수 있는 유아숲 체험장이 있어 생태교육 전문가의 친절한 설명은 숲 속 나들이의 즐거움을 더해준다. 이 외에도 숲 속 도서관, 모험놀이공간, 감성체험공간, 상상놀이공간, 숲 체험공간 등이 있다. 공원 내에는 사람들의 이목을 끄는 우렁 바위가 있다. 이 우렁 바위는 옛날에 울었다는 전설을 간직한 바위로 길마(소 등받이)처럼 생겼다 하여 길마 바위라 부르기도 한다.",,상시 개방,연중무휴,,
2591797,12,고척근린공원,서울특별시 구로구 고척로45길 39 (고척동),,7,126.8533341175,37.5066367467,,http://tong.visitkorea.or.kr/cms/resource/27/3400227_image2_1.JPG,Type3,VE,VE03,VE030400,"고척근린공원은 서울특별시 구로구 고척동에 위치한 자연적인 야산을 공원으로 조성한 구로구의 대표적인 공원이다. 도심 속에 자연과 휴식이 어우러진 공간으로, 지역 주민들에게 휴식과 여가를 제공한다. 
고척근린공원은 넓은 잔디밭, 산책로, 운동기구, 어린이 놀이시설 등 다양한 시설이 구비되어 있으며, 가족 단위 방문객들에게 특히 인기가 많다. 또한, 공원 내에는 산책을 하거나 운동을 즐길 수 있는 공간이 마련되어 있어 주민들의 건강한 라이프스타일을 지원한다.","<a href=""https://www.guro.go.kr/www/contents.do?key=2996"" target=""_blank"" title=""새창 : 구로구청으로 이동"">https://www.guro.go.kr/</a>",상시 개방,연중무휴,,
2591799,12,고척동 고인돌,서울특별시 구로구 고척동,산 8,7,126.8473068338,37.5086169645,,http://tong.visitkorea.or.kr/cms/resource/28/3401728_image2_1.JPG,Type3,HS,HS01,HS011000,"구로구 고척동에 있는 청동기시대 무덤이다. 고척고등학교 뒷산 삼국시대의 토성인 신정리 토성 경내에 있다. 이 고인돌은 1998년 서울대 조사단에 의해 처음 발견되었는데 그 후 실시된 관련분야 교수들의 조사에서 덮개돌의 주변에 덮개돌과 동일한 형태의 돌들이 존재하지 않는 것으로 보아 원래의 위치에서 벗어난 것으로 보인다는 의견이 제시되었다. 또한 규모는 크지 않지만, 돌방이 확인되었으며, 굄돌 등의 배치 상황으로 미루어 고인돌로 추정케 한다. 고척동 고인돌은 구로구에서 유일한 고인돌로서 주변의 고척동 유물산포지 등과 더불어 청동기시대 주변 지역 일대의 문화상 이해에 좋은 자료가 된다. 이곳은 구로올레길 코스에 있으므로 가볍게 산책을 하면서 함께 둘러보는 것도 좋다.","<a href=""https://www.guro.go.kr/www/contents.do?key=3008&"" target=""_blank"" title=""새창 : 구로구청으로 이동"">https://www.guro.go.kr</a>",상시 개방,연중무휴,,
2453179,12,고촌이종근기념관,서울특별시 서대문구 충정로 8,,14,126.9631392793,37.5597464264,,http://tong.visitkorea.or.kr/cms/resource/45/3462945_image2_1.jpg,Type3,EX,EX06,EX061000,"고촌이종근기념관은 종근당 창업자인 고촌 이종근 회장의 철학과 업적을 기리고, 실패를 두려워하지 않는 도전의 자세와 검소한 삶 속에서도 어려운 이웃과 함께했던 나눔의 정신을 남기고자 마련된 종근당 창업 전시관이다.
또한 고촌이종근기념관은 국내외 의약사를 함께 관람할 수 있는 제약박물관이기도 하다. 고촌 이종근 회장의 일생과 종근당의 발전 과정, 국내외 의약사의 흐름을 이해할 수 있는 제1전시실과 고촌의 도전과 나눔의 정신 등을 직접 체험해 볼 수 있는 체험관 형식의 제2전시실로 구성되어 있다.","<a href=""https://www.kochonhall.or.kr/"" target=""_blank"" title=""새창 : 고촌홀 홈페이지로 이동"">https://www.kochonhall.or.kr/</a>","- 하절기(3~10월) 10:00~17:00<br>
- 동절기(11~2월) 10:00~16:00",국경일 / 공휴일,,
749192,12,공덕동 족발골목,서울특별시 마포구 만리재로 19 (공덕동),,13,126.9533433790,37.5445785695,,http://tong.visitkorea.or.kr/cms/resource/23/3384423_image2_1.JPG,Type3,VE,VE04,VE040100,"시장 골목 한쪽에서 시작한 족발집이 골목을 이루고 시장 상권보다 오히려 더 활발하게 손님을 모으고 있는 곳이 있다. 그곳이 바로 공덕동 족발골목이다. 30년 전 시장 한쪽에 자리 잡은 2평짜리 식당이 족발골목의 뿌리다. 당시 시장 사람들의 식사를 위해 순댓국을 끓였고 팍팍한 생활을 달랠 술안주로 족발을 만들어 냈다. 순댓국과 족발은 그렇게 시장 사람들의 속과 마음을 달래주면서 점차 식당이 잘 되자 시장 안의 가방 가게가 업종을 변경해 순대와 족발을 팔기 시작했다. 이렇게 주변에 족발집이 늘어나면서 어느덧 이 골목이 족발 골목으로 자리 잡았다. 세월이 흐르며 손님이 시장 사람들에서 학생과 주변 직장인들로 늘어가며, 손님들은 낮에는 나이 드신 분들이 많고 저녁에는 젊은 사람들이 많다. 나이 든 분들은 청춘 시절, 이 골목에서 술잔을 나누었던 추억을 찾아오고 젊은이들은 그들의 추억을 만들며 활기찬 밤 술자리를 만들어 간다. 손님도 세대가 바뀌었지만 이 골목 식당 가운데는 대를 이어 순댓국을 팔고 족발을 만드는 집도 있으니 오래된 옛 맛을 찾아가  보는 것도 괜찮다.","<a href=""https://korean.visitseoul.net/restaurants/%EC%A1%B1%EB%B0%9C%EA%B3%A8%EB%AA%A9_/28336"" target=""_blank"" title=""새창 : 비짓서울로 이동"">https://korean.visitseoul.net/</a>",점포 별로 상이함,점포 별로 상이함,,
3428259,12,관악도시농업공원,서울특별시 관악구 광신길 142 (신림동),,5,126.9271202346,37.4649234640,,http://tong.visitkorea.or.kr/cms/resource/77/3428277_image2_1.jpg,Type1,NA,NA05,NA050100,"서울특별시 관악구에 있는 도시농원업으로, 도시민들에게 농업 체험의 기회를 제공하고 자연과 교감을 느끼면서 보호적인 삶의 방식을 체험할 수 있는 공간이다. 이 곳은 도시안에서도 농업 활동을 체험할 수 있도록 다양한 시설과 프로그램을 공원에 있도록 하기 위해 나만의 링과 교육의 장으로 자리 잡고 있다.",cityfarmer.seoul.go.kr/,수요일 ~ 일요일 10:00~17:00,"매주 월, 화, 공휴일 휴무",,
126480,12,관악산,서울특별시 관악구 관악로,대학동 일대,5,126.9540987991,37.4484036407,,http://tong.visitkorea.or.kr/cms/resource/74/3589374_image2_1.jpg,Type1,NA,NA01,NA010100,"서울시 한강 남쪽에 솟아 있는 관악산(632.2m)은 산 정상부의 바위가 갓을 쓰고 있는 모습을 닮아 관악산이라고 부르게 되었다. 1973년 관악구가 영등포구에서 분구되면서 산 이름이 구의 명칭이 되었다. 1968년에 도시자연공원으로 지정되었으며 오늘날에는 수많은 서울 시민이 즐겨 찾는 휴식처로 서울의 명소가 되었다. 관악산 곳곳에 드러난 암봉들이 깊은 골짜기와 어울려 험준한 산세를 이루고 있는 관악산은 도심에서 가까워 누구나 하루 일정으로 산에 오를 수 있으며, 봄에는 관악산 입구 쪽으로 벚꽃이 만발하고, 철쭉이 필 때는 철쭉제가 열리기도 한다. 여름의 짙은 녹음과, 계곡 깊은 곳에 동폭포, 서폭포의 물소리가 장엄하고 가을에는 단풍, 겨울에는 설경이 명산 관악의 면모를 자랑하고 있다. 관악산 정상에는 조선 태조 이성계가 서울을 도읍지로 정할 때 연주사와 원각사 두 절을 지어 화환에 대처했다고 하며, 정상의 원각사와 연주암을 비롯하여 크고 작은 사찰과 암자가 있다. 아슬아슬한 벼랑 위에 자리 잡고 있는 연주대는 관악산의 모든 등산로가 집결하는 곳이다. 관악산에는 무장애 숲길 등반코스가 조성되어 있고, 등산로도 여러 곳이 있다. 관악구 신림동 서울대학교 입구에서 시작하는 등산로가 대표적이고, 경기도 과천시 중앙동 과천중학교 뒤편으로 오르는 길이 있다.","<a href=""https://korean.visitseoul.net/nature/%EA%B4%80%EC%95%85%EC%82%B0_/4399"" target=""_blank"" title=""새창 : 비짓서울 홈페이지로 이동"">https://korean.visitseoul.net/</a>",,연중무휴,,
3081140,12,관악산자연공원,서울특별시 관악구 신림동,산27-1,5,126.9455546273,37.4663402951,,http://tong.visitkorea.or.kr/cms/resource/38/3081138_image2_1.JPG,Type3,NA,NA04,NA040500,"관악산자연공원은 서울특별시 관악구에 위치한 관악산에 조성된 공원이다. 1968년 도시자연공원으로 지정되었으며 수많은 서울 시민들이 즐겨 찾는 서울의 명소이다. 관악산자연공원은 정자, 분수 등이 설치되어 있는 휴식공간인 호수공원, 어린이도서뿐만 아니라 환경도서도 보유하고 있는 숲속 도서관, 우리 고유의 전통문화를 재현해 선보이는 전통 야외 소극장, 무장애숲길, 전망대 등으로 구성되어 있다. 식재된 주요 식물로는 소사나무, 산구절초, 산개나리, 할미밀빵 등이 있으며 천연기념물로는 회나무, 노거수 굴참나무 등이 있다.","<a href=""https://parks.seoul.go.kr/parks/detailView.do?pIdx=36"" target=""_blank"" title=""새창 : 홈페이지로 이동"">https://parks.seoul.go.kr</a>",상시 개방,연중무휴,,
2779550,12,관음사국기봉,서울특별시 관악구 신림동,산 56-2,5,126.9383143508,37.4403515161,,http://tong.visitkorea.or.kr/cms/resource/56/2796456_image2_1.jpg,Type3,NA,NA01,NA010100,"서울 한강 남쪽에 우뚝 솟은 관악산은 관악구 신림동과 경기도 안양시, 과천시의 경계를 이룬다. 산꼭대기는 바위로 이루어져 있는데, 그 모습이 마치 갓을 쓰고 있는 것처럼 보여 관악산이란 이름이 붙었다. 대중교통으로도 쉽게 찾아갈 수 있을 만큼 접근성도 좋고 웅장한 바위 능선을 자랑해 등산객들에게 늘 인기 코스로 꼽힌다. 그중에서도 통일신라 때 창건한 사찰인 관음사를 끼고 국기봉으로 오르는 길은 짧고 굵게 관악산의 매력을 즐길 수 있는 코스로 통한다. 바위가 많고 일부 급경사를 이루는 구간도 있지만, 정상에 오르면 그동안의 수고로움을 잊을 만큼 탁월한 전망이 펼쳐진다. 우수경관 전망대란 이름으로 느긋하게 쉬어갈 수 있는 공간도 마련돼 있다. 관음사 국기봉은 성인 기준으로 2시간이면 넉넉하게 오르내릴 수 있다.","<a href=""https://parks.seoul.go.kr/parks/detailView.do?pIdx=36"" target=""_blank"" title=""새창 : 서울의 공원 홈페이지로 이동"">https://parks.seoul.go.kr/parks/</a>",상시 개방,연중무휴,,
1605990,12,관훈동 민씨 가옥 (구 부마도위박영효가옥),서울특별시 중구 퇴계로34길 28,,24,126.9935754302,37.5585082277,,http://tong.visitkorea.or.kr/cms/resource/88/3077788_image2_1.JPG,Type3,HS,HS01,HS010400,"관훈동 30-1에 위치한 민씨 가옥은 조선 말기의 정치인이자 친일인명사전에 등록된 민영휘 일가가 거주한 곳이다. 민영휘는 일제강점기 판서, 한일은행 은행장 등을 역임한 관료로 막대한 부를 누렸으며 1895년 안국동으로부터 교동으로 이주하면서 관훈동 일대의 토지를 매입해 일가를 거주하게 했다. 1936년 기준으로 총 6동의 목조와즙과 2층 양옥이 있었던 것으로 보이나 1976년 가옥 중 일부가 멸실되고 안채 일부와 문간채 등 목조와즙 2동만 남아있다. 1977년 서울시 민속자료로 지정되었다. 민영휘와 그 본처 대방마마 평산신씨와 입양한 장남 민형식 등은 경운동에, 첩인 해주마마 안유풍과 그 아들 민대식은 관훈동에 살았으며 그 자식들까지 경운동과 관훈동 일대에 한데 모여 살았다. 관훈동 30번지는 1970년대까지 민영휘의 자손들이 소유하고 있었다가 경매와 매매를 거친 끝에 1986년 경인미술관이 소유권을 갖게 되었다. 경인미술관 소유 당시인 1995~1998년 남산골 한옥마을로 안채 일부와 문간채가 이전 복원되어 오늘에 이르고 있다.","남산골한옥마을 <a href=""https://www.hanokmaeul.or.kr/"" target=""_blank"" title=""새창 : 남산골한옥마을 홈페이지로 이동"">https://www.hanokmaeul.or.kr/</a><br>국가유산청 <a href=""https://www.heritage.go.kr/heri/cul/culSelectDetail.do?ccbaCpno=2441100180000&pageNo=1_1_1_1&sngl=Y"" target=""_blank"" title=""새창 : 국가유산청 홈페이지로 이동"">https://www.heritage.go.kr</a>","- 하절기(4월~10월) 09:00~21:00<br>
- 동절기(11월~3월) 09:00~20:00","매주 월요일 (단, 월요일이 공휴일인 경우 정상 운영)",,
130938,12,광나루안전체험관,서울특별시 광진구 능동로 238,,6,127.0771624650,37.5513105664,,http://tong.visitkorea.or.kr/cms/resource/02/3540002_image2_1.jpg,Type1,VE,VE12,VE120300,"서울어린이대공원 정문 옆에 위치한 광나루안전체험관은 화재나 지진, 태풍 등 각종 재난 상황을 가상으로 설정하여 일반 시민들이 직접 체험하면서 안전교육을 받을 수 있는 국내 최초의 재난 체험관이다. 각종 재난·재해로부터 불특정 다수인들에 대하여 재난에 대처할 수 있는 능력을 기르고 안전 의식을 함양할 수 있는 가상 재난 체험 시설의 필요성이 제기되면서 광나루안전체험관이 설립되게 되었다. 
광나루안전체험관은 각종 체험시설을 통하여 운영요원(소방공무원 등)에 의한 설명과 함께 직접 체험할 수 있다. 체험하기 위해서는 온라인 사전 예약은 필수이며, 긴바지와 양말을 착용해야 한다. 반바지, 치마, 맨발의 경우 체험이 불가하다.","<a href=""https://fire.seoul.go.kr/gwangnaru/main/main.do"" target=""_blank"" title=""새창 : 광나루안전체험관 홈페이지로 이동"">https://fire.seoul.go.kr</a>","09:00~17:00<br>
※ 인터넷 사전 예약 필수",,,
3065938,12,광나루자전거공원,서울특별시 강동구 선사로 83-19 (천호동),,2,127.1179978077,37.5453008895,,http://tong.visitkorea.or.kr/cms/resource/16/3065916_image2_1.jpg,Type3,VE,VE03,VE030400,광나루자전거공원은 강동구에 위치한 광나루한강공원과 이어진 자전거 산책로이다. 한강을 바라보며 자전거를 탈 수 있으며 보다 주변 공원과 함께 산책을 즐길 수 있다. 한강 야경과 노을을 보면서 달릴 수 있다는 것이 가장 큰 장점이다. 자전거를 대여할 수도 있지만 인근에 타이어 공기 주입기가 있어 개인 자전거를 가져와 타기에도 편하다. 어린이 자전거 교육장과 자전거 트랙도 있어 가족과 연인끼리 여유롭게 탈 수도 있다. 광나루자전거공원의 입구는 수도권 지하철 암사역 3번 출구에서 약 900m 정도 떨어진 거리에 있다.,,상시 개방,연중무휴,,
2500218,12,광흥당,서울특별시 마포구 독막로21길 15,,13,126.9286760682,37.5486359893,,http://tong.visitkorea.or.kr/cms/resource/35/3393035_image2_1.JPG,Type3,EX,EX01,EX010100,"마포 와우산 자락에 자리 잡고 있는 광흥당은 공민왕 사당 오른쪽에 있는 한옥 문화공간으로 전통문화의 소중함을 일깨우기 위해 다양한 프로그램을 운영하고 있다. 마포구의 향토 사료 발굴‧전시 및 청소년 등을 위한 교육 프로그램을 운영하고 있다. 정월대보름에는 근대 이전의 풍속과 생활 모습이 반영되어 민간에 전해져 오는 정월대보름 놀이, 연날리기, 지신밟기, 석전, 척사대회를 진행하고 있다. 성년의 날에는 전통 성년식이 진행되며, 한국의 전통 국악을 알리기 위한 국악한마당, 마포 국악울림 공연 등 다채로운 행사가 진행된다. 또한 공민왕 사당제를 구민 화합 및 축제의 장으로 발전시켰으며 장구반, 판소리, 국선도 등의 문화강좌가 유료로 열리고 있다.","<a href=""http://www.mapocc.or.kr/page/page5"" target=""_blank"" title=""새창 : 마포문화원 홈페이지로 이동"">http://www.mapocc.or.kr</a>",09:00~18:00,매주 토요일~일요일,,
2761661,12,구강사,서울특별시 강동구 천중로 64 (천호동),,2,127.1288468315,37.5449094647,,http://tong.visitkorea.or.kr/cms/resource/83/3463583_image2_1.jpg,Type3,HS,HS03,HS030100,"서울 강동구 천호동에 있는 구강사는 서울 동부지역 천태법음 요람이자 포교도량으로 대한불교천태종 소속 사찰이다. 5층 단독 건물로 5층에 법당이 있으며, 3층에는 교육시설인 금강유치원이 있다. 정기법회는 매월 넷째 주 일요일 오전 11시에 열리고 있으며, 불교대학도 운영되고 있다.",,09:00~18:00,연중무휴,,
3447964,12,구로거리공원,서울특별시 구로구 공원로 73-1 (구로동),,7,126.8883643588,37.5030794513,,http://tong.visitkorea.or.kr/cms/resource/36/3455136_image2_1.jpg,Type1,NA,NA05,NA050100,"지역 주민들의 휴식과 여가를 위한 공간이며, 구로구의 도시적 특성과 자연을 조화롭게 담아낸 공간이다. 공원에서는 종종 지역 축제, 공연, 전시 등 다양한 문화 행사가 열린다. 문화 행사로 지역 사회의 유대감을 강화시킨다는 장점이 있다.",https://www.guro.go.kr/www/index.do,,연중개방,,
2553960,12,구로공단 노동자생활체험관,서울특별시 금천구 벚꽃로44길 17 (가산동),,8,126.8836486898,37.4828567166,,http://tong.visitkorea.or.kr/cms/resource/88/3400288_image2_1.JPG,Type3,EX,EX06,EX061000,"금천 순이의 집, 구로공단 노동자생활체험관은 구로공단 역사기념사업의 일환으로 구로공단의 역사와 노동자의 삶을 다룬 금천구의 근현대사 체험관이다. 대한민국 산업화와 민주화에 크게 기여한 구로공단 노동자들의 공로를 기념하고 후대에 전할 목적으로 설립되었다. 1960년대 후반부터 80년대까지 구로공단에서 일을 했던 여공들이 기거했던 쪽방을 재현한 뒤 관람객으로 하여금 당시 여공들의 퇴근 후 생활상을 직접 체험할 수 있도록 조성하였다. 체험프로그램으로는 순이의 하루 AR체험, 역사도보투어, 옛날 과자 먹기, 키링만들기, 순이네컷 사진촬영 등 다양한 체험이 준비되어 있다.","<a href=""https://gchistory.kr/"" target=""_blank"" title=""새창 : 구로공단 노동자생활체험관 홈페이지로 이동"">https://gchistory.kr/</a>",10:00~17:00 (입장마감 16:30),매주 일요일 / 1월 1일 / 설·추석 연휴,,
2591829,12,구로근린공원(이씨레물리노공원),서울특별시 구로구 가마산로25길 21 (구로동),,7,126.8899921540,37.4971718329,,http://tong.visitkorea.or.kr/cms/resource/77/3399877_image2_1.JPG,Type3,VE,VE03,VE030400,"구로근린공원은 2008년 8월 지역 주민들을 위한 휴식 공간으로 건립되었다. 이곳은 구로구민회관 등의 다양한 문화 예술 공간을 끼고 있어 가족들의 문화 나들이 공간으로 적합하다. 공원 입구에는 구로구와 자매도시인 프랑스 이씨레물리노시와의 우정을 다지는 조형물이 있다. 또한 구로근린공원을 중심으로 대공연장, 야외무대, 분수대, 실내 쉼터, 야외 벤치들이 모여 있으며, 인근 영림중학교의 담장 개방으로 생긴 학교 공원까지 이어진다.
구로근린공원은 구로거리공원, 구로도서관과 10분 내외의 거리에 있는 아트밸리길의 시작점이며, 한국문화예술교육진흥원과 맞닿아 있다. 가장 대표적인 문화 공간으로는 구로근린공원 좌측에 있는 구로아트밸리예술극장을 꼽을 수 있다.
구로근린공원에서 영림중학교 정문까지 이어지는 150m의 길은 ‘서울시 걷고 싶은 거리’로 지정되었는데, 양쪽으로 은행나무가 길게 늘어서 있어 좋은 산책 코스가 되고 있다.",,상시 개방,연중무휴,,
2591803,12,구로기계공구단지,서울특별시 구로구 구로중앙로 197 (구로동),,7,126.8785568966,37.5038652961,,http://tong.visitkorea.or.kr/cms/resource/47/3392947_image2_1.JPG,Type3,VE,VE05,VE050100,"서울시 구로구에 위치한 구로기계공구단지는 기계공구 및 산업용품 유통업체가 밀집된 지역이다. 이곳은 5만여 종의 산업용품을 블록별·동별·품목별로 나누어 배치한 국내 최초의 집단 산업용품 유통 상가 단지로 약 1,700여 개 업체가 입주해 있다. 지상 33개 동의 건물과 상가들이 줄을 지어 있으며, 상가는 4개의 블록, 1동~32동으로 이루어져 있다. A블록은 고무 제품, B블록은 전기 자재, C블록은 기계 공구, D블록은 철강 및 비철금속을 취급한다. 블록 안의 각 동은 서로 다리로 연결되어 있어 건물 간 접근성이 좋다. 단지 주변에도 기계와 공구 관련 상가들이 입주해 있으며 구로역과 서부간선도로가 인접하여 있어 교통 입지가 뛰어나다. 구로기계공구상업단지는 수도권 지하철 1호선 구로역 바로 앞에 위치해 있다.","<a href=""http://www.koreatools.co.kr/main.php"" target=""_blank"" title=""새창 : 서울구로기계공구상업단지조합 홈페이지로 이동"">http://www.koreatools.co.kr</a>",업체 별로 상이함,업체 별로 상이함,,
2733981,12,구로리어린이공원,서울특별시 구로구 구로중앙로 13 (구로동),,7,126.8918449243,37.4914308667,,http://tong.visitkorea.or.kr/cms/resource/43/3468043_image2_1.jpg,Type3,VE,VE03,VE030100,"구로리공원은 서울시 구로구 구로동에 위치한 어린이 공원이다. 기존의 단조롭고 노후된 어린이 공원을 창의력을 키울 수 있는 공원으로 새롭게 단장하여 조성되었다. 어린이가 이용할 수 있는 다양한 시설과 조경을 갖추고 있다. 어린이전용 공원으로 운영되고 있어, 어린이 및 보호자 외 출입을 금지한다.",,"- 동절기(11월~2월) 09:00~18:00<br>
- 하절기(3월~10월) 09:00~20:00",연중무휴,,
2357761,12,구룡산(서울),서울특별시 서초구 염곡동,,15,127.0615995465,37.4690781677,,http://tong.visitkorea.or.kr/cms/resource/90/3530390_image2_1.jpg,Type3,NA,NA01,NA010100,"구룡산(306m)은 대모산과 하나의 줄기를 가진 산으로 서초구 염곡동과 강남구 개포동 일대에 위치해 있다. 높거나 험하지 않아 부담 없이 등산하기에 좋다.
구룡산은 옛날 임신한 여인이 용 10마리가 하늘로 승천하는 것을 보고 놀라 소리를 지르는 바람에 1마리가 떨어져 죽고 9마리만 하늘로 올라가 구룡산이라 불리게 되었고, 하늘에 오르지 못한 1마리는 좋은 재목, 좋은 재산인 물이 되어 양재천이 되었다는 전설이 있다. 
정상보다 낮은 이 산의 주봉(主峰)은 국수봉(國守峰)이라고 하는데, 조선시대 전부터 정상에 봉수대(烽燧臺)가 있어 국가를 지킨다고 해서 붙여진 것으로 이곳에는 바위굴이 있어 봉수군(烽燧軍)이 기거했다고 한다.","<a href=""https://www.seocho.go.kr/site/seocho/04/10405010800002015070703.jsp"" target=""_blank"" title=""새창 : 서초구청 홈페이지로 이동"">https://www.seocho.go.kr</a>",상시 개방,연중무휴,,
126524,12,국립4·19민주묘지,서울특별시 강북구 4.19로8길 17,,3,127.0091159038,37.6484480504,,http://tong.visitkorea.or.kr/cms/resource/37/3393837_image2_1.JPG,Type3,HS,HS01,HS010800,"삼각산(북한산) 기슭의 국립 4·19 묘지는 1960년 3·15 부정선거를 자행한 권력에 맞서다 1960년 4·19 혁명 때에 희생된 224분이 안장되어 있으며, 이를 기리는 기념탑이 세워져 있다. 기념탑 중앙에는 의롭게 죽어간 이들을 기리는 탑문이 새겨져 있다. 135,901㎡의 묘지 경내에는 소나무와 향나무, 주목과 단풍나무 등으로 아담하게 꾸며져 있으며, 1,652.9㎡ 규모의 기념관과 영정을 모신 유영봉 안소는 한식 목조건물이 330.58㎡ 규모로 확장되어 있다. 그 외에 상징문, 민주의 뿌리, 정의의 불꽃 등 조각 작품과 연못이 있으며, 보도블록을 예쁘게 깔아 놓은 산책로와 야외 의자도 있다. 벚꽃이 피는 5월, 공원에서 바라보는 삼각산(북한산)은 어머니 품과 같은 아늑함과 화려함을 동시에 느낄 수 있으며, 일몰의 풍경은 장관이다.","<a href=""https://www.mpva.go.kr/419/index.do""target=""_blank"" title=""새창: 국립4.19민주묘지 공식 홈페이지로 이동""> www.mpva.go.kr/419</a>","[출입문 개방시간]<br>
- 하절기(3월~10월) 06:00~18:00<br>
- 동절기(11월~2월) 07:00~17:00<br>
[기념관 / 봉안소]<br>
- 하절기(3월~10월) 09:30~17:30<br>
- 동절기(11월~2월) 09:30~16:30","- 묘지 : 연중무휴 <br> - 기념관 : 매주 월요일<br> ※ 단, 월요일이 휴일일 경우 익일 휴무",,
1604580,12,국립중앙박물관 전통염료식물원,서울특별시 용산구 서빙고로 137 (용산동6가),,21,126.9791278024,37.5211706397,,http://tong.visitkorea.or.kr/cms/resource/52/3505552_image2_1.jpg,Type1,NA,NA04,NA040700,"전통염료식물원은 국립중앙박물관 후원에 위치한 식물원으로, 한국 전통 염료문화의 소중함을 되살리는 공간이다. 국립중앙박물관에서는 우리 조상들이 색채를 연출하기 위해 이용하였던 전통염료식물들을 이곳에 심고 가꿈으로써 전통염료문화를 되살리고 메마른 우리의 마음을 풍요롭게 하기 위해 전통염료 식물원을 마련했다. 이곳은 고증을 거친 다양한 염료식물과 조경수들이 조화롭게 식재되어 있어 방문객들에게 전통 염색에 사용되는 식물들의 역할을 알리는 교육적인 장소이다. 전통염료식물원은 자연과의 교감을 통해 우리의 전통을 이해하고, 염료식물의 아름다움을 감상할 수 있는 기회를 제공한다. 이곳은 전통문화에 대한 깊은 이해를 돕고, 염색의 역사와 과정을 체험할 수 있는 특별한 공간이다. 또한, 봄이 되면 매화꽃이 만개하여 숨은 사진 명소로 유명하다.","<a href=""http://www.museum.go.kr/"" target=""_blank"" title=""새창 : 국립중앙박물관 홈페이지로 이동"">http://www.museum.go.kr</a>",07:00~22:00<br>※ 자세한 사항은 전화문의 요망,1월 1일 / 설·추석 연휴<br>※ 자세한 사항은 전화문의 요망,,
2591805,12,국제음식문화거리(INTERNATIONAL FOOD STREET),서울특별시 구로구 새말로 102,,7,126.8914195585,37.5058319638,,http://tong.visitkorea.or.kr/cms/resource/28/3467228_image2_1.jpg,Type3,VE,VE04,VE040100,"국제음식문화거리가 조성되는 곳에는 신도림역, 대형 쇼핑몰, 먹자골목 등이 위치해 있어 하루 약 2만 명 이상이 왕래하고 있다. 연간 1만 5,000여 명의 교육생이 방문하는 유네스코 아태 교육원이 위치한 지역이기도 하다. 다양한 국가의 음식을 판매하고 있어 골라 먹는 재미가 쏠쏠하다. 또한 문화축제, 플리마켓 등 다양한 문화행사도 진행하고 있다.",,점포별 상이,점포별 상이,,
126827,12,국회의사당,서울특별시 영등포구 의사당대로 1 (여의도동),,20,126.9166304856,37.5294241180,,http://tong.visitkorea.or.kr/cms/resource/82/3573082_image2_1.jpg,Type1,VE,VE01,VE010100,"국회의사당은 1975년 8월에 준공되었으며, 현대식 건물양식에 한국의 전통미를 가미하였다. 단일 의사당 건물로는 동양 최대라는 평을 듣고 있다. 국회의사당의 회녹색 돔은 동판으로 만들어졌는데, 처음 만들어졌을 때는 동판 자체의 붉은색을 띠었지만, 시간이 지나면서 동판이 녹슬어 점점 지금과 같은 색으로 변하게 되었다. 밑지름이 64m이고, 무게가 1,000톤이나 되는 이 돔은 회백색의 처마와 파라펫, 높직한 기단과 8각 기둥의 24개 각주가 받쳐주고 있다. 높이 32.5m인 24개의 각주는 24 절기를 상징하며, 전면의 기둥 8개는 우리나라 전국 8도를 상징한다. 또한 의사당을 둘러싸고 있는 24개의 기둥은 국민의 다양한 의견을 뜻하며 돔 지붕은 국민의 의견들이 찬반토론을 거쳐 하나의 결론으로 모아진다는 의회민주정치의 본질을 상징한다.","<a href=""https://www.assembly.go.kr/portal/main/contents.do?menuNo=600164"" target=""_blank"" title=""새창 : 대한민국국회 홈페이지로 이동"">https://www.assembly.go.kr</a>",홈페이지 참조,홈페이지 참조,,
2591809,12,궁동저수지 생태공원,서울특별시 구로구 궁동,42-2,7,126.8293197915,37.5012175047,,http://tong.visitkorea.or.kr/cms/resource/02/3570402_image2_1.jpg,Type1,NA,NA04,NA040500,"궁동저수지생태공원은 옛 궁동저수지의 열악한 환경 개선과 더불어 친환경적인 공간을 조성하여 구로구 지역 주민에게 휴식 공간을 제공하고자 조성되었다. 이곳은 생태탐방로, 산책로, 전통 한식 정자, 휴게시설, 체육시설 등이 있어 산책하기 좋으며 25,000여 본의 다양한 꽃과 나무가 식재되어 있다. 동식물을 관찰할 수 있는 공간과 어린이놀이터도 조성되어 있다. 생태연못에는 100여 마리의 비단잉어들이 저수지에 노닐고 있는 등 서울에서 보기 드문 아름다운 풍경과 생태 환경을 자랑한다. 궁동저수지생태공원에는 봄에는 철쭉이 피고 여름에는 연꽃이, 가을에는 갈대가, 겨울에는 얼어버린 저수지의 풍경이 사계절 내내 아름다운 곳이다. 이곳과 인접하여 정선옹주묘역이 있으므로 연계해서 둘러보는 것도 좋다.","<a href=""https://www.guro.go.kr/www/contents.do?key=2980&"" target=""_blank"" title=""새창 : 홈페이지로 이동"">https://www.guro.go.kr</a>",상시 개방,연중무휴,,
1606052,12,극락사(서울),서울특별시 중랑구 망우로91길 100 (망우동),,25,127.1132965420,37.6047522315,,http://tong.visitkorea.or.kr/cms/resource/09/3568509_image2_1.jpg,Type1,HS,HS03,HS030100,"1968년 4월 10일 건립된 극락사는 태조 이성계가 ‘절골’이라 이름 붙인 곳에 위치하고 있다. 조선 시대에 창건된 유서 깊은 사찰로, 불교의 전통적인 건축 양식을 그대로 간직하고 있으며, 고요한 분위기 속에서 마음의 평화를 찾을 수 있는 곳이다. 극락사에는 아름다운 정원과 다양한 불교 유물들이 전시되어 있어 둘러보기 좋다. 많은 이들이 이곳에서 마음의 평화를 찾고자 방문한다.",,상시 개방,연중무휴,,
298109,12,금선사(서울),서울특별시 종로구 비봉길 137,,23,126.9534467684,37.6207780461,,http://tong.visitkorea.or.kr/cms/resource/31/3542831_image2_1.jpg,Type1,HS,HS03,HS030100,"금선사는 아름다운 자연환경과 솔 내음이 가득한 아름다운 사찰이다. 청와대와 경복궁이 위치한 인왕산이 바로 보이는 종로구 구기동에 소재하고 있다. 이북5도청을 지나서 북한산국립공원 비봉코스를 따라 올라가다 보면 첫 번째 관문인 삼각산 금선사의 일주문을 만나게 된다. 도량의 전각은, 법회를 보는 반야전을 지나면 200년이 넘은 소나무가 중앙에 있으며, 소나무를 지나서 108계단을 오르면 금선사의 주불이 모셔진 대적광전이 사찰의 가장 중심부이면서 가장 높은 곳에 그 위용을 과시하고 있다. 우측으로는 삼성각이 있고, 북한산의 일급수가 모였다가 흘러내리는 홍예교가 자리하고 있다.","<a href=""http://www.geumsunsa.org/main.php"" target=""_blank"" title=""새창: 금선사 홈페이지로 이동"">http://www.geumsunsa.org/</a>","상시 개방<br>
※ 자세한 사항은 전화문의 요망",연중무휴,,
3082221,12,금암문화공원,서울특별시 은평구 진관동,53-5,22,126.9179965551,37.6444024400,,http://tong.visitkorea.or.kr/cms/resource/15/3082215_image2_1.JPG,Type3,VE,VE03,VE030500,"금암문화공원은 은평구 진관동 구파발에 있는 공원으로 조선 후기를 빛냈던 할아버지와 손자의 이야기가 있는 은평의 역사 문화가 깃든 곳이다. 이곳은 조선시대 군사정보를 전달하기 위해 파발꾼이 말을 바꿔타는 금암참이 있던 자리로, 왕이 능행 시 중간에 쉬어가는 길목이었다. 조선 22대 임금인 정조가 조부 숙종의 명릉을 참배하러 다녀오던 길에 휴식 차 이곳 금암발참에 들러, 조부 영조의 선정을 회상하면서 지은 글을 비문에 새긴 금암기적비가 있다. 조선시대 이곳을 지나는 사람은 누구든지 말에서 내려야 한다는 글이 새겨져 있는 하마비도 있다. 금암문화공원에는 LED 조명, 멀티미디어, 센서 등 첨단 IT 기술을 다양하게 적용하여 놀이와 게임 교육을 통해 흥미를 주는 어린이 놀이터가 있다. 모래 놀이터도 있는데, 옆에 수돗가도 있어 놀이 후 손을 씻을 수 있다. 어린이 놀이터 건너편에는 어른들 운동기구가 있어서 아이와 어른들이 같은 공간에서 운동을 즐길 수 있다. 운동하면 동력에 의해 불이 들어오는 운동기구가 있어서 야간에 운동하면 재미가 더해진다.",,상시 개방,연중무휴,,
2553946,12,금천예술공장,서울특별시 금천구 범안로15길 57,,8,126.8919733235,37.4688834875,,http://tong.visitkorea.or.kr/cms/resource/77/3400277_image2_1.JPG,Type3,EX,EX06,EX061000,"금천예술공장은 2009년 인쇄공장을 리모델링한 시각예술 전문 국제 창작 레지던시이다. 국내‧외 예술가에게 24시간 사용 가능한 창작스튜디오를 제공하며, 오픈스튜디오, 다빈치 크리에이티브 페스티벌 등의 프로그램을 통하여 시민과 예술가의 접점을 만들어가고 있다. 예술가들을 위한 창작스튜디오 19실과 대형 작업을 위한 창고동, 전시실(PS333) 및 워크숍룸 등을 갖추고 있다.","<a href=""https://www.sfac.or.kr/artspace/artspace/geumcheon_main.do""target=""_blank"" title=""새창: 금천예술공장 홈페이지로 이동"">https://www.sfac.or.kr/artspace</a>",09:00~18:00,주말 및 공휴일,,
2655928,12,기억의 터(일본군 위안부),서울특별시 중구 퇴계로26가길 6,(예장동),24,126.9902812673,37.5591608706,,http://tong.visitkorea.or.kr/cms/resource/67/3412267_image2_1.JPG,Type3,EX,EX07,EX070200,"일본군 위안부 기억의 터는 서울특별시 중구 예장동 남산에 있는 공간으로 2016년 개장했다. 기억의 터는 위안부 피해자 할머니들을 기리는 추모공원으로 그들의 증언록과 피해기록, 일제의 만행 등을 기록한 내용을 중심으로 조성되었고 인권과 평화의 의미를 담고 있는 공간이다. 기억의 터·기림비 상설 해설프로그램이 있어서 남산 일본군 위안부 기림비(정의를 위한 연대)와 기억의 터를 잇는 남산 둘레길을 함께 걸으며 일본군 위안부 문제에 대해 올바른 이해를 하고 전문 강사와 함께 눈높이 체험활동, 인권과 평화 이야기를 나눌 수 있다.","<a href=""https://korean.visitseoul.net/attractions/%EC%9C%84%EC%95%88%EB%B6%80-%EA%B8%B0%EC%96%B5%EC%9D%98-%ED%84%B0_/19540"" target=""_blank"" title=""새창 : 홈페이지로 이동"">https://korean.visitseoul.net/</a>",상시 개방,연중무휴,,
2756575,12,긴고랑공원,서울특별시 광진구 긴고랑로 143 (중곡동),,6,127.0910359861,37.5589071568,,http://tong.visitkorea.or.kr/cms/resource/37/3468037_image2_1.jpg,Type3,VE,VE03,VE030100,"서울 광진구 아차산 인근에 위치한 근린공원으로 긴고랑길, 주몽교 등 여러 산책코스로 구성되어 있다. 아차산 안심 둘레길 구간으로 인근 주민 및 등산객들이 많이 이용하는 공원이다. 아차산과 용마산 계곡 길이 만나는 곳의 중곡동 언덕진 동네에서 벽화를 감상하며 걸을 수 있는 긴고랑길을 걷다 보면 산 입구에 다다르게 된다. ‘용마산·아차산 종합안내’와 ‘긴고랑길 아트투어’ 안내도가 설치되어 있어 이용하기 편리하다. 공원 전 구역에서 오토바이와 자전거는 출입을 금지하고 있다. 5호선 아차산역 1번 출구에서 중곡4동 주민센터 근처까지 도보로 17분 정도 걸리고, 5호선 군자역 4번 출구에서 도보로 18분 정도 소요된다.","<a href=""https://www.gwangjin.go.kr/portal/bbs/B0000081/view.do?nttId=139477&menuNo=200280&pageIndex=3"" target=""_blank"" title=""새창 : 광진구청 홈페이지로 이동"">https://www.gwangjin.go.kr/</a>",상시 개방,연중무휴,,
2946113,12,길상도예,서울특별시 서초구 강남대로39길 15-9 (서초동),101호,15,127.0324406141,37.4858368100,,http://tong.visitkorea.or.kr/cms/resource/05/2947505_image2_1.jpg,Type1,EX,EX02,EX020400,"길상도예공방은 일반인을 대상으로 하는 취미반과 전문가 과정으로 나뉘어있다. 취미반 수업 중 도자기 원데이 클래스는 총 2시간 정도 작업이 진행된다. 5인 이상의 단체체험은 따로 문의를 해야 하며, 대부분 4인 이하의 인원은 소수정예 클래스로 진행된다. 1:1 또는 1:2~4로 진행되기 때문에 처음 도자기를 접해보더라도 어렵지 않게 최대한 원하는 형태로 제작해 볼 수 있다. 제작기법은 물레성형과 핸드빌딩이 있으며 원하는 도자기의 디자인에 따라 소요되는 시간이 다르므로 개수는 1인당 1개에서 최대 2개까지 가능하다. 완성품은 4주 정도의 기간이 소요되고 직접 가져가거나 택배발송도 가능하다. 길상도예공방은 <달려라 방탄>에서 BTS가 체험한 곳으로 아미들에게 유명한 도예공방이다. 지민은 뷔에게, 진은 정국에게, 뷔는 슈가에게 컵을 만들어주었다. 물레와 핸드빌딩으로 컵, 화병, 접시, 물병 등을 디자인하고 만들 수 있다. BTS 멤버들의 작품을 따라 만들어 보는 것도 재미있다.","<a href=""https://www.instagram.com/gilsang_ceramics""target=""_blank"" title=""새창 : 길상도예 인스타그램으로 이동"">https://www.instagram.com/gilsang_ceramics</a>",10:00~22:00,매주 월요일~화요일,,
128866,12,길상사(서울),서울특별시 성북구 선잠로5길 68 (성북동),,17,126.9939575925,37.5985980194,,http://tong.visitkorea.or.kr/cms/resource/72/3376572_image2_1.jpg,Type1,HS,HS03,HS030100,"길상사는 서울 성북구 성북동 삼각산 자락에 위치한 대한불교조계종 사찰이다. 1987년에 김영한 여사가 법정스님의 무소유 청빈 사상에 감동받아 7,000여 평의 대지와 40여 동의 부동산을 기증하며 길상사의 역사가 시작되었다. 법정스님은 1995년에 대법사로 등록하고, 1997년 12월 14일에 길상사로 개명하여 창건되었다.
길상사는 극락전, 설법전, 지장전, 범종각, 관세음보살상, 길상보탑, 길상화 공덕비, 법정스님 진영각 등 다양한 건축물과 시설을 자랑한다. 극락전에는 아미타부처님을 주불로 두고, 관세음보살과 지장보살을 협시보살로 봉안하고 있다. 2005년에 옛 건물을 재정비하여 지장전과 선열당(공양간)을, 2008년에는 설법전과 종각을 새로 지어 자연과 조화를 이룬 수행 공간으로 꾸몄다. 사찰 내에서는 불교와 가톨릭 신자인 최종태 조각가의 만남이 빚어낸 섬세하고 오묘한 관세음보살상이 많은 사람들을 온화하게 맞이하고 있다. 2013년에는 법정스님의 유품과 저서를 전시하는 진영각을 개원하였다. 설법전에서 불교대학, 불교입문, 요가, 사경, 선명상 등의 교육 프로그램을 운영하여 교육도량으로서의 신행을 실천하는 역할을 하고 있다.","<a href=""https://www.gilsangsa.or.kr/"" target=""_blank"" title=""새창 : 길상사 공식 홈페이지로 이동"">https://www.gilsangsa.or.kr/</a>",09:00~18:00,연중무휴,,
3451976,12,길음역롯데캐슬트윈골드상가,"서울특별시 성북구 길음로 11 (길음동, 길음역롯데캐슬트윈골드아파트)",,17,127.0234880845,37.6038534948,,http://tong.visitkorea.or.kr/cms/resource/65/3451865_image2_1.jpg,Type1,VE,VE12,VE120300,"다양한 노르웨이의 상가가 입점해 있고, 대형 수족관, 카페, 레스토랑, 병원, 생활 편의점 등이 주를 이루고있다. 외부와 반대되는 플라스틱형 상가 구조로, 시각적인 이점을 극대화한다.",https://www.youtube.com/watch?v=xVxVxZZZYYY,,,,
127859,12,난지한강공원,서울특별시 마포구 한강난지로 162 (상암동),,13,126.8851546298,37.5630252055,,http://tong.visitkorea.or.kr/cms/resource/63/3571763_image2_1.jpg,Type1,VE,VE03,VE030100,"난지한강공원은 홍제천교에서 난지천교 사이에 위치해 있다. 한강르네상스 사업으로 새롭게 조성된 난지한강공원은 노을공원, 하늘공원과 연결되는 중앙연결브릿지, 평화의 공원 연결브릿지, 복합연결통로 완공으로 공원을 이용하는 시민들의 접근성을 개선시켰다. 
평화의 공원 연결브릿지 앞에 설치된 거울분수는 난지한강공원의 랜드마크로, 물을 뿜을 때마다 아름다운 풍경을 연출하여 일곱 빛깔 무지개처럼 다양한 볼거리와 즐길거리를 제공한다. 여름철 이용할 수 있는 강변물놀이장은 과거 강변에서 물놀이하던 추억을 되살리고자 최대수심 80㎝의 물놀이장공간을 조성하여 어린아이를 동반하여 가족과 즐길 수 있는 시설이 설치되어 있다. 또한 생태습지원에 보행연결브릿지가 설치되어 자연상태의 초지 및 식물군락 등 수변에 서식하는 동물을 관찰할 수 있다. 
주변에는 난지캠핑장이 조성되어 있어 바비큐를 즐기며 야영을 할 수 있다. 난지공원에 조성되어 있는 자전거도로는 동쪽으로는 뚝섬공원, 서쪽으로는 고양시 행주대교 남단, 노을공원 하늘공원과 연결되어 있다.","<a href=""https://hangang.seoul.go.kr/www/contents/672.do?mid=478"" target=""_blank"" title=""새창 : 한강사업본부 홈페이지로 이동"">http://hangang.seoul.go.kr</a>",상시 개방,연중무휴,,
748018,12,남대문 갈치조림골목,서울특별시 중구 남대문시장길 16-17 (남창동),,24,126.9769408005,37.5597300093,,http://tong.visitkorea.or.kr/cms/resource/35/3082835_image2_1.png,Type3,VE,VE04,VE040100,"남대문 갈치조림골목은 1988년 전후로 형성되었다. 그 당시 가격이 저렴했던 갈치를 상인들의 입맛에 맞춰서 매콤하고 얼큰하게 조려 내놓았던 것이 매스컴과 입소문을 타면서 맛거리로 유명해졌다. 본래 이 일대는 갈치조림을 하는 골목이 아닌 식당가였다. 가장 먼저 갈치조림으로 메뉴를 특화한 곳은 희락식당과 왕성식당이었는데 갈치조림이 유명해지면서 주변의 가게들이 하나둘씩 갈치조림으로 간판을 바꿔 달게 되었다.
원재료부터 상인들이 직접 구매해 사용하며 밑반찬도 직접 만들어 제공한다. 원재료 중에서도 갈치를 고르는 것이 가장 중요하다고 하는데 식당마다 사용하는 갈치 산지는 다소 차이가 있지만 여수 갈치, 제주 갈치, 목포 갈치, 부산 갈치와 같은 최고 품질의 국산 갈치를 사용한다. 또한, 갈치를 조리하는 방법에도 다소간 차이가 있어 같은 갈치조림이라 하더라도 식당마다 조금씩 다른 고유의 맛을 제공한다.
우리나라에서 가장 큰 재래시장인 남대문시장에 대표 골목으로 꼽히는 갈치조림골목은 남대문시장의 주변 직장인들과 시장 상인들에게 필수 점심 코스가 되었고, 한번 다녀간 이들에겐 다시 찾는 곳이 되었다. 일본 언론에서 소개가 되면서 일본 관광객들의 발길도 늘었는데 갈치조림을 맛본 관광객이 그 맛에 반해 명함을 챙겨가서 한국을 다시 방문했을 때도 찾아올 정도라고 한다. 갈치조림이 매운 사람은 생선구이를 같이 판매하는 곳으로 가면 된다.",,점포 별로 상이함,점포 별로 상이함,,
1603336,12,남산 팔각정,서울특별시 중구 예장동 8-1,,24,126.9876206116,37.5516394747,,http://tong.visitkorea.or.kr/cms/resource/25/3539625_image2_1.jpg,Type1,VE,VE01,VE010100,남산 팔각정은 남산타워와 함께 남산의 대표적 명소로 꼽히는 정자이다.  남산 정상에 세워져 있어 서울 시내가 한눈에 들어오며 멋진 야경을 감상할 수 있어 시민들과 관광객들이 많이 찾는다. 걸어서 올라가거나 남산 순환버스인 셔틀버스 또는 남산 케이블카를 타고 올라갈 수 있다.,"<a href=""http://parks.seoul.go.kr/template/sub/namsan.do"" target=""_blank"" title=""새창: 서울의 공원 홈페이지로 이동"">http://parks.seoul.go.kr</a>",상시 개방,연중무휴,,
126747,12,남산골한옥마을,서울특별시 중구 퇴계로34길 28 (필동2가),,24,126.9932865315,37.5597775194,,http://tong.visitkorea.or.kr/cms/resource/94/2932494_image2_1.bmp,Type3,HS,HS01,HS010600,"1998년 조성된 남산골한옥마을은 남산 북측 옛 수도방위사령부 부지 총 79,934m²(24,180평)에 한옥 5동, 전통공예관, 천우각, 전통정원, 서울남산국악당, 새천년타임캡슐 광장으로 구성되어 시민과 관광객을 맞이하고 있다. 번화한 도심 한가운데에서 한국 전통문화를 소재로 한 다양한 체험거리를 만나볼 수 있으며, 남산 자락을 따라 전통조경 양식으로 조성된 계곡과 정자, 각종 화초가 만들어내는 아름다운 풍경을 만날 수 있다. 전통정원 가장 높은 곳에는 서울정도 600년을 기념하고 400년 후 서울정도 천년을 기대하며 1994년 당대의 기억을 매설한 서울천년타입캡슐 광장이 조성되어 있다. 옛 가옥을 복원해 놓은 남산골한옥마을 남산골한옥마을 안으로 들어서면 연못 청학지와 그 곁으로 천우각이 있다. 천우각 광장을 지나 돌계단을 오르면 서울 곳곳에 있던 한옥이 이전·복원되어 옛사람들의 생활방식을 볼 수 있게 한 예스러운 공간이 나타난다.
모두 다섯 채의 한옥으로서 삼각동 도편수 이승업 가옥, 삼청동 오위장 김춘영 가옥, 관훈동 민 씨 가옥, 제기동 해풍부원군 윤택영 재실, 옥인동 윤 씨 가옥이 있다. 이 중 건물 이전이 불가능할 정도로 낡은 옥인동 윤 씨 가옥만 새 자재를 사용해 복원했고 나머지 건물은 종래의 집 부재를 그대로 이전했다. 남산골한옥마을에서 즐기는 다양한 체험거리 남산골한옥마을에는 다양한 체험거리가 마련되어 있다. 한옥 다섯 채를 활용하여 한옥실내 공간을 체험하면서 동시에 한국 전통문화프로그램을 접할 수 있다. 한복 입기, 한지 접기, 한글 쓰기, 전통차 마시기를 체험할 수 있고, 전통예절학교와 한방체험도 운영하고 있다. 토요일과 일요일 양일에는 전통혼례가 실제로 치러지고 전통혼례체험도 운영하고 있다. 그 밖에도 천우각 맞은편 원두막에서는 짚공예 시연이 이루어지고 있으며, 천우각 무대에서는 태권도 시범공연과 체험 행사에 참여할 수 있다. 피금정 마당에서는 제기차기, 윷놀이, 비석치기 등과 같은 민속놀이를 즐길 수 있어 가족이 함께 즐거운 시간을 보낼 수 있다. 또한 남산골한옥마을 곳곳을 동행하며 설명해주는 전통문화유산해설사가 상주해 있어 도움을 받을 수도 있다.","<a href=""http://hanokmaeul.co.kr"" target=""_blank"" title=""새창: 남산골 한옥마을 홈페이지로 이동"">http://hanokmaeul.co.kr</a>","- 하절기(04~10월) 09:00~21:00<br>
- 동절기(11~03월) 09:00~20:00","매주 월요일(단, 월요일이 공휴일일 경우 익일 휴관)",,
2783557,12,남산순환나들길,서울특별시 중구 남산공원길 609 (예장동),,24,126.9866844934,37.5549112997,,http://tong.visitkorea.or.kr/cms/resource/60/3458860_image2_1.jpg,Type1,NA,NA05,NA050100,"도시 한복판에 우뚝 솟은 남산은 서울의 랜드마크이자 사계절 시민들의 휴식처로 사랑받는다. 남산둘레길은 서울타워를 기점으로 남산을 한 바퀴 돌아볼 수 있는 길로 걷기 좋은 산책 길이다. 총길이 7.3㎞로 2시간 30분 정도 걸린다. 누구나 걷기 좋은 북측순환로, 이야기가 있는 역사문화길, 남산의 자연환경을 엿볼 수 있는 자연생태길과 야생화원길, 그리고 산림숲길로 이어지는 코스이다. 그중에서도 북측순환로는 휠체어나 유아차 사용자와 시각장애인 등 보행 약자가 동행자 또는 보호자의 큰 도움 없이 다닐 수 있어 무장애산책로로 선정됐다. 남산둘레길 북측순환로는 남산케이블카 입구에서 시작하여 국립극장까지 이어지는 3.4㎞의 산책로로, 자동차와 자전거 통행이 금지되어 안전하게 걸을 수 있다. 모든 길의 가운데에는 점자 블록이 설치되어 있고, 점자 블록이 설치된 중간 길을 기준으로 비장애인은 우측으로 통행하며 질서를 지키자는 의미로 ‘배려의 길’이라고도 불린다.
남산둘레길의 관광포인트로는 안중근 의사가 남긴 붓글씨, 관련 사진, 건국공로 훈장과 서한, 공판 당시 신문 보도 내용, 유명 인사 휘호 등이 전시되어 있는 ‘안중근 의사 기념관’, 누에의 머리를 닮았다 하여 이름 붙여진 잠두봉의 포토존 잠두봉 ‘포토아일랜드’, 남산서울타워 광장에서 볼 수 있는 ‘사랑의 자물쇠’, 남산 정산 부근 서울 시내를 내려다볼 수 있는 전파 송출 및 관광용 타워 ‘남산서울타워’ 등이 있다.","<a href=""https://www.durunubi.kr/4-2-1-1-walk-mobility-view-detail.do?crs_idx=T_CRS_MNG0000003086"" target=""_blank"" title=""새창 : 두루누비 홈페이지로 이동"">https://www.durunubi.kr/</a>",상시 개방,연중무휴,,
3067314,12,남산예장공원,서울특별시 중구 주자동,5-22,24,126.9888869118,37.5605217984,,http://tong.visitkorea.or.kr/cms/resource/98/3067298_image2_1.JPG,Type3,VE,VE03,VE030200,"조선시대 군사들의 훈련장이었던 남산예장자락을 복원한 공원으로, 지상과 지하로 나뉘어 있다. 지상에는 중앙정보부의 고문실을 재현한 ‘기억6’, 조선총독부 관사 터를 그대로 보존한 ‘유구터’, 남산의 역사와 문화를 소개하는 ‘남산이야기’ 등이 있다. 또한, 푸른 소나무 숲과 잔디밭, 산책로 등이 조성되어 있어 시민들의 휴식처로 사랑받고 있다. 지하에는 이회영 기념관, 친환경 버스환승센터, 녹색에너지센터 등이 있다. 이회영 기념관은 독립운동가 이회영 선생의 삶과 업적을 기리는 공간으로, 선생의 유품과 기록 등이 전시되어 있다.
남산예장공원은 과거와 현재, 역사와 문화가 공존하는 공원으로 조선시대부터 일제강점기, 군사독재 시절까지 다양한 역사적 사건이 있었던 곳이다. 이러한 역사적 의미를 되새기고자 공원 조성 과정에서 다양한 역사적 유적과 시설물을 복원했다. 또한, 공원을 통해 시민들이 역사를 배우고, 평화와 인권의 가치를 되새길 수 있도록 다양한 전시와 교육 프로그램도 운영하고 있다.","<a href=""https://korean.visitseoul.net/citycenter/%EB%82%A8%EC%82%B0%EC%98%88%EC%9E%A5%EA%B3%B5%EC%9B%90/KOP042009"" target=""_blank"" title=""새창 : 비짓서울로 이동"">https://korean.visitseoul.net</a>",상시 개방,연중무휴,,
3447859,12,남산인권숲,서울특별시 중구 퇴계로26가길 6 (예장동),,24,126.9898035408,37.5588942261,,http://tong.visitkorea.or.kr/cms/resource/70/3455270_image2_1.jpg,Type1,NA,NA05,NA050100,남산인권숲은 본래 중앙정보부가 위치하던 곳이다. 지금은 터만 남기고 숲으로 되어 있으며 민주주의를 상징하는 기념비와 안내판이 설치되어 있다. 단순히 휴식 공간을 넘어 교육에 도움이 되는 장소이다.,,,,,
2946242,12,내맘대로폰케이스 홍대점,서울특별시 마포구 와우산로19길 21 (서교동),,13,126.9218988345,37.5512466761,,http://tong.visitkorea.or.kr/cms/resource/69/2947669_image2_1.jpg,Type1,EX,EX07,EX070200,"내맘대로폰케이스 홍대점은 많은 양의 파츠를 구비하고 있으며 본드의 컬러, 모양 등 선택이 가능하다. 모든 파츠를 제한 없이 원하는 만큼 사용할 수 있는 것이 장점이다. 폰케이스 꾸미기 뿐만 아니라 요즘 유행 중인 모루인형 만들기, 데코덴, 탑꾸, 폴꾸 등의 체험도 인기가 높다. 기본 체험 소요시간은 약 1시간 정도 소요되며 자신의 취향껏 만들기가 가능하기 때문에 여행 기념품 혹은 선물용으로도 제격인 곳이다. 또한 이곳은 V LIVE(브이앱)에서 제니와 지수가 휴대폰 케이스를 만들었던 곳으로 제니와 지수의 디자인을 따라 만들어보는 것도 좋다.",,12:00~21:00,연중무휴,,
298341,12,내원사(서울),서울특별시 성북구 보국문로 262-151 내원사,,17,126.9951622409,37.6266725544,,http://tong.visitkorea.or.kr/cms/resource/10/3465410_image2_1.jpg,Type3,HS,HS03,HS030100,"내원사는 삼각산 자락에 자리하고 있는 사찰로, 정릉 골짜기를 지나 1㎞ 정도 오르면 멀리 목멱산을 바라보는 곳에 자리하고 있다.  언제 누가 창건했는지는 정확하게 밝혀지지 않고 있지만 터전이 예사롭지 않음을 느낄 수 있다. 역사적으로 내원사의 존재를 밝혀주는 것은 현재로서는 김정호가 제작한 「수선전도(首善全圖)」와 1859년(철종 10) 만들어져 사찰에 전하는「백의대사불도(白衣大士佛圖)」라는 목판이 유일하다. 수선전도에는 현재 내원사가 자리한 곳과 같은 위치에 내원암이 표시되어 있고, 「백의대사불도(白衣大士佛圖)」목판에는 삼각산내원암(三角山內院庵)이라는 기록이 있어 19세기 전반만 해도 법등을 이어오고 있었던 것을 알려준다. 그러던 내원사가 언제 어떠한 이유로 역사 속으로 사라져 버렸는지 의문이 아닐 수 없다. 그래서 더욱 세월의 무상함이 절로 느껴진다. 오늘도 무상함 속에 범종루 아래 길게 이어진 이끼 낀 석축에서는 세월의 흔적이 배어나고, 바위틈에서 솟는 감로수는 사찰의 흥망성쇠를 잊은 듯 말없이 흐르고 있다.

출처 : 내원사","<a href=""http://www.naewonsa.net/"" target=""_blank"" title=""내원사 사이트로 이동"">http://www.naewonsa.net</a>",,연중무휴,,
2763685,12,노들나루공원,서울특별시 동작구 노량진로 247 (본동),,12,126.9534914781,37.5130461243,,http://tong.visitkorea.or.kr/cms/resource/37/3458537_image2_1.JPG,Type1,VE,VE03,VE030100,"서울 동작구 노량진에 있는 노들나루공원은 노량진 배수지공원이라 불리다가 지금은 노들나루공원으로 명칭이 바뀐 근린공원이다. 바닥분수와 야외무대, 여러 가지 운동 시설이 갖춰져 있다. 푸른 잔디와 함께 장미꽃 광장도 조성되어 있고, 여러 개의 산책코스도 마련되어 있다. 6.25 전쟁 초기, 서울이 함락된 직후 북한군의 한강 도하를 6일간이나 저지시킨 한강 방어선 전투의 전사자 명비를 볼 수 있다. 공원과 붙어 있는 풋살장, 족구장은 서울특별시 공공서비스예약에서 예약 후 사용할 수 있다. 
노들나루공원은 여의도 불꽃축제 기간에 불꽃놀이를 감상할 수 있는 명소이기도 하다.",,상시 개방,연중무휴,,
2774274,12,노원 불빛정원,서울특별시 노원구 화랑로 608 (공릉동),,9,127.0931061506,37.6245051267,,http://tong.visitkorea.or.kr/cms/resource/98/3566898_image2_1.jpg,Type1,NA,NA04,NA040700,"노원 불빛정원은 화랑대역 철도공원에 야간 경관 조성으로 빛의 향연이 펼쳐지는 서울시 최초 불빛정원이다. 비밀의 정원과 생명의 나무, 음악의 정원, 환상의 기차역, 은하수 정원, 숲 속 동화 나라를 주제로 꾸며진 이곳은 시시각각 다양한 색깔을 뿜어낸다. 낮에는 정겨운 간이역 풍경으로 마음을 따스하게 어루만졌던 공간이 밤이 되면 화려한 꽃과 푸른 바닷속 돌고래 떼, 아기자기한 기차 카페로 색다른 매력을 더한다.","<a href=""https://www.nowon.kr/www/culture/culture3/info1_11_02/info1_06_08_01.jsp"" target=""_blank"" title=""새창 : 노원구청 홈페이지로 이동"">https://www.nowon.kr</a>",일몰 전 30분~22:00,"매주 월요일 / 우천, 태풍, 혹한 등 기상 악화 시",,
2733971,12,노을공원(서울),서울특별시 마포구 상암동,,13,126.8755135312,37.5740543063,,,,VE,VE03,VE030100,"월드컵공원은 난지도 쓰레기매립지를 공원화하여 다섯 개의 테마공원으로 조성된 서울의 환경·생태공원이다.다섯 개의 테마공원 중 하나인 노을공원은 드넓은 잔디밭에 조각예술품과 전망데크 등이 있어 여유를 느낄 수 있는 곳이다. 특히 일몰 시의 경치가 아름다워 많은 방문객들이 찾는 명소이다. 공원 내에 파크골프장, 노을캠핑장, 누에생태체험장, 반딧불이생태관, 도시농부정원 등 자연을 직접 체험할 수 있는 시설이 갖춰져 있어 함께 즐기기 좋다.","<a href=""http://parks.seoul.go.kr/template/sub/worldcuppark.do"" target=""_blank"" title=""새창 : 서울의 공원 홈페이지로 이동"">http://parks.seoul.go.kr</a>","05:30~20:00<br>
※ 자세한 사항은 전화문의 요망",연중무휴,,
3453040,12,녹번서공원,서울특별시 은평구 서오릉로 52 (녹번동),,22,126.9239887769,37.6055181816,,http://tong.visitkorea.or.kr/cms/resource/96/3452496_image2_1.jpg,Type1,NA,NA05,NA050100,"녹번서공원은 서울 은평구 녹번동에 위치한 자연친화적인 공원으로, 다양한 식물과 나무들이 자생하는 공간입니다. 특히 봄과 가을에는 꽃과 단풍을 감상할 수 있으며, 자연학습장, 운동기구, 도서관 등 다양한 시설이 마련되어 있다.",,상시 출입가능,연중무휴,,
2764354,12,다락원체육공원,서울특별시 도봉구 창포원로 45 (도봉동),,10,127.0472806389,37.6914909527,,http://tong.visitkorea.or.kr/cms/resource/48/3531548_image2_1.jpg,Type3,VE,VE03,VE030500,"다락원체육공원은 서울 도봉산 자락에 위치한 종합 체육공원이다. 테니스장, 배드민턴장, 축구장 등 다양한 체육 시설을 갖추고 있다. 테니스장은 실내 3면, 실외 코트로 구성되어 있다. 배드민턴장은 14면 규모의 대형 실내 시설로 마루 바닥이 잘 조성되어 있다. 축구장은 야간 조명을 갖추고 있어 저녁에도 이용할 수 있다. 주차장과 편의시설도 잘 마련되어 있어 이용자 편의성이 높다.","<a href=""https://www.dobongsiseol.or.kr/contents/culture8.html?menu1=3&menu2=1"" target=""_blank"" title=""새창 : 다락원체육공원 홈페이지로 이동"">https://www.dobongsiseol.or.kr</a>","[축구장] 06:00~22:00<br>
[배드민턴장]<br>
- 1부 06:00~09:00<br>
- 2부 10:00~13:00<br>
- 3부 14:00~17:00<br>
- 4부 18:00~22:00<br>
[테니스장]<br>
- 실내 06:00~12:00 / 13:00~22:00<br>
※ 주말 및 공휴일은 21:00까지 운영<br>
- 실외 06:00~22:00",※ 시설별 상이하므로 홈페이지 참고,,
299978,12,달마사(서울),서울특별시 동작구 서달로 50-26 (흑석동),,12,126.9622938579,37.4987201685,,http://tong.visitkorea.or.kr/cms/resource/72/3567872_image2_1.jpg,Type1,HS,HS03,HS030100,"한강, 그리고 강 건너 남산을 바라보는 서달산 중턱에 작은 사찰이 있다. 낮이면 흐르는 강물을 멀리서 지켜볼 수 있고, 밤이면 작은 불빛을 발하는 남산의 정경을 바라볼 수 있는 열린 사찰이다. 서달산을 남산으로 자연과 함께하는 맑은 도량으로 알려져 있는 곳으로 하루가 다르게 변하는 도심 속에서 찌든 혼탁한 마음을 바로 세울 수 있는 도심 속 전통사찰이다. 이른 아침 새벽예불의 소리와 함께 지역주민과 하나 되고, 하루라는 인고의 시간을 지는 해와 같이하는 그런 포근한 사찰이다. 한강을 바라보는 녹지 속의 열린 공간이며, 부처님의 가르침과 참된 수행의 정신이 깃든 곳, 또 작지만 마음으로 넓힌 지역주민의 공간이다.","<a href=""http://www.dalmasa.org/"" target=""_blank"" title=""새창: 달마사 홈페이지로 이동"">http://www.dalmasa.org/</a>",08:00~17:00,연중무휴,,
126803,12,당고개순교성지,서울특별시 용산구 청파로 139-26,,21,126.9669951674,37.5355770817,,http://tong.visitkorea.or.kr/cms/resource/19/3568219_image2_1.jpg,Type1,HS,HS03,HS030200,"당고개 순교성지는 용산전자상가에서 도보로 불과 5분 거리인 작은 언덕에 있다.  9분의 성인과 1분의 복자를 배출한 성지로, 기해박해가 끝날 무렵 1839년 열 명의 남녀 교우들이 장렬히 순교한 곳이다. 이들은 본래 서소문 밖 네거리에서 처형되기로 되었으나 서소문 밖 상인들이 설 대목장을 보아야 함으로 형장을 다른 곳으로 옮겨 줄 것을 요청하였기 때문에 이곳 당고개로 옮겨 사형을 집행함으로써 순교자들을 모시게 되었다.
당고개 순교성지는 ‘찔레꽃 아픔 매화꽃 향기’를 주제로, 박해의 고통을 찔레꽃 가시로, 하느님의 은총을 매화꽃 향기로 표현하여 조성되었다. 당고개 성지의 십자가의 길 14처는 복자 이성례 마리아가 예수님의 길을 따라가는 구성으로 이루어져 고난의 길과 순교의 영광을 함께 느낄 수 있게 했다.
순교한 애절한 사연과 서울 시내를 한눈에 내려다볼 수 있는 전망 때문에 당고개 순교성지는 많은 순례객들의 발길이 끊이지 않고 있다. 
순교 성지인 새남터 성당과 용산가족공원 등이 인접해 있다. 수도권 지하철 6호선 효창공원역 5번 출구에서 도보 15분에 위치해 있다.","<a title=""새창 : 당고개순교성지 홈페이지로 이동"" href=""http://www.danggogae.org/"" target=""_blank"">http://www.danggogae.org</a>",성지개방시간 09:00~17:00,연중무휴,,
2402981,12,대림동 차이나타운,서울특별시 영등포구 대림동,1050-43,20,126.8975138236,37.4924530714,,http://tong.visitkorea.or.kr/cms/resource/92/3526892_image2_1.jpg,Type1,VE,VE04,VE040100,"대림동 차이나타운은 2000년대 초반 재중동포들이 대림역을 중심으로 정착하며 형성된 밀집 주거지형 차이나타운이다. 전통적인 개항장 중심의 인천이나 부산 차이나타운과는 다르게, 일상생활과 밀접하게 연결된 독특한 형태를 띠고 있다. 대림중앙시장 내 상점 중 약 40%는 재중동포가 운영하고 있으며, 인근에는 이들을 위한 은행, 숙박업소, 식당 등 편의시설이 밀집해 있다. 시장에서는 마라탕, 훠궈 같은 전통 중국 음식부터 퓨전 음식까지 다양한 중국 요리를 맛볼 수 있으며, 중국 재료와 향신료가 풍기는 길거리 음식도 판매되고 있다.",,점포별 상이함,점포별 상이함,,
2753103,12,대림어린이공원,서울특별시 영등포구 대림로 106 (대림동),,20,126.9032244523,37.4911227720,,http://tong.visitkorea.or.kr/cms/resource/93/3399393_image2_1.JPG,Type3,VE,VE03,VE030300,"영등포구 대림동에 위치한 공원으로, 어린이 놀이시설과 다양한 운동시설, 휴식공간이 갖춰져 있다. 또한 다양한 문화, 여가를 즐길 수 있는 공간으로 많은 시민들이 찾는 곳이다. 지역단체와 연계한 활동, 마을축제 등을 진행하기도 하는 소통과 화합의 장이다. 산책로도 잘 조성되어 있어 가족 나들이로 좋고 인조잔디가 조성된 곳도 있어 안전하게 운동하기에도 좋다. 공원 지하에 공영주차장이 있어 이용하기 편리하다.",,상시 개방,연중무휴,,
1602451,12,대모산도시자연공원,서울특별시 강남구 일원동,산63-52,1,127.0810141360,37.4800522436,,http://tong.visitkorea.or.kr/cms/resource/45/3589845_image2_1.jpg,Type1,NA,NA04,NA040500,"강남구에 위치한 대모산은 국수봉이라고도 불렸던 높이 293m의 나지막한 산이다. 산 모양이 늙은 할미와 같다 하여 할미산으로 불리다가 태종의 헌릉을 모신 후 어명으로 대모산으로 고쳤다고 한다. 산 입구에는 각종 희귀 나무로 가꾸어진 자연 학습장이 있어 아이들의 야외 교육장 및 주민들의 산책로로 사랑받고 있다.
대모산 산길은 산등성이를 따라 이어진 능선 길과 둘레길이 있는데, 둘레길은 자연 그대로에 가깝다. 20여 년 쌓은 돌탑과 전망대도 명물이다. 특히 2021년 경사를 낮춘 산책로 자락길이 조성되어 장애인, 노약자, 임산부 등 평소 산행이 어려운 사람들도 안전하게 숲길을 이용할 수 있게 되었다.","<a href=""https://visitgangnam.net/%ec%97%ac%ed%96%89%ec%a7%80/%ea%b0%95%eb%82%a8/%eb%8c%80%eb%aa%a8%ec%82%b0-%ec%82%b0%ea%b8%b8/"" target=""_blank"" title=""새창 : 비짓강남 홈페이지로 이동"">https://visitgangnam.net</a>",상시 개방,연중무휴,,
300076,12,대성사(서울),서울특별시 서초구 남부순환로328길 49 (서초동),,15,127.0134731649,37.4763181306,,http://tong.visitkorea.or.kr/cms/resource/09/3540509_image2_1.jpg,Type1,HS,HS03,HS030100,"기록상 마라난타가 백제로 오는 동안 풍토병으로 고생을 하였는데, 우면산 물을 마시고 완쾌하였다고 한다. 이에 우면산에 대성초당을 짓게 되는데 이것이 바로 대성사의 전신이라 전해진다. 또한 3.1독립운동 민족대표 33명 중 한분이신 백용성 스님께서 주석하시며 불교 대표로 참가하시어 대승적 독립운동을 전개하셨다. 현재 대성사에는 백용성 스님이 조성하신 목불좌상(서울특별시 유형문화유산)이 모셔져 있다.","<a href=""http://www.daeseongsa.org/"" target=""_blank"" title=""새창: 대성사 홈페이지로 이동"">http://www.daeseongsa.org</a>",09:00~18:00,연중무휴,,
1605948,12,대원군별장(석파정),서울특별시 종로구 창의문로11길 4-1 (부암동),,23,126.9627744300,37.5948701151,,http://tong.visitkorea.or.kr/cms/resource/53/3572953_image2_1.jpg,Type3,HS,HS01,HS011200,"조선 후기에 건립된 흥선대원군의 별서로 서울시 유형문화유산으로 지정되어 있다. 인왕산 바위 자락으로 둘러싸여 있는 곳으로 흥선대원군이 ‘석파정’이라 이름 지었으며 삼계동 정자라 하기도 한다. 본채 7채의 살림채와 육모정, 유수성중관풍루 등 다양한 건축물로 구성된 별서는 오늘날 안채, 사랑채, 별채와 정자로 4개의 동만 남아 있다. 아름다운 경관과 수려한 건축을 자랑하며 조상들의 풍류와 예술적 정취를 느낄 수 있다.
현재 서울미술관에서 운영되고 있으며 다양한 근현대 미술관 전시와 함께 미술관 입장권으로 석파정 야외 공원 관람이 가능하다.","<a href=""https://seoulmuseum.org/"" target=""_blank"" title=""새창 : 석파정 서울미술관 홈페이지로 이동"">https://seoulmuseum.org</a>",10:00~18:00 (입장마감 17:00),매주 월요일~화요일,,
2733970,12,대치유수지체육공원,서울특별시 강남구 역삼로107길 20-30 (대치동),,1,117.9925662504,19.6944274800,,http://tong.visitkorea.or.kr/cms/resource/48/3467748_image2_1.jpg,Type3,VE,VE03,VE030500,"각종 체육시설과 운동기구, 산책로, 휴게공간, 음악분수, 상징조형물 등 여러 시설물을 갖추어 체력 증진과 생활 체육의 활성화를 위해 지역 주민이 편리하게 이용할 수 있도록 조성한 체육공원이다. 축구장, 테니스장, 풋살구장 대관이 가능하며 예약은 사용일 기준 1일 전까지 선착순으로 받는다. 당일 예약은 불가하며 지역주민 우선 접수로 진행된다.","<a href=""http://www.xn--vk1b79znxd34c61h.kr/"" target=""_blank"" title=""새창 : 대치유수지 홈페이지로 이동"">http://www.대치유수지.kr/</a>",07:00~21:00,연중무휴,,
127015,12,대한성공회 서울주교좌성당,서울특별시 중구 세종대로21길 15 (정동),,24,126.9760378872,37.5674235431,,http://tong.visitkorea.or.kr/cms/resource/54/3568354_image2_1.jpg,Type1,HS,HS03,HS030200,"대한성공회 서울주교좌성당은 친교의 신앙으로 선교하는 제자공동체이다. 이 건물은 대한성공회 서울교구 주교좌성당으로서 조선 성공회 3대 주교인 마크트롤로프 주교가 영국인 아더 딕슨의 설계대로 착공하여 헌당식을 했다. 이후 1993년에 원 설계도를 영국의 한 도서관에서 찾게 되어 본래 모습대로 1996년에 완공하였다. 이 성당 건물은 로마네스크 양식에 한국 전통 건축 기법을 조화시킨 아름다운 건물이다. 외형은 십자가 형태로서 다양한 선이 조화를 이루고 있고 성당 내부에는 좌우로 12사도를 상징하는 돌기둥이 서 있고 전면 반원형 벽면에 예수 그리스도의 모자이크상이 새겨져 있으며 지하 성당에는 트롤로프 주교의 유해가 안치된 동판이 새겨져 있다. 수도권 지하철 1, 2호선 시청역 3번 출구에서 200m에 있다.","<a href=""http://www.cathedral.or.kr/"" target=""_blank"" title=""대한성공회 서울주교좌성당 사이트로 이동"">http://www.cathedral.or.kr</a>",11:00~16:00,주말,,
3456362,12,대현문화공원,서울특별시 서대문구 이화여대1길 10 (대현동),,14,126.9449298864,37.5576991161,,http://tong.visitkorea.or.kr/cms/resource/80/3456380_image2_1.jpg,Type1,VE,VE03,VE030400,"서울에 있는 대현문화공원은 서울특별시 서대문구 대현동에 위치한 공원이다. 이 공원은 지역 주민들에게 자연과 여가 공간을 제공하며, 주변 도심 속에서 휴식을 취할 수 있는 장소로 사랑받고 있다.
<br />대현문화공원은 다양한 산책로와 조경이 잘 어우러진 녹지 공간을 갖추고 있으며, 지역 주민들의 건강과 여가 활동을 지원하기 위한 운동기구와 휴식 공간이 마련되어 있다. <br />특히, 근린공원이라는 특성상 지역 주민들이 자주 찾는 친근한 장소로 알려져 있다.",,,,,
1605981,12,덕수궁 대한문,서울특별시 중구 세종대로 99 (정동),,24,126.9765906796,37.5651071556,,http://tong.visitkorea.or.kr/cms/resource/91/3384991_image2_1.JPG,Type3,HS,HS01,HS010300,"대한문(大漢門)은 덕수궁의 정문으로 ‘대한’은 “한양이 창대해진다”라는 뜻이다. 원래 경운궁의 정문은 남쪽에 있었던 인화문(仁化門)이었으나, 동문인 대안문(大安門) 주변이 환구단을 비롯하여 새로운 도심의 역할을 하게 되면서 정문의 역할을 하게 되었다. 지금의 이름은 1906년(광무 10) 문을 수리하면서 바꾸게 되었다. 원래 대한문은 약 33m 앞에 있었으나 1970년대 태평로를 확장하면서 현재의 자리로 옮겼다. 대한문을 지나서 있는 금천교는 1986년에 발굴하여 복원하였다.","<a href=""https://royal.khs.go.kr/ROYAL/contents/menuInfo-gbg.do?grpCode=dsg"" target=""_blank"" title=""새창 : 국가유산청 궁능유적본부로 이동"">https://royal.khs.go.kr/</a>","[일반관람] 09:00~21:00 (입장마감 20:00)<br>
[전시관]<br>
- 석조전 09:30~17:30 (마지막 해설 16:30)<br>
- 돈덕전 09:00~17:30 (입장마감 17:00)<br>
- 중명전	09:30~17:30(입장마감 17:00)","매주 월요일<br>※ 단, 정기휴일이 공휴일 및 대체공휴일과 겹칠 경우에는 개방하며, 그 다음의 첫 번째 비공휴일이 정기휴일임",,
129186,12,덕수궁 돌담길,서울특별시 중구 세종대로 지하 101,,24,126.9748935853,37.5660820124,,http://tong.visitkorea.or.kr/cms/resource/50/2658350_image2_1.jpg,Type3,VE,VE04,VE040100,"기존의 도로를 보행자 중심의 도로로 재정비하고, 보행자를 위해 보도와 차도 공존도로 및 푸르름이 가득한 가로공간인 녹도의 개념을 복합적으로 도입한 우리나라 최초의 사례로 길이는 900m이다. 자연친화적인 점토블록 및 보행자의 안전한 보행권 확보를 위해 차도에 석고석 포장(페이빙스톤) 실시하였고, 시민들의 휴식 공간을 위해 느티나무 외 2종 130주 식재, 평의자 20개 설치하였으며 주변의 역사적 시설인 덕수궁과 연계한 역사적 가로 경관의 창출 및 가로환경 개선하였다. 낭만이 가득한 덕수궁 돌담길은 연인들이 걷기에 더없이 좋은 곳이며, 주변에 서울시립미술관과 서울역사박물관이 있어 문화산책 코스로도 제격이다.","<a href=""https://royal.khs.go.kr/ROYAL/contents/menuInfo-gbg.do?grpCode=dsg"" target=""_blank"" title=""덕수궁 사이트로 이동"">https://royal.khs.go.kr/</a>",00:00~24:00<br>,연중무휴,,
126502,12,도선사(서울),서울특별시 강북구 도선사길 278 (우이동),,3,126.9911089898,37.6563162556,,http://tong.visitkorea.or.kr/cms/resource/09/3558609_image2_1.jpg,Type1,HS,HS03,HS030100,"우이동 서쪽에서 북한산의 최고봉인 백운대를 향하여 계곡을 따라 약 1㎞쯤 올라가면 일주석에 ‘삼일수심천재보(三日修心千載寶) 백년탐 물일조진(百年貪物一朝塵)’이라고 쓰여진 산문(山門)을 맞게 된다.
사적기에 의하면 도선사는 862년(경문왕 2)에 도선국사에 의해 창건되었다고 전한다. 도선국사는 이곳의 산세가 1,000년 뒤의 말법시대(末法時代)에 불법을 다시 일으킬 곳이라고 예견하고 절을 창건한 뒤 큰 암석을 주장자로 갈라 마애관음보살상을 조성하였다고 한다. 그 뒤 조선후기까지의 중건·중수에 관한 기록은 전하지 않으나, 북한산성을 쌓을 때는 승병들이 이 절에서 방번(보초 임무)을 서기도 한 기록이 전해지고 있다. 1863년(철종 14) 김좌근의 시주로 중수하고 칠성각을 신축하였고, 1887년(고종 24)에는 임준이 오층탑을 건립하였으며, 탑에 석가모니의 진신사리를 봉안하였다.
현존하는 당우로는 대웅전을 중심으로 호국참회원, 명부전, 삼성각, 적묵당, 천왕문, 범종각, 종무소, 요사채 등이 있다. 대웅전 안에는 아미타삼존불이 봉안되어 있고, 법당의 내부 벽에는 달마(達磨)와 혜능(慧能), 청담(靑潭)의 영정이 그려져 있으며, 후불탱화, 팔상도(八相圖), 극락구품도(極樂九品圖) 등이 있다.
현재 도선사에는 마애불입상(제34호), 목조 아미타불 및 대세지보살상(제191호), 석조독성상(제192호), 청동종 및 일괄유물(제259호) 등 서울특별시 유형문화유산을 비롯해 19세 말 조성된 지장시왕도, 괘불도, 묘법연화경, 대방광불화엄경소 등의 성보문화재가 다수 있다.","<a href=""http://www.doseonsa.org"" target=""_blank"" title=""새창 : 도선사 홈페이지로 이동"">http://www.doseonsa.org</a>",09:00~18:00,연중무휴,,
750863,12,도안사,서울특별시 노원구 덕릉로145길 97 (상계동),,9,127.0850912761,37.6845868836,,,,HS,HS03,HS030100,"대한불교조계종 전통사찰 108 평화보궁 근본도량 수락산 도안사는 부처님의 정법을 실천하는 도량으로서 한국불교의 전통과 사상을 계승·발전시키고 있으며, ‘법을 구하는 피안처’라는 깊은 뜻을 지니고 있다.
조선 중기에 창건되었다고 전해지는 도안사는 108 산사 순례기도회 회주 선묵혜자스님이 1976년부터 대웅전, 미타전, 천불전, 산신각, 범종각 등을 불사하였으며, 108 산사를 10년간 순례 회향한 공덕으로 조성한 108 평화보궁이 경내에 있다.
미타전에는 서울특별시 유형문화유산 제383호인 은선묘아미타삼존도가 모셔져 있고, 경내에는 19세기말~20세기초에 조성된 해태상 한쌍이 있다.
경내에서는 일 년 내내 아름다운 일출과 월출을 볼 수 있으며, 여름철에는 평화와 행운의 길조인 파랑새(관음조)가 둥지를 틀어서 복을 구하는 청정기도도량으로 널리 알려져 있다.","<a href=""http://www.doansa.or.kr/index.php"" target=""_blank"" title=""새창 : 도안사 홈페이지로 이동"">http://www.doansa.or.kr</a>",09:00~18:00,연중무휴,,
127425,12,독립문,서울특별시 서대문구 현저동,,14,126.9595142504,37.5724532182,,http://tong.visitkorea.or.kr/cms/resource/07/3530107_image2_1.JPG,Type3,HS,HS01,HS010300,"서대문독립공원에 있는 독립문은 갑오개혁 이후 자주독립의 의지를 다짐하기 위해 중국 사신을 영접하던 영은문을 헐고 세운 기념물이다. 갑오개혁은 내정개혁과 제도개혁을 추진하였던 개혁운동이다. 그러나 외국세력의 간섭으로 성공하지 못하였고 나라의 자주독립 또한 이루지 못하였다. 이에 국민들은 민족의 독립과 자유를 위해서는 어떠한 간섭도 허용하지 않겠다는 다짐으로, 중국사신을 맞이하던 영은문을 헐고 그 자리에 독립문을 세우게 되었다. 화강석을 쌓아 만든 이 문의 중앙에는 무지개 모양의 홍예문이 있고 왼쪽 내부에는 정상으로 통하는 돌층계가 있다. 정상에는 돌난간이 둘러져 있으며, 홍예문의 가운데 이맛돌에는 조선왕조의 상징인 오얏꽃무늬가 새겨져 있다. 그 위의 앞뒤에는 한글과 한자로 ‘독립문’이라는 글씨와 그 양옆에 태극기가 새겨져 있다. 바로 인근에는 서대문형무소가 있어 독립문과 더불어 민주주의와 자유의지에 대한 갈망을 되새겨 보는 역사 여행을 할 수 있다.","국가유산청 <a href=""https://www.heritage.go.kr/heri/cul/culSelectDetail.do?pageNo=1_1_1_1&sngl=Y&ccbaCpno=1331100320000"" target=""_blank"" title=""새창 : 홈페이지로 이동"">https://www.heritage.go.kr</a>",상시 개방,연중무휴,,
2756142,12,독산 근린공원,서울특별시 금천구 범안로 1096 (독산동),,8,126.8849491194,37.4633256748,,http://tong.visitkorea.or.kr/cms/resource/59/3467759_image2_1.jpg,Type3,VE,VE03,VE030400,"서울 금천구 독산1동에 있는 근린공원으로, 산책로와 운동 시설이 갖추어진 소규모 공원이다. 안양천이 길 건너에 바로 있어 함께 이용해도 좋다. 공원 중앙에는 2017년에 조성된 16,528㎡ 규모의 대형 인조잔디축구장이 울창한 나무들로 둘러싸여 축구 동호회 인들에게 인기가 높다. 대관 예약 시간 이후에는 주민들에게 개방되어 어린이들도 안전하게 뛰어놀 수 있다. 축구장 외에도 게이트볼장과 배드민턴장 5면을 비롯해 안양천변을 낀 산책로와 운동 시설을 갖추고 있다.","<a href=""https://www.geumcheon.go.kr/portal/contents.do?key=2123"" target=""_blank"" title=""새창 : 금천구청 홈페이지로 이동"">https://www.geumcheon.go.kr/</a>",상시 개방,연중무휴,,
2470006,12,동대문디자인플라자(DDP),서울특별시 중구 을지로 281 (을지로7가),,24,127.0095709797,37.5661076320,,http://tong.visitkorea.or.kr/cms/resource/06/3539606_image2_1.jpg,Type1,EX,EX06,EX061000,"꿈꾸고(Dream), 만들고(Design), 누린다(Play)는 뜻을 가지고 있는 DDP(동대문 디자인 플라자)는 서울특별시 동대문에 위치한 복합문화공간이다. 2014년 3월 21일 개관한 이래 굵직한 전시와 패션쇼, 신제품 발표회, 포럼과 콘퍼런스를 개최해오고 있다. 알림터, 배움터, 살림터, DDP 디자인 뮤지엄, 디자인 장터와 어울림 광장, 동대문 역사 문화공원으로 나뉘어 있다. 알림터에서는 서울패션위크, MAMA(Mnet Asian Music Awards), 반클리프 아펠전, BMW 신차 발표회 등을 개최했고, 다목적 연회 공간인 국제회의장 시설을 갖추었다. BTS 주제전과 서울도시건축 비엔날레 등이 열렸던 배움터, 누구나 디자이너가 되는 곳을 주제로 2019년 개장한 시민 라운지 ‘D-숲’과 DDP 관련 기념품을 소개하는 DDP 디자인 스토어를 아우르는 살림터까지, 규모에 걸맞은 내실로 관람객의 흥미를 북돋운다. 식당과 베이커리, 카페가 들어선 디자인 장터 역시 감성 충전을 기대하는 가족이나 연인을 만족시키고도 남을 산책 코스다.

SNS 상에 동대문디자인플라자의 야경 사진이 범람하는 데는 이유가 있는 법이다. 건축가 자하 하디드(Zaha Hadid)가 동대문디자인플라자를 설계하며 “이른 새벽부터 밤이 저물 때까지 쉴 새 없이 변화하는 동대문의 역동성에 주목해 곡선과 곡면, 사선과 사면으로 이뤄진 특유의 건축 언어로 자연물과 인공물이 이음매 없이 이어지는 공간을 만들어냈다""라고 밝혔는데, 해 질 녘 조명이 켜진 후 건축물에 오롯이 집중할게 될 때 곡선 부가 주는 역동성의 진가가 드러난다. 야경 사진을 찍기 좋은 지점은 어울림 광장 진입로로, 내부의 웅장함과 건축물의 신비로운 소재가 연출하는 분위기를 담을 수 있다. 알림터와 배움터를 나누는 살림터 문 앞은 내외부의 현란한 곡선과 조명이 정점을 이룬다.","<a href=""http://www.ddp.or.kr"" target=""_blank"" title=""새창 :  DDP 홈페이지로 이동"">http://www.ddp.or.kr</a>","10:00~20:00<br>
※ 프로그램에 따라 일부공간 탄력운영",1월 1일 / 설·추석 당일<br>※ 시설 별로 상이하므로 자세한 사항은 홈페이지 참조,,
1906334,12,동대문역사문화공원,서울특별시 중구 을지로 281 (을지로7가),,24,127.0095709797,37.5661076320,,http://tong.visitkorea.or.kr/cms/resource/37/3566337_image2_1.jpg,Type1,VE,VE03,VE030500,"동대문역사문화공원은 서울특별시 중구의 옛 동대문운동장 자리에 조성한 공원이다. 서울의 옛 역사와 문화를 보여주는 테마공원이자, 현대의 디자인과 문화를 경험할 수 있는 전시관 및 행사장, 시민들의 휴식공간이다. 2008년 동대문운동장을 철거하고 공원화하는 과정에서 조선시대의 서울성곽인 이간수문과 치성, 하도감과 훈련도감 터를 비롯한 건물지 유구 44기, 조선백자와 분청사기 등의 도자류를 포함해 주요 유물 1,000여 점이 출토되었다. 발굴된 유물은 공원 곳곳에 보존해 전시하고 있다. 공원 입구에는 동대문운동장 기념관이 있다. 옛 동대문운동장의 추억과 역대 스포츠 경기 정보, 각종 스포츠 관련 유물과 옛 동대문 운동장의 모형을 전시하고 있다. 수도권 지하철 2, 4, 5호선 동대문역사문화공원역 1번 출구에서 26m에 있다. 동대문디자인플라자(DDP)와 신당동 떡볶이 거리가 도보 10분 거리에 있어 함께 둘러보기 좋다.","<a href=""https://ddp.or.kr/?menuno=304"" target=""_blank"" title=""새창 : DDP 홈페이지로 이동"">https://ddp.or.kr</a>",상시 개방,연중무휴,,
3448217,12,디큐브시티 해바라기 공원,서울특별시 구로구 경인로 624 (신도림동),,7,126.8854062045,37.5062901367,,http://tong.visitkorea.or.kr/cms/resource/42/3452942_image2_1.jpg,Type1,NA,NA05,NA050100,"신도림역과 직접 연결되어 있어 접근성이 우수하며, 도심 속에서 자연과 휴식을 즐길 수 있는 공간이다. 약 6,000평 규모로, 해바라기 광장, 야생화 계곡, 장미터널, 770석 규모의 야외극장 등 다양한 시설을 갖추고 있다. 특히 밤에는 화려한 조명과 분수가 어우러져 가족, 친구, 연인들에게 인기 있는 장소이다.",,,연중개방,,
2561208,12,디키디키,서울특별시 중구 을지로 281,동대문디자인플라자 배움터 4층,24,127.0103125191,37.5681962916,,http://tong.visitkorea.or.kr/cms/resource/23/3542723_image2_1.jpg,Type3,EX,EX07,EX070200,"'Design Kids Digital Kids'를 뜻하는 디키디키는 디자인을 통한 어린이의 감성과 창의력을 키우는 공간으로, 유·아동기부터 문화, 예술, 산업 전반의 디자인 마인드를 자연스럽게 체득할 수 있는 디자인 활동이 가능한 대규모 놀이터이다. 이곳에서 아날로그 놀이와 디지털 매체를 융합환 디지로그 콘셉트의 새롭고 건강한 놀이문화를 마음껏 즐길 수 있다. 창의력과 사회성을 키울 수 있는 다양한 활동들이 가득한 이곳은 어린이들에게 즐거운 경험을 선사하는 특별한 장소이다.","<a href=""http://www.dikidiki.co.kr"" target=""_blank"" title=""새창: 어린이 감각놀이터  디키디키 홈페이지로 이동"">http://www.dikidiki.co.kr</a>",10:30~18:30,매주 월요일 / 설·추석 당일,,
1030763,12,뚝섬한강공원,서울특별시 광진구 강변북로 2273 (자양동),,6,127.0739939307,37.5294186076,,http://tong.visitkorea.or.kr/cms/resource/61/3534561_image2_1.jpg,Type1,VE,VE03,VE030100,"뚝섬한강공원은 한강공원으로 새 단장하기 이전부터 강변유원지로 유명했던 곳이다. 공원 내에는 수변광장, 장미정원, 자연학습장, 어린이 놀이터 등이 조성되어 있다. 봄과 가을에는 카페테리아와 계절 꽃전시장으로, 여름에는 시원한 바람을 맞으며 낭만과 젊음을 만끽할 수 있는 윈드서핑, 수상스키, 모터보트 등 수상스포츠가 활발하게 이루어진다. 겨울철에는 눈썰매장과 스케이트장으로 사계절 내내 시민들에게 많은 볼거리와 즐길거리를 제공한다. 이 외에도 X게임장, 인공암벽장, 유람선 선착장, 토요 나눔 장터 운영 등의 시설들이 있어 시민들의 많은 사랑을 받고 있다. 
뚝섬한강공원에는 몸은 가늘고 긴 원통형인 자벌레 형태의 길이 243m 규모의 예술과 휴식이 함께하는 공간이 있다. 이곳은 한강의 역사와 문화적 가치를 일상에서 누리고 체험할 수 있는 오직 한강만을 주제로 한 유일한 전시관이다. 뚝섬유원지역에서 연결되어 있어 누구나 이곳을 통해 편리하게 공원으로 진입할 수 있으며, 자벌레통로에는 미디어아트 작가들의 작품전시 감상을 할 수 있도록 꾸며놓았다.","<a href=""https://hangang.seoul.go.kr/www/contents/654.do?mid=449"" target=""_blank"" title=""새창 : 한강공원 홈페이지로 이동"">http://hangang.seoul.go.kr</a>",상시 개방,연중무휴,,
2756578,12,뚝섬한강공원 벽천마당,서울특별시 광진구 자양동,,6,127.0713164044,37.5291519240,,http://tong.visitkorea.or.kr/cms/resource/65/3539865_image2_1.jpg,Type1,VE,VE03,VE030100,"뚝섬한강공원에는 바닥에서 솟아오르는 시원한 물줄기를 감상할 수 있는 분수와 암벽 등반을 즐길 수 있는 벽천마당이 있다. 여의도한강공원 수상분수, 난지한강공원 거울분수와 함께 서울 3대 한강 분수공원 명소 중의 한 곳으로, 특히 밤에 보는 야간조명 분수는 화려한 한강대교들과 강남 빌딩 숲들의 조명이 어우러져 장관을 이룬다. 공원에 앉아 윈드서핑, 수상 스키, 모터보트 등의 수상스포츠를 즐기는 모습을 감상하며 도심 속 지친 일상을 날려볼 수 있다.","<a href=""https://hangang.seoul.go.kr/www/contents/654.do?mid=449"" target=""_blank"" title=""새창 : 미래한강본부 한강공원 홈페이지로 이동"">https://hangang.seoul.go.kr</a>",상시 개방,연중무휴,,
2500214,12,로렌스길,서울특별시 마포구 상수동,,13,126.9214545083,37.5484886553,,http://tong.visitkorea.or.kr/cms/resource/37/3464837_image2_1.jpg,Type3,VE,VE04,VE040100,"서울시 마포구 상수역 1번 출구로 나와 쭉 내려오면 만날 수 있는 로렌스 길은 한국에서 가장 오래된 시계 회사인 로렌스 뒤쪽으로, 개성 있는 식당과 카페들이 위치한 골목이다. 시계 회사 로렌스 옆 쪽 벽에 아기자기한 로렌스 길 지도가 벽화처럼 그려져 있어, 로렌스 길을 찾는 관광객들이 원하는 곳을 쉽게 찾아갈 수 있다.",,※ 점포별 상이,※ 점포별 상이,,
2476731,12,롯데월드 아쿠아리움,서울특별시 송파구 올림픽로 300 (신천동),지하 1층,18,127.1040749597,37.5141653654,,http://tong.visitkorea.or.kr/cms/resource/45/2384845_image2_1.jpg,Type3,VE,VE02,VE020400,"전 세계 5대양을 그대로 옮겨놓은 13개의 다양한 테마존에서 해양생물과의 특별한 만남을 가질 수 있다. 강에서 연안으로, 연안에서 바다로 생태계의 흐름을 따라 걸으며 자연의 경이로움을 경험할 수 있다. 25m 넓이의 국내 최대 서식의 수조로, 집이 되어 살아갈 해양생물을 위해 바다를 담은 수조를 설계했다. 또한 다양한 해양생물들이 더불어 사는 자연과 동일한 서식환경을 만들었으며, 국내 최고 수준의 생명유지장치를 통해 청정지역 바닷물을 그대로 구현하고 있다. 아쿠아리움에서는 국내 최다 14종의 체험 교육프로그램을 통해 해양생물과 더불어 사는 즐거움을 전하고 있다.","<a href=""https://www.lotteworld.com/aquarium/index.asp"" target=""_blank"" title=""새창 : 롯데월드 아쿠아리움 공식 홈페이지로 이동"">https://www.lotteworld.com/aquarium</a>",10:00~20:00 (입장마감 19:00),,,
2003909,12,롯데월드타워&롯데월드몰,서울특별시 송파구 올림픽로 300 (신천동),,18,127.1040749597,37.5141653654,,http://tong.visitkorea.or.kr/cms/resource/94/2938994_image2_1.bmp,Type3,VE,VE01,VE010100,"한국적 곡선의 미를 지닌 한국 전통의 도자기와 붓의 형상을 모티브로 설계된 롯데월드타워는 총 129층, 555m 높이로 세계 6위의 초고층 빌딩이다. 대지면적은 축구장의 12.2배, 전체 총면적은 축구장의 110배에 달하는 거대한 수직도시이다. 2016년 12월 마침내 준공되었으며, 특급 호텔 시그니엘 서울과, 화려한 서울의 야경을 볼 수 있는 전망대인 서울스카이, 최고급 레지던스와 오피스 공간, 복합기능공간 등으로 구성되어 있다.
롯데월드몰은 국내 최대의 명품 백화점인 에비뉴엘과 국내 시내 면세점 중 최대 면적을 자랑하는 롯데면세점, 롯데 하이마트, 쇼핑몰, 롯데마트 등이 위치해 있는 쇼핑 관광의 명소로, 다양한 국내외 브랜드를 만날 수 있는 공간이다. 쇼핑 공간 외에도 문화·예술공간으로 아시아 최대규모의 멀티플렉스인 롯데시네마 월드타워관, 롯데월드 아쿠아리움, 국내 최초 빈야드 스타일의 롯데 콘서트홀이 있어 쇼핑과 엔터테인먼트를 함께 즐길 수 있는 복합 쇼핑몰이다.","<a href=""http://www.lwt.co.kr"" target=""_blank"" title=""새창 : 롯데월드타워&몰 홈페이지로 이동"">http://www.lwt.co.kr</a>","매장 별로 상이함<br>
※ 홈페이지 참조",매장 별로 상이함<br>※ 홈페이지 참조,,
2591813,12,류순정·류홍 부자 묘역,서울특별시 구로구 오류동,"산43-31, 산43-32",7,126.8293840248,37.4887161799,,http://tong.visitkorea.or.kr/cms/resource/81/3392981_image2_1.JPG,Type3,HS,HS01,HS010800,"조선 전기의 문신 류순정(1459~1512)과 무신인 그의 아들 류홍(1483~1551)의 묘역이다. 류순정과 류홍 부자는 공을 세운 공신으로, 이 묘역은 16세기에 조성되었다. 오늘날 서울 지역에서 유일한 부자(父子) 2대 공신묘역으로, 돌로 만들어 묘 앞에 세워 둔 석물들의 양식과 묘역의 조성 형태로 조선시대 공신의 묘를 세우던 관습이나 제도 등 묘제의 특징을 파악할 수 있는 가치를 지닌다. 
류순정의 묘 형태는 부인과 상하 합장으로, 위는 류순정의 묘이고 아래는 부인 안동 권씨의 묘이다. 부부의 묘역 왼쪽에는 류순정의 생애와 업적을 기리기 위해 1567년(명종 22)에 세운 신도비가 있다. 비문은 한성부 판윤이었던 강혼이 지었고, 글씨는 이름난 서예가였던 송인이 썼다.
류순정의 묘에서 서남쪽으로 약 150m 떨어진 언덕에 아들 류홍을 비롯한 후손의 묘역이 있다.","<a href=""https://www.guro.go.kr/www/contents.do?key=3003&"" target=""_blank"" title=""새창 : 구로구청 홈페이지로 이동"">www.guro.go.kr</a>",상시 개방,연중무휴,,
2946527,12,리얼 이스케이프 챌린지,서울특별시 마포구 와우산로27길 21 (서교동),,13,126.9271149424,37.5542047587,,http://tong.visitkorea.or.kr/cms/resource/75/2945575_image2_1.jpg,Type1,EX,EX07,EX070200,"‘리얼 이스케이프 챌린지’는 스릴 넘치는 게임, 신선한 테마, 놀라운 스토리가 가득하며 테마에 따라 제한 시간 안에 방에서 탈출해야 하는 방탈출카페이다. 이곳은 러블리즈 멤버 ‘미주’ 등 연예인들도 즐겨 찾는 곳이다. 주기적으로 테마가 교체되며 방마다 영어로 표기되어 있는 외국인을 위한 안내서비스가 제공되고 있다. 그리고 100% 예약제로 운영되기 때문에 네이버 예약 또는 홈페이지로 예약 후 방문을 해야 한다. 게임 시작 전 휴대폰과 스마트워치 등의 전자기기는 사물함에 보관해야 하며 사전 동의서 작성 후 게임을 시작하게 된다. 게임이 진행되는 60분간 타당한 이유가 없는 한 퇴장이 불가하다. 빨리 탈출하게 된다면 방탈출 랭킹에도 올라갈 수 있다.","<a href=""https://www.rec-escape.com/""target=""_blank"" title=""새창 : 업체홈페이지 이동"">https://www.rec-escape.com/</a><br><a href=""https://www.instagram.com/rec_escape""target=""_blank"" title=""새창 : 업체인스타그램 이동"">https://www.instagram.com/rec_escape</a>",11:00~ 23:00 ※예약 등 자세한 사항은 홈페이지 참조 요망,,,
3458417,12,마곡광장,서울특별시 강서구 마곡중앙5로 지하9 (마곡동),,4,126.8269404101,37.5660654800,,http://tong.visitkorea.or.kr/cms/resource/81/3458381_image2_1.JPG,Type1,VE,VE03,VE030400,"마곡광장은 서울특별시 강서구 마곡동에 위치한 복합 문화 공간이다. 이곳은 지하철 9호선과 공항철도 마곡나루역 사이에 위치하며, 면적은 약 12,979㎡이다. 
광장은 지상 1층부터 지하 2층까지 구성되어 있으며, 지상부는 공원으로 조성되어 시민들의 휴식 공간을 제공한다. 지하 1층에는 선큰광장과 상가, 그리고 지하철 9호선 마곡나루역이 위치해 있어 편리한 교통 접근성을 갖추고 있다. 
마곡광장은 마곡지구의 중심부에 위치하여 업무지구를 관통하는 보행축과 페스티벌이 이루어지는 가로축이 교차하는 지점에 자리하고 있다. 이로 인해 교통의 중심지이자 문화 활동의 거점으로 기능하고 있다. 
또한, 광장 주변에는 스마트 이끼 타워, 스마트 모빌리티, 미세먼지 저감 수직 정원 등 스마트 시티 서비스가 구현된 첨단 시설들이 설치되어 있어 방문객들에게 미래 지향적인 도시 환경을 체험할 수 있는 기회를 제공한다. 
마곡광장은 도심 속에서 자연과 첨단 기술이 어우러진 공간으로, 시민들에게 다양한 문화와 휴식의 기회를 제공하는 서울의 새로운 랜드마크로 자리매김하고 있다.",,,,,
126487,12,마로니에공원,서울특별시 종로구 대학로 104,,23,127.0027239807,37.5802419773,,http://tong.visitkorea.or.kr/cms/resource/35/3506735_image2_1.jpg,Type1,VE,VE03,VE030100,"마로니에공원은 서울 시민들을 위한 문화예술의 터전으로 옛 서울대학교 문리대, 법대 자리에 있다. 이곳에는 마로니에나무가 자라고 있는데 1929년 4월 5일 서울대학교의 전신인 경성제국대학 시절에 심은 것으로, 이 나무 이름을 따서 마로니에공원이라는 이름이 붙었다.
어린이놀이터가 있고 야외무대와 분수공원, 조각품 등이 전시되어 있다. 야외무대는 가수들의 공연장과 각종 문화행사장으로 활용되고 있다. 이 공원 주위로 문예회관 대극장과 바탕골소극장, 동숭아트센터 등의 소극장이 자리하고 있다. 유명한 맛집과 다양한 컨셉의 카페들이 주위에 많다. 이 공원에서는 연중무휴 무료로 개방되는 공연과 행사들에 많아서 언제 방문하더라도 참여하고 즐길 거리가 가득하다.","<a href=""http://parks.seoul.go.kr/parks/detailView.do?pIdx=72&tabTarget=1"" target=""_blank"" title=""서울의 공원 사이트로 이동"">http://parks.seoul.go.kr</a>",상시 개방,연중무휴,,
2752525,12,마루공원,서울특별시 강남구 일원동,,1,127.0808164645,37.4965531025,,http://tong.visitkorea.or.kr/cms/resource/61/3467561_image2_1.jpg,Type3,VE,VE02,VE020100,"강남구 일원동에 있는 마루공원은 주차가 가능한 공원으로 반려견과 함께 산책하기 좋은 곳이다. 날씨가 좋을 때는 다수의 방문객이 공원에 설치된 그늘막 아래쪽에서 텐트와 의자를 펼치고 쉬는 모습을 볼 수 있다. 공원 내에는 2개의 놀이터 구역이 있는데 한 곳은 미끄럼틀과 그네가 있는 일반 놀이터이고, 또 다른 구역은 여러 종류의 도로 교통 표지판들이 나열되어 있어 교통안전 교육과 더불어 기차, 자동차 등을 타고 놀 수 있는 공간으로 구성되어 있으며, 놀이터 바닥이 푹신푹신하게 되어 있어 어린이들이 넘어져도 다치지 않고 안전하게 뛰어놀 수 있다.",,상시 개방,연중무휴,,
2757653,12,마천공원,서울특별시 송파구 성내천로23길 12 (마천동),,18,127.1457909755,37.5012815023,,http://tong.visitkorea.or.kr/cms/resource/52/3401452_image2_1.JPG,Type3,VE,VE03,VE030100,"마천공원은 서울 송파구 마천동에 있는 근린공원으로 주택가에 자리 잡고 있다. 공원의 규모는 작은 편이지만 관리사무실, 화장실, 어린이놀이터, 산책로 등 내부에 시설들이 잘 갖추어져 있다. 운동장과 놀이터를 중심으로 공원 내 아스팔트 길로 걷기 운동을 하기 좋고, 옆쪽으로 올라가면 나무들이 많이 있는 풍경을 보며 산책할 수 있다. 온동장은 인조잔디로 꽤 넓은 편이다. 옆쪽으로는 경로당이 있고 앞쪽에 운동기구들이 있다. 마천공원은 지역 어린이와 어른 모두에게 휴식과 건강 증진에 도움을 주는 공간이다.",,상시 개방,연중무휴,,
2373247,12,마포전차종점 3·1운동 만세 시위지,서울특별시 마포구 마포대로 20 (마포동),,13,126.9450026445,37.5384763513,,http://tong.visitkorea.or.kr/cms/resource/62/3401362_image2_1.JPG,Type3,HS,HS01,HS011200,"마포 전차 종점은 현재는 서울 지하철 5호선 마포역에서 마포대교 진입 구간을 이른다. 일제강점기부터 1960년대 말까지 서울 중심부를 오가던 전차의 종점이 있던 곳이다. 이 장소는 역사적으로 중요한 지점으로 1919년 3월 1일 오후 8시경 약 1,000명의 군중이 모여 독립 만세 시위를 벌인 3·1 운동 만세 시위지이다.
1919년 3월 1일, 태화관에서 독립선언식을 거행하고 오후 2시 탑골공원 팔각정에서 독립선언서가 낭독되며 수천 명의 학생들이 대한독립만세를 외치며 시위행진을 벌였다. 종로에서 광교, 시청 앞, 남대문 등지를 거쳐 해가 질 무렵 오후 8시에 이곳 마포 전차 종점에 집결하여 다시 한번 크게 독립만세를 외쳤고, 연희전문학교 부근에서는 오후 11경까지 해산하지 않고 시위행진은 계속되었다. 단 한 건의 폭동도 발생하지 않고 평화적이고 비폭력적인 방법으로 우리 민족의 독립 의지를 표명했던 곳이다.
현재는 현재 마포전차종점은 3·1운동의 역사적 의미를 기리기 위해 기념비와 유적지가 남아 있으며, 많은 사람들이 이곳을 방문해 역사적 기억을 되새긴다.","<a href=""http://mfis.mpva.go.kr/memorial/movementView.do?sid=655&memorialType=true&gubunCode=ALL&pageIndex=1&searchCondition=%EC%A0%9C%EB%AA%A9&searchKeyword=%EB%A7%88%ED%8F%AC%EC%A0%84%EC%B0%A8%EC%A2%85%EC%A0%90"" target=""_blank"" title=""새창 : 국가보훈부 현충시설정보서비스로이동"">http://mfis.mpva.go.kr</a>",상시 개방,연중무휴,,
127307,12,망원정 터,서울특별시 마포구 동교로8안길 23 (합정동),,13,126.9047532101,37.5499992917,,http://tong.visitkorea.or.kr/cms/resource/43/720543_image2_1.jpg,Type3,HS,HS01,HS011200,"합정동에 자리 잡고있는 정자로서 서울시 기념물로 1989년 10월 복원되어 관리하고 있다. 세종 6년(1424년)에 효령대군이 별서를 지었는데 이듬해 세종이 서교에 농정을 살피러 왔다가 정자에 들렀을 때 단비가 내리어 '희우정'으로 이름 지었다고 하며, 성종 15년(1484년)에 월산대군이 정자를 크게 고치고, 망원정으로 이름했다. 연산군 12년 7월 1천여 명이 앉을 수 있게 확장하고 수려정으로 고쳤으나, 그해 9월 중종반정으로, 다시 망원정으로 변경하였다. 1925년 을축대홍수과 한강개발로 자취를 감추었던 것을 한강변 문화 유적 복원 계획의 일환으로 1988년 6월에 기공하여 1989년 10월 준공하였다. 근처의 망원동은 바로 이 정자에서 딴 동네 이름이다.<br>","<a href=""https://www.mapo.go.kr/site/culture/tour/culture_onstop_tour_view?motSeq=1969"" target=""_blank"" title=""새창 : 마포구 문화관광 홈페이지로 이동"">https://www.mapo.go.kr</a>",상시 개방,연중무휴,,
1059638,12,망원한강공원,서울특별시 마포구 마포나루길 467,,13,126.8999035848,37.5523989260,,,,VE,VE03,VE030100,"서울 시민의 휴식공간인 한강시민공원 중 망원한강공원은 원효대교와 성산대교 사이 강변북단에 위치해 있으며, 마포구와 인접해 있다. 둔치에는 잔디밭과 산책로 등 휴식공간 잘 조성되어 있고, 각종 운동시설과 자전거도로 등도 마련되어 있다. 친구와 연인과 함께 방문해 휴식시간을 가질 수 있다. 또한 수상에서는 윈드서핑, 수상스키, 모터보트 등 수상레저활동이 이루어지고 있고, 주변에 망원정, 절두산 성지 등 문화유적지가 있으며, 월드컵경기장, 인천국제공항 등과 연계되어 있다.","<a href=""https://hangang.seoul.go.kr/archives/46737"" target=""_blank"" title=""새창 : 한강공원 홈페이지로 이동"">https://hangang.seoul.go.kr/</a>",상시 개방,연중무휴,,
1131275,12,매헌시민의 숲,서울특별시 서초구 매헌로 99 (양재동),,15,127.0368379074,37.4691610476,,http://tong.visitkorea.or.kr/cms/resource/02/3571602_image2_1.jpg,Type1,NA,NA01,NA010200,"매헌시민의 숲은 우리나라 최초로 숲 개념을 도입한 공원으로 도심에서 보기 힘든 울창한 숲을 이루고 있는 공원이다. 86아시안 게임과 88올림픽을 앞두고 당시 서울의 관문이었던 양재 톨게이트 주변 환경을 개선하고자 1986년에 공원으로 조성되었다. 공원에는 소나무, 느티나무, 당단풍, 칠엽수, 잣나무 등 70종 25만 주의 수목이 식재되어 있다. 매헌로를 기준으로 북측 구역에는 매헌윤봉길의사기념관, 바닥분수, 어린이놀이터 등이 있어 아이들과 나들이를 하러 가족들이 많이 찾는다. 남측 구역에는 유격 백마부대 충혼탑과 1987년 미얀마 안다만해협 상공에서 북한의 테러로 폭파된 대한항공 858편의 위령탑, 1995년 삼풍백화점 붕괴로 사망한 희생자와 유족들을 위로하기 위해 세운 위령탑, 우면산 산사태 희생자 추모비 등이 있다. 특히, 매헌시민의 숲 제3구역은 서초구에서 문화예술공원으로 조성하였는데, 놀이마당, 야외공연장, 각종 기획전시장, 조각공원, 만남의 광장 등으로 구성되어 있다. 이곳에서 공연과 전시회등이 열리고 있어 문화자치구를 자랑하는 서초구의 새로운 명소로 각광받고 있다. 이렇게 공간마다 색다른 분위기를 연출하고 있어 시민들에게 많은 사랑을 받고 있는 공간이다.","<a href=""https://parks.seoul.go.kr/template/sub/citizen.do"" target=""_blank"" title=""새창 : 서울의 공원 홈페이지로 이동"">https://parks.seoul.go.kr</a>",상시 개방,연중무휴,,
2373320,12,맥아더 사령관 한강방어선 시찰지,서울특별시 영등포구 신길로 275 (영등포동),,20,126.9122840318,37.5162061316,,http://tong.visitkorea.or.kr/cms/resource/48/3384448_image2_1.JPG,Type3,HS,HS01,HS011200,"북한군의 남침 직후 맥아더 사령관이 미군의 참전 결정에 앞서 한강방어선 전황을 확인하기 위해 시찰한 장소이다. 1950년 6월 29일 수원비행장에 도착한 미 극동군 사령관 맥아더는 전쟁 상황에 대한 보고를 받았다. 이어 전선을 직접 확인하기로 하고, 시흥을 거쳐 한강 전선을 마주한 영등포 동양맥주공장(현 영등포공원) 옆 언덕으로 이동하여 전황을 관찰하였다. 이때 언덕의 진지를 방어하던 한 병사가 “상관이 철수 명령을 내릴 때까지 지키겠다”라고 말하여 맥아더를 크게 감동시켰다고 한다. 이날 맥아더의 전선 시찰을 미군의 6·25전쟁 참전에 중요한 계기가 되었다.","<a href=""http://mfis.mpva.go.kr/memorial/movementView.do?gubunCode=ALL&sid=581&pageIndex=1&searFacilgubun=&searTopicsort=&searAddr_sigun=&searMpvabranch=&searVR=&searInfo=&searGbn=tit&searTxt=%EB%A7%A5%EC%95%84%EB%8D%94"" target=""_blank"" title=""새창 : 현충시설정보서비스 홈페이지로 이동"">http://mfis.mpva.go.kr/main/main.do</a>",상시 개방,연중무휴,,
264311,12,명동,서울특별시 중구 명동2가,,24,126.9849150050,37.5621520930,,http://tong.visitkorea.or.kr/cms/resource/96/3548996_image2_1.jpg,Type1,EX,EX07,EX070200,"명동은 거대 쇼핑도시를 연상케 하는 공간이다. 일반적으로 명동 거리는 지하철 4호선 명동역에서 을지로, 롯데백화점으로 이어지는 약 1㎞정도의 거리를 말한다. 이곳에는 각종 브랜드매장, 백화점, 보세가게 등이 밀집되어 있다. 유행의 메카라는 표현이 어울릴 정도로 의류, 신발, 액세서리 등의 다양한 제품을 구입할 수 있다. 백화점으로는 가까이에 롯데백화점, 신세계백화점이 있으며, 명동거리에는 눈스퀘어, 명동밀레오레, 엠플라자와 같은 쇼핑몰이 있다. 각종 브랜드샵은 중앙거리를 비롯해 사이드 골목에 밀집되어 있다. 명동에는 쇼핑과 함께 먹을거리, 즐길거리가 많다. 먹을거리로는 패밀리레스토랑, 패스트푸드점은 물론 한식, 양식, 일식으로 다양하다. 그 외에도 명동에는 헤어숍, 은행, 극장 등 많은 편의시설이 있다. 명동의 주요 관광지로는 한국 천주교 서울대교구 본당 건물인 명동성당, 명동 옛 국립극장을 복원하여 개관한 명동예술극장, 만화의 거리 등이 있다.","<a href=""http://www.junggu.seoul.kr/tour/content.do?cmsid=14818&sf_category1=CWS1325&mode=view&page=&cid=98087638"" target=""_blank"" title=""새창 : 중구문화관광으로 이동"">http://www.junggu.seoul.kr/tour/</a>",상시 개방,연중무휴,,
1957600,12,명동 남대문 북창동 다동무교동 관광특구,서울특별시 중구 세종대로 40,(남대문로4가),24,126.9753048316,37.5599771733,,http://tong.visitkorea.or.kr/cms/resource/42/3077642_image2_1.JPG,Type3,VE,VE05,VE050100,"명동, 남대문, 북창동, 다동무교동 관광특구는 서울 중심부에 있는 명동과 남대문, 북창동, 다동 무교동 일대의 외국인이 많이 찾는 쇼핑과 먹거리 명소를 말한다. 대한민국의 대표적인 상업 및 금융 중심지이며 쇼핑과 문화, 예술과 패션의 1번지로 롯데백화점, 신세계백화점, 명동 밀리오레, 삼익패션타운 등의 쇼핑몰이 자리하고 있다. 이곳에서 고급 명품에서부터 보세 옷에 이르기까지 다양한 쇼핑을 즐길 수 있다. 한국에 온 관광객이라면 누구나 들르는 랜드마크로 외국인 방문율이 가장 높은 지역이기도 하다. 한국 천주교회의 메카인 명동성당에서부터 남대문로에 이르는 명동 길을 중심으로 크고 작은 골목마다 상점들이 늘어서 있다. 최신 유행의 의류와 액세서리를 파는 상점뿐 아니라 수많은 노점까지 더해져 사는 재미, 구경하는 재미를 느낄 수 있다. 전통을 자랑하는 음식점과 휴식 공간인 카페도 구석구석 자리를 잡았다. 남대문시장은 대한민국 최대의 전통 시장이다. 노상과 건물을 아우르는 대단지 쇼핑타운이 밀집해 저렴한 가격에 각종 기념품과 토산품을 구매할 수 있다. 의류부터 패션 소품, 생활용품, 먹을거리 등 없는 것이 없는 곳으로 구석구석 뒤지면 신기한 것들이 쏟아져 나온다. 북창동과 소공동 일대는 롯데호텔, 웨스틴조선호텔 등 고급 숙박 시설과 면세 상점 등이 몰려 있으며 한국 전통 음식점들이 많아 ‘한국의 맛’을 찾는 외국인 관광객의 발길이 끊이지 않는다. 무교동과 다동 일대 역시 한국의 직장인들도 즐겨 찾는 한국의 다양한 먹거리로 유명한 지역이다.","중구문화관광 <a href=""https://www.junggu.seoul.kr/tour/content.do?cmsid=14910"" target=""_blank"" title=""새창 : 중구문화관광 홈페이지로 이동"">https://www.junggu.seoul.kr/tour</a>",점포 별로 상이함,점포 별로 상이함,,
2761662,12,명락사,서울특별시 관악구 청룡1길 11,,5,126.9470207355,37.4814635656,,http://tong.visitkorea.or.kr/cms/resource/83/2790183_image2_1.jpg,Type3,HS,HS03,HS030100,"서울 관악구 청룡동에 있는 명락사는 관악산 줄기의 끝자락 도심 상업지역에 있다. 40여 년 넘게 서울 서남권의 포교 활동과 다문화가정을 위한 포교에 관심을 기울이고 있는 사찰이다. 청년회가 활성화되어 있으며, 토요일 저녁 8시 30분부터 정기 법회를 갖는다. 2호선 봉천역과 서울대입구역 중간지점에 있다.",,상시 개방,연중무휴,,
250350,12,목멱산 봉수대 터,서울특별시 중구 예장동,8-1,24,126.9875150542,37.5520533130,,http://tong.visitkorea.or.kr/cms/resource/15/3477015_image2_1.JPG,Type3,HS,HS01,HS010200,"봉수대는 횃불과 연기를 이용하여 급한 소식을 전하던 옛날의 통신수단을 말한다. 높은 산에 올라가서 불을 피워 낮에는 연기로 밤에는 불빛으로 신호를 보냈다. 남산 봉수대는 조선 태조 3년(1394)에 도읍을 한양으로 옮긴 뒤 설치하여, 갑오경장 다음 해까지 약 500년간 사용되어 왔다. 남산의 옛 이름을 따서 ‘목멱산 봉수대’라 하기도 하고, 서울에 있다 하여 ‘경봉수대’라 부르기도 하였다. 평상시에는 1개, 적이 나타나면 2개, 적이 경계에 접근하면 3개, 경계를 침범하면 4개, 경계에서 아군과 전투를 벌이면 5개의 불을 올리도록 하였다. 남산 봉수대는 전국의 봉수가 도달하게 되는 중앙 봉수대로서 중요한 역할을 담당하던 곳이다. 동쪽에서부터 서쪽으로 향하여 5개소가 있었다 하는데, 현재 봉수대는 없어지고 터만 남아있다. 전해지는 기록이 없어 정확하 자리를 확인할 수는 없는데, 「청구도」등의 관련자료를 종합하여 1개소를 복원하였다.","<a href=""https://www.heritage.go.kr/heri/cul/culSelectDetail.do?pageNo=1_1_1_1&sngl=Y&ccbaCpno=2331100140000"" target=""_blank"" title=""새창 : 국가유산청으로 이동"">https://www.khs.go.kr/</a>",상시 개방,연중무휴,,
753981,12,몽마르뜨공원,서울특별시 서초구 반포대로 201 (반포동),,15,127.0045483736,37.4976821568,,http://tong.visitkorea.or.kr/cms/resource/12/3456312_image2_1.jpg,Type1,VE,VE03,VE030100,"몽마르뜨공원은 서래마을 위쪽에 위치한 공원이다. 공원 인근에는 서래마을이 위치하고 있는데, 이곳에는 프랑스인들이 많이 거주하고 있어  공원의 이름을 몽마르뜨공원으로 명명하게 되었다. 
몽마르뜨공원은 명칭만큼이나 예술과 낭만이 가득한 공원이다. 비록 규모는 크지 않지만, 공원에는 프랑스 시인들이 남긴 시와 조형 예술작품들이 가득하다. 빈센트 반고흐, 폴 고갱, 파블로 피카소 등 프랑스에서 활동한 대표적인 예술가들의 흉상 조형물도 볼 수 있다. 또한, 대중가수로 유명한 이미자의 기념공간인 이미자 뜰이 조성되어 있고, 놀이터 시설도 조성되어 있어 아이와 함께 피크닉을 즐기기에도 좋다. 
몽마르뜨공원 끝에는 서리풀 근린공원을 잇는 누에다리가 있다. 누에다리를 건너서 계절에 따라 다양한 꽃들을 감상할 수 있는 서리풀근린공원까지 산책을 즐길 수 있다.",,상시 개방,연중무휴,,
127525,12,몽촌토성,서울특별시 송파구 올림픽로 424,,18,127.1229758237,37.5209871362,,,,HS,HS01,HS010200,"올림픽공원 안에 있는 몽촌토성은 한강 지류를 끼고 있는 이곳의 자연 지형을 이용하여 진흙을 다져 쌓아 성벽을 만든 백제의 토성이다. 특히 북벽의 단을 이룬 곳에서 목책을 세웠던 흔적이 발견되어 나무 울타리로 방비했음을 알 수가 있다. 토성은 남한산성에서 뻗어 내린 구릉지를 이용하여 외성과 내성으로 중첩된 구조로 지어졌으며, 백제가 고대 국가의 터전을 마련한 한성시대, 즉 3~4세기 때 만들어진 거성의 하나로 하남 위례성으로 추정되며 사적으로 지정되어 있다. 올림픽공원 북 2문에서 몽촌토성 방면으로 가다 보면 몽촌역사관이 있다. 몽촌토성 발굴 과정에서 출토된 유물들을 전시하는 역사관으로 몽촌토성의 역사와 백제 문화의 흔적을 관람할 수 있는 전시관이다.","<a href=""http://korean.visitseoul.net/nature/%EB%AA%BD%EC%B4%8C%ED%86%A0%EC%84%B1_/2210"" target=""_blank"" title=""비짓서울 사이트로 이동"">http://korean.visitseoul.net/nature</a>","[몽촌토성]<br>
- 도보, 자전거 05:00~22:00<br>
- 차량 06:00~22:00<br>
[몽촌역사관]<br>
- 09:00~18:00",연중무휴,,
1603543,12,무궁화동산,서울특별시 종로구 궁정동 55-5,,23,126.9721572068,37.5843076223,,http://tong.visitkorea.or.kr/cms/resource/24/3399924_image2_1.JPG,Type3,VE,VE03,VE030100,"무궁화동산은 옛 중앙정보부의 궁정동 안전가옥 터에 마련된 시민휴식공원이다. 본래 이곳은 청와대 구내로 출입이 금지되었던 곳이나 1993년 청와대 앞길이 개방된 뒤 시민공원으로 조성되었다. 태극무늬로 무궁화를 심었으며, 중앙에 궁정동을 상징하는 ‘우물 정’ 자의 분수대가 놓여 있다. 주변에 자연석으로 성곽을 만들고 240m의 산책로 주위에는 화단을 만들어 놓았다. 화단에는 전국 각지의 야생화 7,700그루를 심었으며, 무궁화와 소나무·느티나무 등 수목 13종 1,500여 그루를 심어 놓았다. 군데군데 벤치가 있어 인근 주민들의 휴식처로도 이용된다.",,상시 개방,연중무휴,,
2759649,12,무수골계곡,서울특별시 도봉구 도봉동,468-1,10,127.0338156248,37.6766535473,,http://tong.visitkorea.or.kr/cms/resource/58/3571758_image2_1.jpg,Type1,NA,NA01,NA010400,"경기도 의정부와 맞닿은 서울의 최북단 도봉산은 자운봉 740m와 오봉산 683m의 높은 봉우리 아래로 용어천계곡, 문사동계곡, 원도봉계곡 등이 있다. 산 정상에서 마을로 내려가는 마지막 자락에 길게 뻗은 계곡이 있는데, 그곳이 도봉계곡 또는 무수골계곡이라고도 불린다. 
무수골계곡은 많은 바위와 물줄기를 만날 수 있는 곳이다. 여름철 더위를 피해 산과 물을 찾는 사람들에게 사랑받는 인기가 많은 계곡이다. 다만, 북한산국립공원 내에 위치해 있기 때문에 출입은 한시적으로만 허용이 된다. 또한 야영, 취사, 흡연, 반려동물 출입, 소음 유발 도구 소지, 파라솔과 해먹, 접이식 의자 이용 행위 등은 금지·제한되어 있다.","<a href=""https://www.knps.or.kr/front/portal/visit/visitCourseMain.do?parkId=121500&menuNo=7020092"" target=""_blank"" title=""새창 : 북한산국립공원 홈페이지로 이동"">https://www.knps.or.kr</a>","상시 개방<br>
※ 단, 계곡 출입은 한시적으로 허용하고 있으므로 자세한 사항은 홈페이지 확인 또는 전화 문의",연중무휴,,
2762874,12,묵정어린이공원,서울특별시 중구 동호로31길 21,(충무로5가),24,127.0016134507,37.5633050369,,http://tong.visitkorea.or.kr/cms/resource/86/3463686_image2_1.jpg,Type3,VE,VE03,VE030300,"서울 중구 충무로 위치한 묵정어린이공원은 1992년 개장해 2007년 개보수를 거쳐 인근 도시민들에게 휴식처를 제공하고 있다. 이 공원은 넓은 녹지 공간과 함께 다양한 놀이시설이 갖춰져 있어 아이들이 마음껏 뛰어놀 수 있는 환경을 제공한다. 또한 운동 시설, 벤치, 조각품 등이 설치되어 있으며, 소나무 등 여러 종류의 나무와 꽃들이 잘 심어져 있는 경관이 아름다운 공원이다.",,상시 개방,연중무휴,,
2650230,12,문래예술공장,서울특별시 영등포구 경인로88길 5-4,,20,126.9001602190,37.5132812541,,http://tong.visitkorea.or.kr/cms/resource/16/3466116_image2_1.jpg,Type3,VE,VE12,VE120300,"서울특별시 창작공간 문래예술공장은 자생적 예술 마을인 문래창작촌을 포함하여 국내외 다양한 예술가들을 위한 창작지원센터로 2010년 1월 28일에 개관했다. 문래동 철공소 거리의 옛 철재 상가 자리에 전문 창작공간으로 새롭게 건립되었으며, 공동작업실, 다목적 발표장을 비롯해 녹음실, 세미나실 등 창작 및 발표 활동을 위한 다양한 지원시설을 갖추고 있다. 장르의 경계를 넘어 자유로운 동시대 실험 예술을 지원하는 예술창작 플랫폼이다.","<a href=""https://www.sfac.or.kr/artspace/artspace/mullae_main.do"" target=""_blank"" title=""새창 : 문래예술공장 홈페이지로 이동"">http://www.sfac.or.kr/</a>",※ 시설 별 상이하므로 전화문의 요망,※ 시설 별 상이하므로 전화문의 요망,,
250364,12,문화역 서울 284,서울특별시 중구 통일로 1 (봉래동2가),,24,126.9716247231,37.5560109019,,http://tong.visitkorea.or.kr/cms/resource/89/3413089_image2_1.png,Type1,EX,EX07,EX070200,"문화역 서울 284는 한국 근현대사의 주요 무대이자 교통과 교류의 관문이었던 구 서울역사의 원형을 복원해 만든 복합문화공간이다. 문화·예술의 창작과 교류가 이루어지는 플랫폼으로서 전시, 공연, 워크숍 등 다채로운 프로그램을 진행하고 있다.
1900년 남대문정차장을 시작으로 경성역을 거쳐 서울역이 됐다가 2004년 구역사가 폐쇄되며 새로운 공간으로 변신했다. 건물 외관은 1925년 경성역을 복원해 재현한 것이다. 유럽 르네상스식의 이국적인 외관으로 붉은 벽돌, 화강암 바닥, 인조석을 붙인 벽, 박달나무 바닥으로 이루어져 있어 인기를 끌었다.

◎ 한류의 매력을 만나는 여행 정보 
드라마 <무인도의 디바> 속 목하(박은빈 분)가 꽃을 들고 기호(채종협 분)를 기다리던 곳이다. 옛 서울역사를 복원한 만큼, 드라마 <응답하라 1994>에서는 삼천포(김성균 분)가 상경한 장소로 등장한다.","<a href=""http://www.seoul284.org"" target=""_blank"" title=""문화역서울284 사이트로 이동"">http://www.seoul284.org</a><br>",11:00~19:00 (입장 마감 : 관람 종료 1시간 전),매주 월요일<br>※전시 기간 확인 후 방문 요망(전시 준비 기간 미운영),,
309302,12,미타사(성동),서울특별시 성동구 독서당로40길 21,,16,127.0171792585,37.5435714979,,http://tong.visitkorea.or.kr/cms/resource/39/3550539_image2_1.jpg,Type1,HS,HS03,HS030100,"옥수동에 자리한 미타사는 대한불교 조계종 조계사의 직할 사찰로 달맞이봉공원 아래 위치해 있다. 또, 두뭇개에 있으므로 두뭇개승방이라고도 한다. 888년 신라 진성여왕 2년에 창건된 미타사는 금호동 부근에 대원 비구니 스님의 원력으로 창건되었으며 1115년 봉적 두 비구니 스님이 현재의 옥수동으로 옮겨 극락전을 건립하고 아미타불을 모신 후 국사로부터 미타사라는 사명을 받았다. 미타사의 극락전과 관음전은 불심 깊은 조대비의 보시로 건립되었으며 극락전의 삼존불과 6개의 탱화, 관음전의 천수 탱화, 7층 석탑 등은 불교예술의 전통미를 함축하고 있다. 미타사는 역사를 이어오며 많은 비구니 스님이 운집하여 미타사 내에 각기 암자를 건립하게 되는데 현재는 대승암, 칠성각, 금보암, 금수암, 정수암, 관음암, 용운암의 7개 암자가 있는 서울 도심 속의 특별한 전통 사찰이다. 1988년 천불전과 미타유치원을 건립하여 지역주민과 불자들의 친행처와 지역 어린이 보육전당으로 운영하고 있다.",,상시 개방,연중무휴,,
309299,12,미타사(성북),서울특별시 성북구 보문사길 6-16 (보문동3가),,17,127.0163337157,37.5850249996,,http://tong.visitkorea.or.kr/cms/resource/62/3571662_image2_1.jpg,Type1,HS,HS03,HS030100,"보문사와 담장 하나 사이에 있으며, 탑골승방으로 잘 아려진 미타사는 여승들의 거처이다. 이 사찰은 950년에 혜거국사가 처음 창건하고 미타사라는 이름을 지었다고 전해진다. 1047년에는 석탑을 조성하여 탑골승방이라 하였다. 석탑은 대웅전 뒤 단하각 왼쪽 언덕 위에 위치해 있다. 이 절은 131년에 혜감국사에 의해 중건되었고, 조선시대에 들어와서는 단종비였던 정순왕후 송씨에 의해 중수되었다. 또 이곳에는 6층으로 된 오래된 석탑이 있는데, 위 3층과 아래 3층이 그 시대를 달리하고 있다. 아래 3층의 조성 시기를 고려 때로 보고 있다.",,09:00~18:00,연중무휴,,
605961,12,민영환 자결터,서울특별시 종로구 인사동5길 41 (공평동),,23,126.9841842397,37.5719065020,,http://tong.visitkorea.or.kr/cms/resource/62/3050162_image2_1.JPG,Type3,HS,HS01,HS011200,"민영환 자결터는 민영환이 을사늑약에 항거하다 자결하여 순국한 곳이다. 조선말의 충신 민영환은 을사늑약의 폐기를 궁궐 앞에서 주장하다가 일본 헌병의 강제해산으로 실패하자 1905년 11월 30일 새벽 6시에 청지기의 집에서 국민, 외교사절, 황제에게 보내는 유서 3통을 남기고 자결하였다. 순국 후 피 묻은 옷과 칼을 산청 마루방에 걸어두었는데 이듬해 5월 산청의 문을 열어보니 대나무 네 줄기가 마룻바닥과 피 묻은 옷을 뚫고 올라왔다고 한다. 사람들은 그의 충정이 혈죽으로 나타났다고 하여 이 나무를 절죽이라 하였다. 종로구 인사동 하나빌딩 앞 민영환의 자결터에 김충헌이 글씨를 쓰고 백문기가 조각한 추모 조형물이 세워져 있다. 이 조형물에는 그의 충정이 나타났다고 하는 혈죽을 상징하는 대나무와 창호문이 조각되어 있고 자결할 때 사용한 단검과 유서 등을 배치했다.","종로문화관광 <a href=""https://tour.jongno.go.kr/tour/tour/indvdlz/view.do?nttId=33964&menuNo=2350"" target=""_blank"" title=""새창 : 종로문화관광 홈페이지로 이동""> http://tour.jongno.go.kr</a>",상시 개방,연중무휴,,
2373326,12,반공 청년운동 순국 열사 기념비,서울특별시 중구 남산공원길 125-72,,24,126.9873511751,37.5522310680,,http://tong.visitkorea.or.kr/cms/resource/35/3064135_image2_1.JPG,Type3,HS,HS02,HS020100,반공청년운동 기념비 건립위원회가 반공청년운동을 전개하다 순국한 애국열사들의 넋을 기리고 그들의 호국정신을 길이 계승하고자 1968년 10월 9일 중구 예장동 산5-6에 건립한 기념비이다. ‘이 비석은 돌이 아니고 반공투사들의 심장입니다.’라는 문구가 비석에 새겨져 있다. 앞으로 살아갈 세월이 많았던 어린 애국열사 청년들이 짧은 일생을 영원한 조국에 바친 것에 대해 감사를 표하는 비석으로 의미가 있다. 기념비 주변에 남산 팔각정과 봉수대가 가까이에 있어서 함께 둘러보기 좋다.,"<a href=""http://mfis.mpva.go.kr/memorial/movementView.do?sid=35&memorialType=true&gubunCode=ALL&pageIndex=1&searchCondition=%EC%A0%9C%EB%AA%A9&searchKeyword=%EB%B0%98%EA%B3%B5%EC%B2%AD%EB%85%84%EC%9A%B4%EB%8F%99"" target=""_blank"" title=""새창 : 현충시설정보서비스 홈페이지로 이동"">http://mfis.mpva.go.kr</a>",상시 개방,연중무휴,,
2763871,12,방배배수지체육공원,서울특별시 서초구 남부순환로296길 4-9 (방배동),,15,117.9925662504,19.6944274800,,http://tong.visitkorea.or.kr/cms/resource/93/3467593_image2_1.jpg,Type3,VE,VE03,VE030500,"서울 서초구 사당역 방배래미안 아파트 건너편에 있는 방배체육공원은 앞으로는 매봉재산과 뒤로는 우면산을 사이에 두고 울창한 숲 속에 있는 30,353㎡ 규모의 체육공원이다. 방배체육공원으로도 불리며, 공원 전체가 금연/금주 구역이다. 인조 잔디가 깔린 축구장, 풋살구장, 실내 배드민턴 코트도 있으며 야간 조명시설도 갖췄다. 시설은 서울시 공공서비스예약(yeyak.seoul.go.kr) 사이트를 통해 예약, 이용할 수 있다. 여성축구교실, 유아축구교실, 서초홍명보어린이축구교실, 서초리틀야구단 프로그램이 운영되고 있다.","<a href=""https://www.seocho.go.kr/site/seocho/04/10405020600002015070703.jsp"" target=""_blank"" title=""새창 : 방배배수지체육공원 사이트로 이동"">https://www.seocho.go.kr/</a>","- 공원 상시 개방<br>
- 축구장, 풋살장 07:00~22:00",연중무휴,,
250166,12,방화대교,서울특별시 강서구 방화동로 61 (방화동),,4,126.8122361958,37.5660513299,,http://tong.visitkorea.or.kr/cms/resource/95/3566295_image2_1.jpg,Type1,VE,VE01,VE010300,"방화대교는 인천국제공항이 21세기 동북아시아 허브 공항의 역할을 수행할 수 있도록 건설된 한강대교 중 하나이다. 길이 2.6㎞로 한강 교량 중 가장 긴 도로교량이며, 국내 최초로 장경간 아치 트러스 구조로 설계, 시공된 한강의 27번째 교량으로 예술성과 기능성이 우수하다. 다리의 아치는 전통 사찰과 기와집 처마의 부드러운 이미지를 차용하여 개화산 봉우리, 덕양산 봉우리에 이어 인위적인 세 번째 봉우리가 되었다. 이륙하려는 듯한 거대한 항공기를 연상시키는 기하학적인 형상과 밤이면 한강 물결에 비치는 황홀한 야경이 보는 이로 하여금 감탄을 자아내게 한다. 다리의 조명이 켜지는 시간은 대략 저녁 일몰시부터 22:00분까지이므로 다리와 한국의 야경을 감상하며 드라이브를 즐기기에 시간적 여유가 있다. 야경도 아름답지만, 해 질 녘 방화대교 너머로 지는 태양이 방화대교의 아치와 어우러지는 모습은 절로 감탄이 나오는 절경이다.방화대교 자체가 서울의 외곽에 위치해 있어 답답한 도심에서 벗어나 여유로운 기분으로 자전거길이나 산책길을 즐길 수 있다.",,상시 개방,연중무휴,,
2661483,12,배봉산,서울특별시 동대문구 전농동,,11,127.0638156159,37.5809541050,,,,NA,NA01,NA010100,"배봉산은 서동대문구의 유일한 산지형 공원이다. 1968년 김신조 사건을 계기로 1973년 정상부에 군부대가 설치되어 48년 동안 정상부 출입이 통제되어 왔으나 2015년 군부대가 이전함에 따라 공원으로 복원하면서 정상부에 고구려 관방유적이 발견되어 서울특별시 기념물 제42호로 지정되었다. 2013년부터 2018년까지 4.5㎞의 둘레길이 완성되어 남녀노소 보행약자 누구나 이용할 수 있으며, 중간에 벤치들이 적절하게 배치되어 있어 쉬어가기 좋다. 숲속도서관, 인공암벽장, X-게임장, 황톳길 등 다양한 문화체육시설도 이용할 수 있어 동대문의 명소로 자리매김하고 있다.","<a href=""https://korean.visitseoul.net/nature/%EB%B0%B0%EB%B4%89%EC%82%B0%EA%B7%BC%EB%A6%B0%EA%B3%B5%EC%9B%90_/29459"" target=""_blank"" title=""새창 : 비짓서울 홈페이지로 이동"">https://korean.visitseoul.net</a>",상시 개방,연중무휴,,
309307,12,백련사(강북),서울특별시 강북구 4.19로20길 142 (수유동),,3,126.9995418240,37.6468091795,,http://tong.visitkorea.or.kr/cms/resource/48/3589348_image2_1.jpg,Type1,HS,HS03,HS030100,백련사［白蓮寺］은 서울시 강북구 수유 4동 산 127-1번지 삼각산에 자리한 한국불교 태고종 소속 사찰이다. 북한산 첩첩산중에는 많은 사찰들이 자리하고 있다. 유구한 역사를 지니고 있는가 하면 터만 남아 이름을 전하기도 한다. 그러나 사찰의 역사가 오래되었건 되지 않았건 모두 부처님의 연화도량임에는 변함이 없음이다. 4·19 국립묘지에서 대동문으로 오르는 등산로 가에는 작은 가람이 자리하고 있다. 백련사는 산을 오르는 사람들은 그냥 스쳐 지나가는 작은 사찰이지만 80여 년 전인 1930년 이은순여사가 지극한 신심으로 창건한 곳이다. 이후 많은 사람들이 머무르면서 수행과 포교의 도량으로서 자리매김하게 하였다. 그리고 오늘날에는 있는 듯 없는 듯 항상 그 자리에서 부처님의 법 등을 이어가고 있다.,,상시 개방,연중무휴,,
128028,12,백련사(서대문),서울특별시 서대문구 백련사길 170-43 (홍은동),,14,126.9273945625,37.5863899113,,http://tong.visitkorea.or.kr/cms/resource/12/3401412_image2_1.JPG,Type3,HS,HS03,HS030100,"서대문 백련산 자락에 있는 천년고찰 백련사는 신라 경덕왕 6년(747)에 진표율사가 창건하였다. 당시는 정토사라 하였는데 조선조 정종 원년에 백련사라 개칭하였다. 조선 2대 임금인 정종이 왕위를 태종에게 물려주고 난 뒤에 요양차 이곳에서 머무르기도 했다. 조선 임금 세조의 딸 의숙옹주가 20세에 남편을 잃고 비통함을 달래기 위해 돌아다니다가 여기서 해동묵(엄나무)을 보고 인생의 참뜻을 깨달았다고 한다. 그 후 의숙옹주의 원당으로 정하면서 이름을 백련사로 바꾸었다고 한다. 일설에 의하면 경복궁에서 볼 때 서쪽에 있어서 서방정, 정토사라고 하였는데 어느 여름날 연못에서 갑자기 하얀 연꽃이 피어올라 백련사라고 명칭을 바꾸었다고 전한다. 선조 때 임진왜란으로 소실되었으나 바로 재건하였고, 그 뒤로도 여러 차례 중창을 거듭했다. 1965년 준공한 극락전과 아미타불이 있는 무량수전, 관세음보살이 있는 원통전을 비롯해 약사전, 관음전, 명부전, 삼성각, 독성각, 벙종각, 해탈루가 있고 정포대화상과 정토관세음 보살상이 있다.",,상시 개방,연중무휴,,
129418,12,백범광장(백범 김구선생 동상),서울특별시 중구 회현동1가,100-115,24,126.9798156648,37.5552528034,,http://tong.visitkorea.or.kr/cms/resource/70/3586270_image2_1.jpg,Type1,VE,VE01,VE010500,"백범광장은 서울 중구 회현동 남산공원을 올라가는 도중 산 중턱에 위치해 있다. 공원 내에는 독립운동가이자 교육자이자 정치가인 백범 김구선생상이 설립되어 있다. 백범김구선생기념사업협회가 김구선생의 항일구국운동과 통일국가수립을 위해 노력한 애국정신을 기리기 위해 1969년 8월 백범광장 안에 설립한 것이다. 선생이 암살당한 뒤 2달 만에 김구선생동상건립추진위원회가 설립되면서 동상 건립논의가 시작됐다. 장소는 일제강점기 조선신궁 터였던 남산공원으로 정했다. 동상은 국내외 각계에서 보내온 찬조금으로 생존 시 만들어진 석고 흉상을 바탕으로 조각가 김경승과 민복진이 조각하여 높이 10m로 만들었다. 1960년에 결성된 백범김구선생기념사업회의 주도하에 1969년 4월 8일 동상 건립기공식을 열고, 그가 태어난 날인 8월 23일 동상 제막식을 가졌다. 동상 앞으로 넓은 잔디밭이 조성되어 있고 남산으로 오르는 길이 나있다. 이외에도 공원 내에는 삼국을 통일한 김유신 장군의 기마상과 이시영 선생 동상이 있다.","<a href=""https://korean.visitseoul.net/nature/%EB%B0%B1%EB%B2%94%EA%B4%91%EC%9E%A5%EA%B3%B5%EC%9B%90_/28656"" target=""_blank"" title=""새창 : 비짓서울 홈페이지로 이동"">https://korean.visitseoul.net</a>",상시 개방,연중무휴,,
2481866,12,백인제가옥,서울특별시 종로구 북촌로7길 16 (가회동),,23,126.9841423343,37.5804693948,,http://tong.visitkorea.or.kr/cms/resource/92/3096392_image2_1.jpg,Type1,HS,HS01,HS010400,"북촌 가회동에 위치한 백인제가옥은 근대 한옥의 양식을 고스란히 보존하고 있는 대표적인 일제강점기 한옥이다. 북촌이 한눈에 내려다보이는 2,460㎡의 대지 위에 당당한 사랑채를 중심으로 넉넉한 안채와 넓은 정원이 자리하고, 가장 높은 곳에는 아담한 별당채가 들어서 있다. 백인제가옥은 전통적인 한옥의 아름다움을 유지하면서도 근대적 변화를 수용하여, 건축 규모나 역사적 가치 면에서 윤보선 가옥과 함께 북촌을 대표하는 건축물로 소개되고 있다. 1907년 경성박람회 때 서울에 처음 소개된 압록강 흑송(黑松)을 사용하여 지어진 백인제가옥은 동시대의 전형적인 상류주택과 구별되는 여러 특징들을 갖고 있다. 사랑채와 안채를 별동으로 구분한 다른 전통한옥들과는 달리 두 공간이 복도로 연결되어 있어, 문 밖으로 나가지 않아도 자유롭게 이동할 수 있다. 또한 일본식 복도와 다다미방을 두거나 붉은 벽돌과 유리창을 많이 사용한 것은 건축 당시의 시대적 배경을 반영한 것이다. 또한 사랑채의 일부가 2층으로 건축되었는데, 이는 조선시대 전통한옥에서는 유례를 찾을 수 없는 백인제가옥만의 특징이다. 정원에서는 당당한 사랑채를, 중정에서는 넉넉한 안채를, 그리고 후원에서는 아담한 별당채의 모습을 감상할 수 있는 백인제 가옥은 우리 한옥의 다양한 아름다움이 한 자리에 모인 소중한 문화유산이다. 

◎ 한류의 매력을 만나는 여행 정보 - 드라마 <재벌집 막내 아들>
미라클 대주주 진도준과 순양 그룹 회장 진양철이 대면한 장소는 ‘백인제가옥’으로 백인제가옥은 대표적인 근대 한옥으로 북촌을 한눈에 내려다볼 수 있는 곳이다. 사랑채부터 안채, 정원과 별당채를 통해 당시 상류층의 삶이 어떠했는지 짐작해 볼 수 있는 가옥이기도 하다. 진양철과 진도준이 마주한 곳은 사랑채로, 해설 예약을 할 시 이곳의 내부 관람도 가능하니 잊지 말고 체크해 두는 것을 추천한다.","<a href=""https://museum.seoul.go.kr/www/intro/annexIntro/annex_22/annex_22_01.jsp?sso=ok"" target=""_blank"" title=""새창 : 서울역사박물관으로 이동"">https://museum.seoul.go.kr</a>",09:00~18:00 (입장마감 17:30),"매주 월요일 / 1월 1일<br>※ 단, 월요일이 공휴일인 경우 개관",,
2757155,12,법룡사,서울특별시 강남구 광평로31길 56 (수서동),,1,127.0883855136,37.4862044398,,http://tong.visitkorea.or.kr/cms/resource/57/3463057_image2_1.jpg,Type3,HS,HS03,HS030100,"서울 강남구 수서동에 있는 법룡사는 지하 2층, 지상 3층 규모의 배(반야용선) 모양의 현대식 건축물이다. 전국 비구니 스님과 불자들에게 수행과 포교, 사회복지 등 불교 전반에 대해 교육하고 사회 각 분야의 전문가를 양성하는 교육의 장으로 활용되고 있다. 재가불자를 위한 전문교육으로 입문반(주·야간반), 기본반(주·야간반)을 운영하고 있으며, 문화센터에서는 사찰 요리, 민화 그리기, 라인 체조, 규방 공예, 생활자수, 요가 교실, 꽃꽂이 교실, 다도, 불화 그리기 강좌 등을 운영하고 있다.","<a href=""https://kbhiksuni.org/beopyongsa-temple/"" target=""_blank"" title=""새창 : 법룡사 홈페이지로 이동"">https://kbhiksuni.org/beopyongsa-temple</a>","04:00~18:00<br>
※ 매월 첫째 금요일 19:00~21:00 능엄주 기도",,,
2751294,12,법안정사,서울특별시 양천구 목동동로 371 (목동),,19,126.8783949148,37.5353644110,,http://tong.visitkorea.or.kr/cms/resource/08/2779808_image2_1.jpg,Type3,HS,HS03,HS030100,"양천구 목동에 위치한 큰절 법안정사는 한불 수교 100주년을 기념하여 1989년 서울 목동지구 아파트 단지 내 종교 부지에 건축된 현대식 도심 사찰이다. 도심 속에 위치해 있어 대중교통으로도 접근하기에 용이하다. 총 4층으로 구성되어 있으며, 현대식 사찰로 지어진 덕분에 흔히 보던 절과는 다르게 웅장함을 뽐내고 있다.",,08:30~17:00,연중무휴,,
316104,12,보문사(서울),서울특별시 성북구 보문사길 20 (보문동3가),,17,127.0166614803,37.5844334073,,http://tong.visitkorea.or.kr/cms/resource/19/3393219_image2_1.JPG,Type3,HS,HS03,HS030100,"서울시의 전통사찰로 등록된 보문사는 서울특별시 성북구 보문동에 위치하고 있으며, 고려 예종 10년(1115)에 담진국사(曇眞國師)에 의해 창건되었다. 특히, 퇴경 권상로(1879~1965)가 저술한 『퇴경전서-보문사일신건축기(普門寺一新建築記)』에는 예부터 비구니스님들이 상주하며 국가의 안녕과 왕실의 번성을 기원하는 비구니 사찰로 기록하고 있다. 그 사이의 내용은 전해지지 않다가 2017년 극락보전 중수 불사를 진행하던 중 온전한 상태의 상량문이 발견되어 역사적 사실이 입증되었다. 지금의 형태를 갖추게 된 극락보전은 1747년(영조 23)에 최초 중건되었으며, 1824년(순조 24) 1차 중수, 1865년(고종 2)에 2차 중수되었다. 퇴경전서에 의하면 1826년에 수봉법총(秀峰法聰) 스님이 만세루를 신축하였으며, 1827년에 정운(正雲) 스님이 좌우 승당을 건축하였다고 한다. 1842년에는 영전(永典) 스님이 만세루를 수리하고, 1872년에 금훈(錦勳) 스님이 좌우 승당을 중수하였다고 전하고 있다.
극락보전 상량문의 발견으로 보문사는 1,800년대부터 줄곧 비구니 스님들이 상주하며 수행·정진하였으며, 특히 동치 4년 상량문에서는 왕실발원 사찰로 조선왕조의 왕실의 시주를 받아 불사를 진행하고 후궁과 상궁 등 궁인에서부터 사대부, 평민에 이르기까지 불사에 동참하였음을 보여주고 있다. 
보문사에는 왕실에서 하사한 연(輦)수식과 인로왕번(引路王幡)을 비롯하여 조선 후기에 제작한 석가불도, 신중도, 지장보살도 등 서울시 유형문화재, 조선 전기에 제작된 묘법연화경이 국가지정문화재로 지정되어 있으며 그 밖에도 다수의 유·무형의 문화재들이 남아있다.","<a href=""http://www.bomunsa.or.kr/"" target=""_blank"" title=""새창: 한불교보문종보문사 홈페이지로 이동"" >www.bomunsa.or.kr</a>",09:00~18:00,연중무휴,,
605497,12,보성사터,서울특별시 종로구 우정국로 55 (견지동),,23,126.9827509785,37.5739784579,,http://tong.visitkorea.or.kr/cms/resource/61/3518361_image2_1.jpg,Type1,HS,HS01,HS011100,"보성사는 1910년 말 창신사와 보성학원 소속 보성사 인쇄소를 합병하여 만든 천도교 계통의 인쇄소이다. 3·1 운동 동시 2만 장의 독립선언서를 인쇄한 곳이기도 하다. 당시 보성사 사장이었던 이종일은 공장 감독 김홍규, 총무 장효근 등과 함께 1919년 2월 27일 이곳에서 독립선언서를 인쇄하여 자신의 집으로 운반한 뒤, 다음날 전국 각지에 배포함으로써 독립운동의 발판을 마련하였다. 보성사는 30평 2층 기와 벽돌집으로 전동 보성학교 구내에 있었으며, 보성사의 소유주이기도 했던 천도교 교주 의암 손병희의 특명으로 육당 최남선이 초안을 집필하고 민족대표 33인이 서명한 독립선언서를 넘겨받아 사장 이종일, 공장 감독 김흥규, 총무 장효근이 1919년 2월 27일 밤에 3만 5천 매를 인쇄하였다. 일본 측의 형사에게 발각되는 위기도 있었으나 족보책이라고 위장하여 위기를 넘겼다. 3월 1일에는 윤익선과 이종린, 이종일, 김홍규 등이 지하신문인 조선 독립신문 1만 부를 계속 발행하였다. 일경은 보성사를 즉각 폐쇄하였으며, 1919년 6월 28일 밤에는 불을 질러 태워버린 이후 터만 남아 오늘에 전한다. 보성사는 현 종로구 조계사 경내에 있으며, 기념비와 동상은 조계사 후문 맞은편 근린공원에 있다.","<a href=""https://tour.jongno.go.kr/tour/tour/indvdlz/view.do?nttId=34744&menuId=2357&menuNo=2357"" target=""_blank"" title=""새창 : 종로 문화관광 홈페이지로 이동"">tour.jongno.go.kr</a>",상시 개방,연중무휴,,
126516,12,보신각터,서울특별시 종로구 종로 54,,23,126.9835760212,37.5698150675,,http://tong.visitkorea.or.kr/cms/resource/23/3568323_image2_1.jpg,Type1,HS,HS01,HS010700,"보신각터는 도성 안팎에 시간을 알리는 종루 보신각이 있던 곳이다. 보신각은 일명 종각이라고도 하며 조선 고종 32년(1895) 보신각이란 사액을 내린 데서 이름 지었다. 태조 4년(1395) 처음 지어진 후 4번이나 불타 없어지고, 8번에 걸쳐 다시 지었다. 현재의 건물은 1979년 8월 서울시에서 지은 것으로, 동서 5칸, 남북 5칸의 2층 누각으로 되어 있다. 보물 제2호인 보신각종은 조선 세조 14년(1468)에 만들어져 원각사에 있다가, 절이 폐사된 후 광해군 11년(1619)에 현재의 보신각 자리에 옮겨졌다. 보신각종은 오전 4시에 33번, 오후 7시에 28번을 울려 도성의 문을 여닫고 하루의 시각을 알리는 역할을 해왔다. 오랜 세월이 흐르는 동안 몸통에 균열이 생겨 더 이상 종을 칠 수 없게 되자, 국립중앙박물관에 종각을 지어 보관하고 있다. 현재 신각에 걸려 있는 종은 1985년 국민의 성금에 의하여 새로 만들어 그해 광복절에 처음 타종하였다. 해마다 12월 31일이면 보신각 인근은 차량이 통제되고 새해를 맞이하는 타종식을 함께 즐기기 위해 모여든 사람들로 가득해진다.","<a href=""https://www.heritage.go.kr/heri/cul/culSelectDetail.do?pageNo=1_1_1_1&sngl=Y&ccbaCpno=2331100100000"" target=""_blank"" title=""새창 : 국가유산청 홈페이지로 이동"">https://www.heritage.go.kr/</a>",상시 개방,연중무휴,,
316294,12,본원정사(서울),서울특별시 강북구 삼각산로 1,,3,127.0052887931,37.6372881685,,http://tong.visitkorea.or.kr/cms/resource/82/3466082_image2_1.jpg,Type3,HS,HS03,HS030100,"본원정사(本願精舍)는 서울특별시 강북구 수유동 삼각산에 자리한 대한불교조계종 대각회 소속의 사찰이다. 본원정사에는 한국전쟁 때 태고사에 불이 나서 옮겨왔다고 전하는 목조지장보살좌상이 봉안되어 있다. 지장보살은 석가모니 부처님과 미륵불 사이인 부처님 없는 시대에 중생들을 교화하는 대비보살이다. 특히 지옥에서 고통받는 중생들을 구원하기 위해 지옥에 들어가 교화해 제도하는 보살로 널리 알려져 있다. 1980년대 초 주지소임을 맡은 원성스님은 이 지장보살상에 감화를 받아 지장보살의 본원을 따르고자 서원을 하였다고 한다. 그래서 절 이름도 본원정사로 바꾸었다. 이후 본원정사를 사바세계 중생들의 몸과 마음의 병을 다스릴 수 있는 도량으로 만들어 가고 있다. 또한 언제나 열려있는 도량으로 서울시민과 불자들에게 번잡한 마음을 쉴 수 있게 하고, 기도할 수 있는 도량으로 본원정사를 장엄하고 있다.",,"상시 개방<br>
※ 자세한 사항은 전화문의 요망",연중무휴,,
126503,12,봉원사(서울),서울특별시 서대문구 봉원사길 120 (봉원동),,14,126.9472292784,37.5717780764,,http://tong.visitkorea.or.kr/cms/resource/22/3509922_image2_1.jpg,Type1,HS,HS03,HS030100,"천년고찰이자 전통사찰인 봉원사는 2011년 전통사찰로 등록되었으며, 2014년 7월에 아미타괘불도와 범종이 서울특별시 유형문화유산으로 등록되었다. 신행단체로는 관음회, 화엄회, 합창단, 민화회의 법회가 정기적으로 열리고 있으며 부설기관으로는 영산재 보존회, 영산재연수원, (사)한국불교영산재보존회와 범패교육기관인 옥천범음대학이 설립되어 운영되고 있다. 도심 속에 위치한 봉원사는 전통불교의식인 영산재를 국내는 물론 국외로 홍보하며 또한 계승발전을 통해 전통불교의 총본산의 위상에 걸림이 없고, 생활 속에서의 불심증장 도량이 되도록 노력하고 있다.","<a href=""http://bongwonsa.or.kr/index.php"" target=""_blank"" title=""새창 : 봉원사 공식 홈페이지로 이동"">http://bongwonsa.or.kr</a>",05:00~18:00,연중무휴,,
1115042,12,봉화산(서울),서울특별시 중랑구 묵동,,25,127.0870155001,37.6083541160,,http://tong.visitkorea.or.kr/cms/resource/23/3573123_image2_1.jpg,Type1,NA,NA01,NA010100,"봉화산은 서울의 동북부 외곽인 중랑구 상봉동, 중화동, 묵동, 신내동에 접해 있으며, 정상까지 높이는 160.1m로 평지에 돌출된 독립 구릉이다. 동쪽에 아차산 주 능선이 있는 것을 제외하고는 북쪽으로 불암산, 도봉산과 양주 일대까지 잘 조망되며, 서쪽과 남쪽으로도 높은 산이 없어 남산과 이남 지역도 잘 보이는 지역이다. 
봉화산은 일명 ‘봉우재’라고 불리는데, 1963년 1월 1일 경기도에서 서울시로 편입되었다. 이곳은 북쪽 양주의 한이산에서 연락을 받아 목멱산(남산)으로 전달하는 아차산 봉수대가 있던 곳으로, 지난 1994년 11월 7일 봉수대를 복원하였다.
봉화산 정상에서 약간 남쪽에 봉화산 도당인 산신각이 있으며, 약 400년 전에 주민들이 도당굿과 산신제를 지내던 곳이기도 하다. 현재 산신각은 1992년 여름에 일어난 화재로 소실되어 지금은 붉은 벽돌과 시멘트로 지은 새 건물이 들어서 있다.","<a href=""https://www.jungnang.go.kr/portal/main/contents.do?menuNo=200596""target=""_blank"" title=""새창: 중랑구청 홈페이지로 이동"">https://www.jungnang.go.kr</a>",상시 개방,연중무휴,,
1115299,12,봉화산근린공원,서울특별시 중랑구 봉화산로45길,(묵동),25,127.0922455148,37.6106095040,,http://tong.visitkorea.or.kr/cms/resource/96/3568496_image2_1.jpg,Type1,VE,VE03,VE030400,"봉화산근린공원은 점토벽돌로 포장된 110평 규모의 진입광장을 비롯해 어린이 놀이터, 전통놀이마당, 주민건강마당, 야외무대 및 주민 쉼터 등으로 꾸며져 있다. 또한 공원을 따라 순환하며 조깅과 산책을 즐길 수 있는 630m의 외곽순환산책로와 공원 정상부에 800평 규모의 잔디마당, 장애인을 위한 전용 체력단련장 등으로 조성되었다. 이 밖에도 중랑구청을 찾아온 민원인들을 위해 구청 정문에서 한눈에 바라다볼 수 있는 위치에 인공폭포를 조성하여 휴식처를 제공하며, 구청의 다양한 야외 문화예술 공연 장소로 활용하기 위해 이벤트광장을 인공폭포와 연계해 조성했다. 봉화산근린공원 뒤 등산로를 따라 20~30분 정도 걸으면 봉화산 정상에 오를 수도 있다.","<a href=""https://www.jungnang.go.kr/portal/main/contents.do?menuNo=200602"" target=""_blank"" title=""새창 : 홈페이지로 이동"">https://www.jungnang.go.kr/portal/</a>",상시 개방,연중무휴,,
822384,12,북서울꿈의숲,서울특별시 강북구 월계로 173 (번동),,3,127.0445440464,37.6197242510,,http://tong.visitkorea.or.kr/cms/resource/44/3540144_image2_1.jpg,Type1,VE,VE03,VE030500,"서울 강북과 도봉 등 6개 구에 둘러싸여 있는 초대형 공원인 북서울꿈의숲은 과거 드림랜드가 있던 자리 68만여㎡에 조성된 녹지공원으로 월드컵공원과 올림픽공원에 이어 서울에서 3번째로 큰 공원이다. 숲이 울창해 아름다운 풍광을 자랑하는 벽오산, 오패산으로 둘러싸여 있는 북서울꿈의숲은 벚꽃길과 단풍숲 등의 생태적 조경 공간, 대형연못인 월영지와 월광폭포 등의 전통경관, 그리고 북한산과 도봉산, 수락산을 한눈에 볼 수 있는 49.7m의 전망대와 다양한 장르의 고품격 문화예술이 일 년 내내 펼쳐지는 꿈의 숲아트센터 등의 공연장과 전시장, 레스토랑, 전망타워 등이 있는 서울을 대표하는 세계적인 공원이다.","<a href=""http://parks.seoul.go.kr/template/sub/dreamforest.do"" target=""_blank"" title=""새창 : 서울의 공원 홈페이지로 이동"">http://parks.seoul.go.kr</a>",상시 개방,연중무휴,,
809190,12,북악산,서울특별시 종로구 청운동,,23,126.9737151476,37.5931538442,,http://tong.visitkorea.or.kr/cms/resource/31/3590031_image2_1.jpg,Type1,NA,NA01,NA010100,"북악산은 서울 분지를 둘러싸는 내4산인 북악산, 남산, 낙산, 인왕산 중 가장 높은 산이며, 북한산 남쪽 지맥 중 가장 높은 봉우리이다. 이들 능선을 연결한 옛 서울의 성곽은 북악산을 기점으로 축조되었다. 옛 성벽이 능선을 따라 보존되어 있고, 사소문의 하나인 창의문, 일명 자하문이 서쪽 산기슭과 인왕산과의 사이에 있어 시내 중앙지와 쉽게 연결된다. 창의문에서 정릉의 아리랑고개에 이르는 북악스카이웨이는 창의문, 팔각정, 풀장 등을 연결하는 관광도로로 울창한 숲과 서울시가지를 한눈에 볼 수 있어 조망이 좋은 경승지이다. 청와대와 삼청공원과도 이어져 있다. 북악산은 예전부터 소나무가 울창한 경승지를 이루어 조선시대 선비들이 계곡을 찾아 탁족회를 자주 열었던 곳인데 이후 벌채로 소나무가 사라지고 현재는 참나무류가 많다.
고려 숙종 때 북악산 아래는 남쪽의 수도인 남경의 궁궐이 있었던 자리로 당시에는 면악이라고 불렀다. 이후 조선시대에는 백악산신을 모시는 사당이 있어 북악산을 백악산이라고도 불렀다고 전해진다. 북악산이라는 이름은 도성인 한양을 둘러싸고 있는 산 중 북쪽에 위치하여 붙은 이름이다. 북악산의 높이는 342m이며 남쪽으로 완만한 평지를 이루고 있고 모양은 삼각형으로 뾰족하게 솟아난 형상으로 주변에 비해 도드라진다. 조선이 건국되면서 무학대사에 의해 왕가의 기운을 받은 명산으로 칭송되었으며, 그 아래 조선왕조의 궁궐을 세우고 도읍으로 정하게 되었다. 1394년(태조 4년)에 북악산 아래 경복궁을 축성하였으며 대한민국에 들어서 대통령의 집무실인 경무대(景武臺)도 이곳에 위치했다.",,"[3월~4월]<br>
- 07:00~18:00 (입산 가능 16:00)<br>
[5월~8월]<br>
- 07:00~19:00 (입산 가능 17:00)<br>
[9월~10월]<br>
- 07:00~18:00 (입산 가능 16:00)<br>
[11월~2월]<br>
- 09:00~17:00 (입산 가능 15:00)",연중무휴,,
129500,12,북악산 숙정문,서울특별시 종로구 삼청동,,17,126.9811144048,37.5955536984,,http://tong.visitkorea.or.kr/cms/resource/41/3350341_image2_1.jpg,Type3,HS,HS01,HS010300,"숙정문(肅靖門)은 서울성곽을 이루는 사대문(四大門) 가운데 하나로, 한양도성의 북쪽 대문이다. 처음에는 숙청문(肅淸門)이었으나 숙정문(肅靖門)으로 이름이 바뀌었다. 현존 도성문 중 좌우 양쪽으로 성벽이 연결된 것은 이 문이 유일하다. 1976년에 문루를 새로 지었다. 청와대 경비를 위해 일반인의 접근을 금지하다가 2006년 4월부터 서쪽 성곽 0.5㎞, 북쪽의 진입로 0.6㎞ 구간과 함께 다시 개방했다. 1963년 1월 21일 서울 한양도성에 포함되어 사적 제10호로 지정되었다.","<a href=""https://korean.visitseoul.net/palace/sookjeongmun_/23760"" target=""_blank"" title=""새창 : 비짓서울로 이동"">https://korean.visitseoul.net</a>","[3월~4월] 07:00~18:00 (16:00까지 입산)<br>
[5월~8월] 07:00~19:00 (17:00까지 입산)<br>
[9월~10월] 07:00~18:00 (16:00까지 입산)<br>
[11월~2월] 07:00~17:00 (15:00까지 입산)",연중무휴,,
126943,12,북악스카이 팔각정,서울특별시 종로구 북악산로 267 (평창동),,23,126.9805642714,37.6020279351,,http://tong.visitkorea.or.kr/cms/resource/33/2667333_image2_1.jpg,Type3,VE,VE03,VE030100,"북악스카이 팔각정은 해발 342m 북악산 위에 한국 전통미를 살린 한옥형 정자로서 천혜의 입지조건을 갖춘 서울 도심 속의 관광 명소이다. 1968년 9월에 개통된 북악스카이웨이는 북악팔각정으로 오르는 드라이브 코스로 잘 알려진 명소로 서울의 주산인 북악산의 능선을 따라 동북으로 뻗친 관광도로의 길이가 약 19㎞에 이른다. 
북악팔각정에서는 북한산 비봉과 문수봉이 이어지는 산세가 장관을 이루고, 다른 한쪽은 남산을 바라보고 앉은 서울시의 아름다운 경관이 보인다. 전 구간에 걸쳐 잘 가꾸어진 가로수와 약 10만 그루의 관상수들이 철 따라 꽃을 피워내며 남산의 순환도로와 함께 서울을 한눈에 내려다보는 진경을 만끽할 수 있다. 길의 중간쯤 능선길 정상에 잠시 길을 멈추고 서울의 진경을 다시 한번 재확인하며 휴식을 취할 수 있는 휴식 공간도 마련되어 있다. 먼 곳에서 서울을 찾는 내·외국인 방문객들에게 서울을 한눈에 보여주는 관광코스로 한몫하고 있다.","<a href=""https://korean.visitseoul.net/attractions/%EB%B6%81%EC%95%85%EC%8A%A4%EC%B9%B4%EC%9D%B4%EC%9B%A8%EC%9D%B4-%ED%8C%94%EA%B0%81%EC%A0%95/KOP011117"" target=""_blank"" title=""새창 : 비짓서울로 이동"">https://korean.visitseoul.net</a>",상시 개방,연중무휴,,
2661492,12,북정마을,서울특별시 성북구 성북로23길 87 (성북동),,17,126.9924967812,37.5927014565,,http://tong.visitkorea.or.kr/cms/resource/30/3551330_image2_1.jpg,Type1,VE,VE04,VE040200,"북정마을은 서울특별시 사대문 안에 마지막으로 남아 있는, 흔히 산동네·달동네로 꼽히는 마을 중 하나이다. 북정마을은 큰 타원형을 한 모양을 하고 있다. 마을 옆으로는 성곽을 끼고 있어 성벽 근처를 중심으로 생겨난 달동네의 모습을 그대로 보여준다.
본래 한양도성은 성벽을 기준으로 내외부의 일정 범위 안에 주거지가 형성될 수 없었다. 특히 내사산의 굴곡을 따라 축성된 도성의 특성상 집을 짓는 데 지형적 제약을 많이 받았다. 그러나 일제강점기와 한국전쟁 전후 도시화는 서울의 급격한 인구 증가와 주택 부족 문제로 이어졌고, 사람들은 성곽에 기대어 집을 짓고 살기 시작했다. 북정마을은 서울로 몰려든 사람들이 거친 땅을 깎고 돋우어 저마다 집을 짓고 골목에 모여 이웃이 된 마을이다.
산에서 내려다보는 제한구역 외의 성북동은 주택과 아파트가 즐비하다. 하지만 한양도성으로 인해 개발제한이 된 북정마을은 소박한 달동네로 남아 있다. 북정마을에는 독립운동가로 이름 떨친 만해 한용운의 자택 ‘심우장’이 있는 것으로도 유명하다. 이밖에도 ‘북정미술관’과 그 옆 ‘북정카페’는 이 마을의 정취를 더해준다.
오랜 세월 성벽 및 구릉지 지형과 일체화된 북정마을의 독특한 경관은 그 자체로 한양도성과 함께 지키고 가꾸어야 할 유산이 되었다.

(출처 : 서울미래유산 홈페이지)",,"09:00~18:00<br>
※ 주민배려 정숙관광 필요",연중무휴,,
130903,12,북촌문화센터,서울특별시 종로구 계동길 37 (계동),,23,126.9867060298,37.5790529392,,http://tong.visitkorea.or.kr/cms/resource/09/3339109_image2_1.jpg,Type3,VE,VE12,VE120300,"국내외 방문객들에게 북촌의 역사와 가치, 북촌의 의미, 그리고 우리의 전통문화를 알리기 위해 2002년 10월에 개관하여 운영되고 있다. 북촌문화센터는 1921년 지어진 국가등록문화유산 ‘서울 계동 근대 한옥’으로 구 민형기 가옥으로 알려졌다가 최근에 민형기의 부인인 유진경 가옥으로 고증이 진행되고 있다. 북촌 내에서는 흔히 ‘민재무관댁’ 또는 ‘계동마님댁’으로 불리었다고 한다. 원래 안채, 바깥채, 앞행랑채, 뒷행랑채, 사당 등으로 구성되어 있었지만, 한옥 개보수 기준 조례에 의거해 최대한 한옥 원형을 보존하고 복원하는데 중점을 두어 개보수되어 현재는 ‘북촌가꾸기 사업’의 일환으로 주민커뮤니티 및 방문객 안내센터 역할을 하고 있다.
홍보 전시관은 원래 뒷행랑채였던 공간으로 현재는 북촌의 역사와 가치를 홍보하는 자료를 전시하고 있다. 북촌 보존의 중요성을 알리는 영상물을 상영하고, 북촌 내의 문화재와 북촌에서 진행되는 전통문화체험 등 북촌에 대한 다양한 정보를 얻을 수 있다. 홍보전시관 앞쪽으로 위치한 안채는 사무실과 회의실 및 전통문화강좌의 강의실로 사용되고 있으며, 주민들이 쉬어갈 수 있는 사랑방도 멋스럽게 마련되었다. 안채 뒤로 마련된 아담한 정자는 원래 사당이었던 것을 휴식공간으로 제공해 단아한 한옥의 정취를 느끼며 차 한 잔 나누는 여유를 느낄 수 있는 곳이다. 정자를 돌아 안쪽으로 자리한 별당은 주민들을 위한 사랑방으로 운영되고 있으며, 대청마루는 전통문화를 향유할 수 있는 기회를 제공하기 위한 체험프로그램의 장소로 사용하고 있다.","서울한옥포털 <a href=""https://hanok.seoul.go.kr/front/kor/exp/expCenter.do?tab=1"" target=""_blank"" title=""새창 : 서울한옥포털로 이동"">https://hanok.seoul.go.kr</a><br>
공식 인스타그램 <a href=""https://www.instagram.com/bukchon_culture_center/"" target=""_blank"" title=""새창 : 북촌문화센터 공식 인스타그램으로 이동"">https://www.instagram.com/bukchon_culture_center/</a>","- 화요일 / 목요일~금요일 09:00~18:00<br>
- 수요일 09:00~20:00<br>
- 토요일~일요일 09:00~17:00",,,
126537,12,북촌한옥마을,서울특별시 종로구 계동길 37 (계동),,23,126.9867060298,37.5790529392,,http://tong.visitkorea.or.kr/cms/resource/04/3304404_image2_1.jpg,Type3,HS,HS01,HS010600,"북촌은 경복궁과 창덕궁, 종묘 사이에 위치한 곳으로 전통한옥이 밀집되어 있는 서울의 대표적인 전통 주거지역이다. 그리고 많은 사적들과 문화재, 민속자료가 있어 도심 속의 거리 박물관이라 불리어지는 곳이기도 하다. 청계천과 종로의 윗동네라는 뜻에서 ‘북촌(North Village)’이라고 이름으로 불리었으며, 가회동과 송현동, 안국동, 그리고 삼청동이 있다. 사간동과 계동, 소격동 그리고 재동에는 역사의 흔적이 동네이름으로 남아 수백 년을 지켜온 곳이기도 하다. 

북촌은 조선시대에 조성된 양반층 주거지로서 1920년대까지 그다지 큰 변화가 없었는데, 1930년대에 서울의 행정구역이 확장되고, 도시구조도 근대적으로 변형되면서 변화가 일어났다. 주택경영회사들이 북촌의 대형 필지와 임야를 매입하여, 그 자리에 중소 규모의 한옥들을 집단적으로 건설하였는데, 현재 한옥들이 밀집되어 있는 가회동 11번지와 31번지, 삼청동 35번지, 계동 135번지의 한옥주거지들이 모두 이 시기에 형성되었다. 대청에 유리문을 달고, 처마에 잇대어 함석 챙을 다는 등, 새로운 재료를 사용한 북촌의 한옥은 전통적인 한옥이 갖고 있는 유형적 성격을 잃지 않으면서, 근대적인 도시조직에 적응하여 새로운 도시주택유형으로 진화했다는 점에 주목할 수 있다. 

북촌 지역이 모두 한옥으로 이루어져 있던 1960년대와 달리, 1990년대 이후 급속하게 들어선 다세대가구 주택 때문에 많은 수의 한옥이 사라졌지만, 일부지역은 양호한 한옥들이 군집을 이룬 채 많이 남아 있다. 여러 채의 한옥이 지붕처마를 잇대고 벽과 벽을 이웃과 함께 사용하고 있는 풍경은 우리가 잊고 살았던 따뜻한 정과 살아갈 맛을 느끼게 해 준다. 북촌 지역을 걷다 보면 이어진 처마선의 아름다운만큼이나 골목길의 정겨움을 느낄 수 있다. 북촌한옥마을이 지속가능한 관광지가 될 수 있도록 침묵관광을 하도록 주의를 요한다.
※ 침묵관광이란 외부 관광객들의 관광지 방문으로 인해 주민들의 생활권과 환경권이 침해받지 않도록 큰 소리로 떠들지 않고 조용히 여행하는 관광형태를 말한다.

※ <strong>북촌마을 방문 시 지켜야 할 ‘에티켓’ </strong>
- 단체관광객 방문 시 반드시 가이드 동행
- 관광버스 불법주차 금지
- 무단 침입, 무단 촬영, 무단 투기, 노상방뇨, 소음 금지
- 마을 방문시간 준수","<a href=""https://hanok.seoul.go.kr/front/kor/town/town01.do"" target=""_blank"" title=""새창 : 서울한옥포털로 이동"">http://hanok.seoul.go.kr/</a>","10:00~17:00<br>
※ 방문 제한시간(특별관리지역(레드존) 방문 금지) : 17:00~익일 10:00",연중무휴,,
2946075,12,북촌한옥마을 감고당길,서울특별시 종로구 송현동,34-2,23,126.9824147854,37.5779529898,,http://tong.visitkorea.or.kr/cms/resource/06/2945806_image2_1.jpg,Type1,VE,VE04,VE040100,감고당길은 아기자기한 카페와 갤러리가 자리한 골목이다. ‘감고당’의 뜻은 숙종의 계비였던 인현왕후의 사저를 의미하고 이 길 중간에 있는 덕성여고 자리에 감고당터가 있어 ‘감고당길’이라 불리게 되었다. 북촌한옥마을 서울공예박물관 뒤쪽으로 풍문여고에서 정독도서관까지 약 440m 정도 이어져 있다. 아늑한 길에 예쁜 카페와 갤러리가 많고 공예 마켓 등이 열리기도 해 구석구석 둘러볼 것이 풍성하다. 또한 좁은 기와 담벼락과 돌담은 사진 찍기 좋은 배경이 되어 인기 있는 포토존이며 데이트 장소로 안성맞춤인 곳이다. 그리고 2018년도 tvn방영 드라마인 ‘도깨비’의 촬영지로 김신(공유)과 지은탁(김고은) 이 서로 스치며 처음 만나게 되는 장면부터 여러 포인트가 담겼던 멋있는 장소이다.,"<a href=""https://tour.jongno.go.kr/tour/main/contents.do?menuId=400132&menuNo=400132""target=""_blank"" title=""새창 : 종로구 이동"">https://tour.jongno.go.kr/</a>",10:00~17:00,- 북촌한옥마을 골목길 : 매주 일요일,,
2783363,12,북한산 백운대(우이동),서울특별시 강북구 도선사길 234 (우이동),,3,126.9909450591,37.6583104651,,http://tong.visitkorea.or.kr/cms/resource/83/2795083_image2_1.jpeg,Type3,NA,NA01,NA010100,"서울의 진산으로 불리는 북한산은 해발 836m의 백운대 정상에서 바라보는 풍광이 그야말로 장관이다. 백운대를 오르는 방법은 다양한데, 그중에서도 북한산우이역에서 출발하는 코스는 등산이 처음이거나 익숙하지 않은 이들에게 추천한다. 도선사 입구에서 하루재와 인수봉 주변, 북한산성 백운대 암문을 거쳐 백운대에 오르는 코스로 길이도 가장 짧고 난도도 낮은 편이다. 총 소요 시간은 2~3시간 정도이다. 백운대 방향으로 천천히 걷다 보면 백제 온조왕이 형 비류와 함께 올라 나라의 도읍을 정했다고 하는 인수봉이 눈에 들어온다. 이때부터 가파른 경사와 로프를 잡고 이동해야 하는 바위 코스가 시작된다. 북한산성의 가장 높은 곳에 자리한 백운대 암문에 도착하면 정상까지 300m 정도 남겨둔 셈이다. 백운대 정상에는 널찍한 바위가 자리해 땀을 식히며 탁 트인 주변 경관을 즐기기에 더없이 좋다. 또한 암릉구간이 많아 등산화 착용을 권장한다.",,- 하절기 04:00~17:00<br>- 동절기 04:00~16:00,,,
2779558,12,북한산 족두리봉,서울특별시 은평구 진흥로 325 (불광동),,22,126.9449506033,37.6108068309,,http://tong.visitkorea.or.kr/cms/resource/13/2796513_image2_1.jpg,Type3,NA,NA01,NA010100,"서울의 진산인 북한산은 은평구와 성북구, 강북구, 도봉구와 경기도 의정부시, 양주시, 고양시에 걸쳐 있다. 최고봉인 백운대와 동쪽의 인수봉, 남쪽의 만경대가 뻗어 내린 화려한 능선이 일 년 내내 등산객들의 발길을 끌어모은다. 
족두리봉은 북한산 가장 남서쪽에 솟은 높이 370m의 봉우리다. 멀리서 보면 봉우리 모양이 족두리를 쓴 것처럼 보인다고 해서 붙은 이름인데, 한편으로는 독수리의 머리처럼 보인다고 하여 수리봉이라고도 불리며, 인수봉을 그대로 옮겨놓은 듯하다고 하여 작은 인수봉으로도 불린다. 불광역에서 출발하면 약 50분이면 족두리봉에 오를 수 있다. 시간은 짧지만, 난도는 조금 높다. 급경사의 계단은 물론 위험한 바위 구간이 있어 주의가 필요하다.",,상시 개방,연중무휴,,
126482,12,불암산,서울특별시 노원구 상계동,,9,127.0949159758,37.6637533728,,http://tong.visitkorea.or.kr/cms/resource/61/3589961_image2_1.jpg,Type1,NA,NA01,NA010100,"불암산(508m)은 서울시 노원구와 경기도 남양주시 별내면에 경계에 솟은 산으로 덕능고개를 사이에 두고 수락산과 이웃하고 있다. 서울시 경계에 위치한 5개 산 가운데 가장 낮은 산이지만 정상 부분이 온통 바위산을 이루고 있어 웅장한 경치를 감상할 수 있다. 
산의 모습이 송낙을 쓴 부처의 모습과 같다해서 불암산이라는 이름이 지어졌으며, 천보산, 필암산이라고도 불린다. 불암산은 사암으로 된 산이라 수목이 울창하지는 않지만, 능선이 길게 뻗어 있어 시원한 경치를 맛볼 수 있다. 또한 봄철이 되면 철쭉이 활짝 만개하여 화원을 연상케 한다. 
불암산은 북한산, 도봉산, 관악산 등과 더불어 서울 근교의 산으로 교통편이 좋기 때문에 많은 등산객이 찾는 곳이다.","<a href=""https://www.nowon.kr/www/culture/culture4/culture4_01/info1_02.jsp"" target=""_blank"" title=""새창 : 노원구청 홈페이지로 이동"">https://www.nowon.kr</a>",상시 개방,연중무휴,,
2773346,12,빨래골,서울특별시 강북구 수유동 산127-1,,3,127.0019471132,37.6484562534,,http://tong.visitkorea.or.kr/cms/resource/53/3468053_image2_1.jpg,Type3,HS,HS01,HS010600,빨래골은 서울시 강북구 수유동 일대의 마을로 삼각산 동쪽 골짜기에 물이 많고 맑아서 빨래터와 쉼터로 이용하던 것에서 유래된 이름이다. 이곳은 북한산이 시내 쪽으로 쭉 뻗쳐 내려온 칼바위능선 골짜기에 해당하는 곳이다. 골짜기 안쪽에 삼성암이라는 암자가 있고 왼편 산자락에는 아주 특이한 모습의 묘비가 세워져 있는 공초 임상순 선생의 무덤이 자리 잡고 있다. 2016년부터 ‘옛터 빨래골축제’가 개최되는 등 지금도 통용되고 있는 지명이다. 지하철 4호선 수유역 3번 출구 앞에서 03번 버스 타고 빨래골 종점에서 내려 안쪽으로 200여 미터 거리에 있다.,,상시 개방,연중무휴,,
1117141,12,사가정공원,서울특별시 중랑구 사가정로72길 47,(면목동),25,127.0957821951,37.5793243143,,http://tong.visitkorea.or.kr/cms/resource/80/3412280_image2_1.JPG,Type3,VE,VE03,VE030100,"사가정공원은 면목동 면목약수터지구 입구에 2005년 4월 13일 개장한 공원이다. 공원의 명칭은 용마산 부근에서 거주했던 조선 전기의 문인인 서거정 선생의 호를 따서 지어졌다. 또한, 그의 대표적인 시 4편을 골라 시비를 만들어 설치함으로써 공원이용객들이 산책과 함께 명시를 감상할 수 있게 꾸몄다. 이곳에는 피크닉장, 어린이놀이터, 체력단련시설, 자연형 계류, 사가정(전통 정자), 다목적광장, 냇가휴게소 등 다양한 휴게 시설과 운동시설, 조경시설이 갖춰져 있어 주민들의 수준 높고 쾌적한 휴식공간이자 중랑구의 명소로 자리 잡고 있다.","<a href=""https://www.jungnang.go.kr/portal/main/contents.do?menuNo=200600"" target=""_blank"" title=""새창 : 홈페이지로 이동"">https://www.jungnang.go.kr</a>",상시 개방,연중무휴,,
126523,12,사육신공원,서울특별시 동작구 노량진로 191 (노량진동),,12,126.9493751733,37.5135098862,,http://tong.visitkorea.or.kr/cms/resource/01/3530101_image2_1.jpg,Type1,VE,VE03,VE030500,"한강 인도교와 노량진역 중간의 높은 언덕에 자리한 사육신공원은 사육신묘 일대를 성역으로 가꾸어 조성한 공원이다. 
사육신묘는 조선 세조 2년(1456) 조선의 6대 임금인 단종의 복위를 도모하다 목숨을 바친 박팽년, 성삼문, 이개, 하위지, 유성원, 유응부 6명의 신하 즉 사육신(死六臣)을 모신 곳이다. 이들은 단종 3년(1455)에 단종의 숙부인 수양대군이 왕위를 빼앗고 단종을 몰아내자 이에 분개하여 단종의 복위를 꾀하다 발각되어 참혹한 최후를 맞았다. 사육신의 충성심과 장렬한 의기를 추모하기 위해 숙종 7년(1681)에 이곳에 서원을 세우고, 정조 6년(1782)에는 신도비를 세워 두었다. 1955년에는 사육신비를 세우기도 하였고, 이후 묘역을 확장하여 새롭게 정비하여 충효사상을 기리고자 하였다. 원래의 묘역에는 박팽년, 성삼문, 유응부, 이개의 묘만 있었으나 후에 하위지, 유성원, 김문기의 묘도 만들어 함께 모시고 있다. 사육신에 대한 이해를 돕기 위한 역사관도 운영 중이니 함께 둘러보는 것도 좋다. 
사육신공원은 봄이면 벚꽃 등 갖가지 꽃들이 피어나고,  여름에는 녹음이 시원해서 시민들이 사육신의 충정도 생각할 겸 휴식 차 많이 찾는다. 또한 사육신공원 조망지점에서는 서울의 풍경이 한눈에 내려다 보여 야경을 감상하기 위해 사람들이 많이 찾는 곳이기도 하다.","<a href=""https://korean.visitseoul.net/attractions/%EC%82%AC%EC%9C%A1%EC%8B%A0%EA%B3%B5%EC%9B%90_/4513"" target=""_blank"" title=""새창: 비짓서울 홈페이지로 이동"">https://korean.visitseoul.net</a>","[공원]<br>
상시 개방<br>
[사육신묘]<br>
- 하절기 09:00~17:30<br>
- 동절기 09:00~17:00",연중무휴,,
127942,12,사직공원(서울),서울특별시 종로구 사직로 89 (사직동),,23,126.9687216489,37.5758446558,,http://tong.visitkorea.or.kr/cms/resource/83/3400583_image2_1.JPG,Type3,VE,VE03,VE030100,"종로구에는 이름난 공원이 세 개 있다. 탑골공원, 사직공원, 삼청공원 등이 그것이다. 정부종합청사 서쪽, 인왕산 남동쪽 기슭에 있는 총넓이 188,710㎡의 사직공원은 조선 태조 이성계가 1395년에 종묘와 함께 맨 처음 만든 사직단(사적)을 한복판에 두고 이루어진 공원이다. 사직이라는 말의 뜻을 보면 ‘사’는 땅의 신이며 ‘직’은 오곡의 신으로 이들에게 제사를 올려 풍년을 기원했던 곳이 사직단이다. 어린이 놀이터, 율곡 이이 선생과 신사임당의 동상, 활터(황학정), 시립 어린이 도서관 등이 자리 잡고 있으며, 단군성전, 종로도서관 등이 인접해 있다. 사직공원 옆 인왕산 길을 따라 5분 정도 걸어 올라가면 인왕산 등산로가 나온다.","<a href=""https://parks.seoul.go.kr/parks/detailView.do?pIdx=106&tabTarget=1"" target=""_blank"" title=""새창 : 서울의 공원 사이트로 이동"">https://parks.seoul.go.kr</a>",상시 개방,연중무휴,,
753994,12,살곶이체육공원,서울특별시 성동구 중랑천서자전거길 209 (사근동),,16,127.0504648193,37.5540292149,,http://tong.visitkorea.or.kr/cms/resource/42/3564942_image2_1.jpg,Type1,VE,VE03,VE030500,"살곶이체육공원은 청계천이 중랑천과 만나는 자리 부근으로 한양대학교에서도 내려다보면 바로 보인다. 이곳은 인라인 전용 스케이트장, 축구장, 농구장, 배드민턴장 등 다목적 체육시설이 마련되어 있다. 공원 주변으로 자전거 전용 도로와 보행자 도로가 분리되어 있다. 또한, 연중 걷기 대회, 단축 마라톤 대회가 열리기도 하며 자전거 이용자들의 많은 사랑을 받는 곳이다. 여름에는 무료 물놀이장을 운영한다. 살곶이라는 명칭은 조선을 건국한 태조 이성계와 아들 이방원의 역사에서 유래되었다.",,상시 개방,연중무휴,,
2773287,12,삼각어린이공원,서울특별시 구로구 구로동,47,7,126.8920140718,37.5014519273,,http://tong.visitkorea.or.kr/cms/resource/37/3558637_image2_1.jpg,Type1,VE,VE03,VE030100,"서울 구로구 구로동에 위치한 삼각어린이공원은 지역 내 아이들이 넓고 쾌적한 공간에서 안심하고 마음껏 뛰어놀 수 있도록 만들어졌다. 공원은 지구 주위에 있는 태양, 달, 혜성 등의 놀이 행성으로 모험을 떠나는 주제로 꾸며졌다. 공원 내에는 아이들이 좋아하는 마운딩놀이대, 유아조합놀이대, 그물조합놀이대, 트램펄린, 육각그네, 흔들놀이대, 짚라인 등 역동적이고 창의적인 놀이기구가 있다.",,상시 개방,연중무휴,,
2774468,12,삼룡사,서울특별시 중랑구 용마산로112나길 41,(망우동),25,127.1017033858,37.5966057467,,http://tong.visitkorea.or.kr/cms/resource/68/3509868_image2_1.jpg,Type1,HS,HS03,HS030100,"삼룡사는 서울 중랑구 용마산 자락에 위치한 대한불교 천태종 소속의 사찰로, 약 3,000명의 불자가 신행 활동을 하고 있다. 도심 속에서도 아름다운 전통 사찰의 모습을 간직하고 있는 곳이다. 지하 1층, 지상 4층 규모(연건평 4,297㎡)로 구성되어 있으며, 4층은 대불보전, 3층은 법화삼매당, 2층은 소법당과 신행 단체 휴식공간, 1층에는 종무실과 공양실, 주방 등이 있다. 주요 신행 단체로는 삼화합창단, 청년회, 진여다도회, 정토회, 우담바라 꽃꽂이회, 연화봉사회 등이 활동 중이다. 다양한 불교 행사와 문화 활동이 조화롭게 어우러지는 사찰로 지역 사회와의 연계성도 높다.",,상시 개방,연중무휴,,
127557,12,삼천사(서울),서울특별시 은평구 연서로54길 127 (진관동),,22,126.9524990219,37.6423033033,,http://tong.visitkorea.or.kr/cms/resource/75/3589975_image2_1.jpg,Type1,HS,HS03,HS030100,"삼천사는 661년 원효대사에 의해 창건되었고, 『신증동국여지승람』과 『북한지』에 따르면 그 규모가 대단히 커서 3,000여 명이 수도할 정도로 번창했다고 한다. 사찰 이름도 이 숫자에서 유래한 것으로 추측된다고 하지만 최근의 고고학적 조사를 거치면서 ‘三千’이 아니라 ‘三川’이라고 새겨진 기와가 발견되어 삼천사를 두 가지 의미로 사용되었다는 것을 알 수 있다. 
임진왜란 당시 승병의 집결지로 사용되기도 하였다고 전해지는 등 병화(兵禍)를 피하지 못하였으나 뒷날 이 절의 암자가 있던 마애여래 길상터에 진영대사가 다시 복원하였다. 그리고 1970년대 성운스님이 주석하여 경내에 있는 천년고불 마애여래입상(보물 제657호)을 보물로 지정받으면서 순차적으로 대웅보전, 산령각, 천태각, 연수원, 요사채 등의 건물과 세존진신사리탑, 지장보살입상, 종형사리탑, 관음보살상, 5층 석탑, 중창비 등을 조성하여 현재의 모습을 갖추게 되었다.
1999년부터 2003년까지, 2005년부터 2007년까지 두 차례에 걸쳐 원래의 절터를 대상으로 지표조사 및 발굴조사를 전개해 그동안 알려지지 않은 많은 사실들을 찾아내는 성과를 얻었다.","<a href=""http://www.3004.or.kr/"" target=""_blank"" title=""새창: 삼천사 홈페이지로 이동"">http://www.3004.or.kr</a>",상시 개방,연중무휴,,
126488,12,삼청공원,서울특별시 종로구 삼청로 156 (삼청동),,23,126.9828199930,37.5889267212,,http://tong.visitkorea.or.kr/cms/resource/72/3400072_image2_1.JPG,Type3,VE,VE03,VE030100,"삼청공원은 서울 종로구 삼청동에 있는 공원으로 1940년 3월에 도시계획공원 제1호로 지정된 공원이다. 서울 시내 중심부에 위치해 있으며 주변에 화랑가, 별미 맛집들이 많아 시민들의 산책 코스로 사랑받고 있다. 호젓한 산책로에 주위 경치가 좋다. 봄이면 벚꽃이 만발하고, 가을이면 단풍이 아름다워서 많은 사람의 발길이 꾸준하다. 고려 충신 정몽주와 그 어머니의 시조비가 있으며, 산책로를 따라 계곡을 올라가면 약수터가 있다. 유아 숲 체험장도 있어서 아이와 함께 방문하기에도 좋다. 삼청공원 안에는 숲속도서관과 카페가 같이 있어서 커피와 함께 여유로운 책 읽기를 즐길 수 있다. 산책로를 따라 걷다 보면 맨발 지압로와 운동기구, 배드민턴장과 테니스장 등 운동할 수 있는 공간이 있고 어린이 놀이터와 매점 등도 있어서 공원을 이용하는 시민들에게 편의를 제공해 준다.","<a href=""https://parks.seoul.go.kr/parks/detailView.do?pIdx=109"" target=""_blank"" title=""새창 : 홈페이지로 이동"">https://parks.seoul.go.kr</a>",상시 개방,연중무휴,,
2507433,12,삼해소주,서울특별시 마포구 월드컵북로 109 (성산동),지하1호,13,126.9135964825,37.5629646096,,http://tong.visitkorea.or.kr/cms/resource/70/3506570_image2_1.jpg,Type1,EX,EX07,EX070200,"삼해소주는 서울특별시 무형문화유산 제8호로 지정된 전통소주로, 마포에 위치한 공방에서 다양한 전통주를 시음하고 배울 수 있는 체험 공간을 운영하고 있다. 이곳에서는 일반 시음, 증류 체험, 정규 아카데미 프로그램 등을 통해 누구나 전통주에 대한 이해를 높일 수 있다. 삼해주는 조선시대 술의 대명사로, 오랜 기간 서울 마포에서 상업적으로 생산되며 명성을 이어온 술이다. 멥쌀, 찹쌀, 누룩, 물을 사용해 장기 저온 발효로 만든 약주를 증류한 삼해소주는 깊은 풍미와 숙취 없는 깔끔한 맛이 특징이다. 특히 삼해주는 일 년에 단 한 번, 겨울에만 빚는 삼양주 방식으로 제조되어 우리나라에서 가장 오랜 시간 발효하는 술로 손꼽힌다.","<a href=""https://samhaesoju.com/"" target=""_blank"" title=""새창 : 삼해소주 홈페이지로 이동"">https://samhaesoju.com</a>","10:00~17:00<br>
※ 방문 전 연락 필수",매주 화요일 / 수요일,,
2500207,12,상수동 카페거리,서울특별시 마포구 상수동,,13,126.9214545083,37.5484886553,,http://tong.visitkorea.or.kr/cms/resource/77/3590377_image2_1.jpg,Type1,VE,VE04,VE040100,"서울 마포구 상수동 주변에는 한강을 조망할 수 있는 카페들이 군데군데 들어서 있어 한강 카페거리로도 불린다. 서강대교 앞의 밤섬이나 강 건너의 63빌딩, 국회의사당도 볼 수 있는 이곳은 밤이 되면 한강 다리가 화려한 조명으로 장관을 이루며, 강변도로의 자동차 불빛으로 황금빛 풍경이 연출된다. 거리가 아기자기하여 걸을면서 구경하기에도 좋다. 카페 안에서 바라보는 한강변의 야경과 음악을 들으며 데이트를 하려는 연인들이 많이 찾는 명소이다.","<a href=""https://www.mapo.go.kr/site/culture/tour/culture_onstop_tour_view?motSeq=2084"" target=""_blank"" title=""새창 : 마포구 문화관광 홈페이지로 이동"">https://www.mapo.go.kr/site/culture</a>",상시 개방,연중무휴,,
2993396,12,상촌재,서울특별시 종로구 자하문로17길 12-11 (옥인동),상촌재,23,126.9697547156,37.5819273005,,http://tong.visitkorea.or.kr/cms/resource/04/3056504_image2_1.jpg,Type3,EX,EX01,EX010100,"상촌재는 경복궁 서측에 조성된 한옥문화공간으로, 전통문화의 우수성을 알리는 전시와 함께 한복, 한글, 전통공예 등 한문화 콘텐츠 활성화를 위한 공간이다. 장기간 방치된 경찰청 소유의 한옥 폐가를 종로구에서 매입해 1년여에 걸쳐 복원하고 2017년 6월에 개관했다. 19세기 말 전통한옥 방식으로 복원된 공간으로, 전통의 형식 속에서 현재의 가치를 잘 담아낸 건축물로 평가받고 있다. 
우리나라의 고유한 주거문화를 경험하는 동시에 온돌의 우수성을 엿볼 수 있는 전시 공간이 있으며, 한복과 공예 그리고 절기 등 다양한 전통문화를 체험할 수 있는 프로그램을 운영하고 있다. 대표 프로그램으로는 전통공예 강좌인 상촌재에서 만나는 한문화, 사계절에 따라 변화하는 한국 전통 의식주를 감상과 체험할 수 있는 한옥에서 배우는 전통 의식주, 상촌재를 소개하고 옛 주거문화를 알려주는 해설 프로그램인 상촌재 도슨트 등이 있다.","<a href=""https://www.jfac.or.kr/site/main/content/sangchj01"" title=""새창 : 종로문화재단 홈페이지로 이동"" target=""_blank"">https://www.jfac.or.kr</a>",09:00~18:00,,,
128622,12,서대문독립공원,서울특별시 서대문구 통일로 251 (현저동),,14,126.9573421635,37.5746723659,,http://tong.visitkorea.or.kr/cms/resource/05/3590405_image2_1.jpg,Type1,VE,VE03,VE030500,"서대문독립공원은 1945년 8월 15일 광복이 될 때까지 수많은 애국지사와 1960년대 정치적 변동을 겪으면서 많은 시국사범들이 수감되었던 서울구치소가 있었던 곳이다. 서울구치소가 1987년 11월 경기도 의왕시로 옮겨감에 따라 감옥 7동, 사형장, 지하여자감옥 등을 복원하고 탑골공원에서 3·1운동기념탑을 이전하였으며, 1992년 영은문 주초와 연계하여 1992년 8월 15일 서대문독립공원으로 조성하였다. 서대문독립공원은 조국의 독립을 위해 항거하다 옥고를 치렀던 애국지사의 자주독립 정신을 후손에게 기억시키기 위해서 만들어졌다. 독립문, 역사관, 독립관, 순국선열추념탑 등을 유기적으로 연결함과 동시에 시민이용에 불편을 초래했던 노후한 공원시설을 정비하여 공원을 방문하는 학생, 관광객, 시민고객들의 편의를 최대화하였다. 특히, 독립문은 그동안 시민들의 접근을 제한하였으나, 서대문독립공원 재조성 사업으로 인하여 시민들에게 개방하게 되었다.","<a href=""https://www.sdm.go.kr/culture/attraction/sub2030.do"" target=""_blank"" title=""새창 : 서대문구 문화관광 홈페이지로 이동"">https://www.sdm.go.kr/culture</a>",상시 개방,연중무휴,,
1021339,12,서래마을,서울특별시 서초구 반포동,,15,126.9983156029,37.4978514700,,http://tong.visitkorea.or.kr/cms/resource/59/3571659_image2_1.jpg,Type1,VE,VE04,VE040200,"‘마을 앞의 개울이 서리서리 굽이쳐 흐른다’는 의미의 서래마을은 프랑스풍의 다양한 레스토랑과 카페, 와인바, 상점들을 만나볼 수 있는 곳이다. 1985년 주한 프랑스학교가 이곳으로 이전하면서부터 서래마을이 프랑스인들의 거주지역으로 자리 잡게 되고, 자연스럽게 글로벌 빌리지가 세워짐에 따라 다른 여러 나라 외국인들도 서래마을을 자신들의 거주지로 선택게 되었다. 서래마을 거리로 들어가면 서울 프랑스 학교를 찾아볼 수 있다. 불어로 Attention Ecole(학교 앞 주의)이라고 쓰인 도로 표지판이 눈길을 끈다.","<a href=""https://korean.visitseoul.net/area/%EC%84%9C%EB%9E%98%EB%A7%88%EC%9D%84/KOP011082"" target=""_blank"" title=""새창 : 비짓서울 홈페이지로 이동"">https://korean.visitseoul.net</a>","상시 개방<br>※ 단, 매장 이용 시 매장 별로 상이할 수 있음","연중무휴<br>※ 단, 매장 이용 시 매장 별로 상이할 수 있음",,
2773409,12,서리풀공원,서울특별시 서초구 서초동,산 160-24,15,126.9997156731,37.4908523076,,http://tong.visitkorea.or.kr/cms/resource/16/3540716_image2_1.jpg,Type1,VE,VE03,VE030100,"서래마을 주민들이 즐겨 찾는 서리풀공원은 휴식과 건강을 위한 공간이다. 1970년대 군부대가 주둔하여 주민들이 접근할 수 없었던 공간이 2015년 군부대이전과 함께 2019년 조성되었다.
서리풀공원의 산책로는 반포동부터 방배동까지 서초구의 중심부를 가로지르는 두 가지로, 빠른 길과 여유롭게 가는 길이 있다. 약 4㎞의 산책로는 몽마르트르 공원까지 이어져 도로로 단절된 산책로를 누에다리와 서리풀다리가 연결하여 북쪽으로는 한강을 남쪽으로는 우면산을 조망할 수 있다.",,상시 개방,연중무휴,,
1603296,12,서빙고동 부군당,서울특별시 용산구 서빙고로59길 3-6 (서빙고동),,21,126.9931932063,37.5205209674,,http://tong.visitkorea.or.kr/cms/resource/78/3542778_image2_1.jpg,Type1,HS,HS03,HS030400,"서빙고동 부군당은 조선시대 이 마을 주민들이 마을의 수호와 주민의 안녕을 위해 세운 제당이다. 부군당은 서울을 중심으로 한 경기지역에서만 불리던 당의 명칭이다. 이 당은 조선 후기 신당의 건축양식을 보여줄 뿐 아니라, 서울지역의 동제 신앙을 보여주는 기와를 올린 작은 집으로, 조선 인조 13년(1635) 당을 고칠 때 걸어둔 현판을 비롯한 5개의 현판과 무신도가 보존되어 있다. 특히 무신도는 조선 태조 내외분, 출산과 목숨, 농사의 신이라는 삼불제석의 그림이라고 전하는데, 마을을 보호해 주는 수호신의 대상이 되고 있다.",,,,,
1605977,12,서소문역사공원,서울특별시 중구 칠패로 5 (의주로2가),,24,126.9693637143,37.5596854342,,http://tong.visitkorea.or.kr/cms/resource/82/3384982_image2_1.JPG,Type3,VE,VE03,VE030500,"서소문역사공원은 사계절 내내 다양한 종류의 수목을 자랑하는 도심 속 휴식 공간이다. 서소문역사공원은 현재 공원으로 조성되어 있으나 원래는 ‘서소문 밖 네거리 처형지’로 구한말 서소문 전투의 군인 등 사회개혁 세력들뿐만 아니라 신유박해부터 병인박해까지 많은 천주교인이 이곳에서 처형되었다. 처형된 천주교인 중 44명이 성인이 되어 국내 최대의 천주교 성지로도 자리 잡았다. 
서소문역사공원 지상에는 역사공원과 시민 편의시설, 지하엔 기념전당, 하늘광장, 역사기념관, 교육 및 편의시설, 주차장 등을 갖추고 있다. 1984년에 세워진 순교자 현양탑은 그대로 보존한 채 광장을 공원 중심부에 놓고 녹지와 휴식 공간으로 조성하였으며, 소나무, 대왕참나무, 장미 등 수목(45종) 7100주와 창포, 핑크 뮬리, 억새 등 초화류(33종) 10만 본을 심어 힐링 공원으로 탈바꿈했다.
지하 1층은 도서실, 세미나실, 기념품 매장과 카페, 운영사무실 등 방문자를 위한 편의시설을 배치했다. 지하 2층~3층은 기념전당인 하늘광장과 상설전시실 및 기획전시실로 구성된 역사기념관이 자리 잡고 있다. 하늘광장은 사상과 종교의 자유를 위해 희생당한 사람들의 숭고한 정신을 기리는 추념의 의미를 지닌 곳으로 지하에 있어도 천장을 텄기 때문에 명칭 그대로 하늘을 볼 수 있다.
서소문역사공원은 박물관의 하늘광장 등 주요 지점이 지상과 연결되어 존재함으로써 지하 문화 공간의 역사적 당위성과 무게감을 상징적으로 드러낸다.","<a href=""https://www.seosomun.org/retrieveContents.do?mCode=111"" target=""_blank"" title=""새창 : 서소문성지 역사박물관 홈페이지로 이동"">https://www.seosomun.org/</a>",상시 개방,연중무휴,,
3019162,12,서순라길,서울특별시 종로구 종로 150-3 (종로3가),,23,126.9942167014,37.5704207437,,http://tong.visitkorea.or.kr/cms/resource/56/3019156_image2_1.jpg,Type3,VE,VE04,VE040100,"서순라길은 서울 종로구 종로 150-3에서 권농동 26까지를 잇는 도로로, 옛 조선의 치안을 담당하는 순라군이 다니던 길이다. 종묘를 순찰하던 순라청의 서쪽에 위치한다고 하여 ‘서순라길’로 부른다. 주위에 익선동, 인사동, 북촌, 삼청동 등 전통적인 인기 관광 지역 있고, 서순라길 내에는 식당, 카페, 공방 등 즐길 거리가 많다. 특히 봄에 꽃이 피고, 가을에 단풍이 들면 돌담의 풍경이 아름다워 데이트 코스, 가족 나들이로 많이 찾는다. 거리를 걸으면서 멋진 사진을 남길 수 있는 곳들이 많다.","<a href=""https://korean.visitseoul.net/nature/%EC%84%9C%EC%88%9C%EB%9D%BC%EA%B8%B8_/36973""_blank"" title=""새창 : 홈페이지로 이동"">https://korean.visitseoul.net/</a>",상시,연중무휴,,
945824,12,서울 경교장,서울특별시 종로구 새문안로 29 (평동),,23,126.9686079871,37.5681816549,,http://tong.visitkorea.or.kr/cms/resource/70/3081470_image2_1.jpeg,Type3,HS,HS01,HS011100,"사적으로 지정된 경교장은 해방 후 대한민국 임시정부의 활동 공간이자, 백범 김구 선생이 서거한 역사적 현장이다. 서울시는 경교장을 복원하고 내부를 전시공간으로 조성하여 2013년 3월 2일부터 공개해 서울 시민에게 우리 근현대사를 알리는 소중한 공간으로 활용하고 있다. 경교장 복원공사는 1949년 백범 김구 서거 이후 오랜 기간 대사관 및 병원시설로 사용되면서 변형된 내부 공간을 철거하고 이 과정에서 옛 모습이 잘 남아있는 부분은 최대한 원형을 살렸고 그렇지 않은 부분은 <조선과 건축> (1938년 8월호)에 수록되어 있는 경교장 도면을 근거로 하여 복원하였다. 복원된 경교장은 서울역사박물관의 분관으로 운영되고 있으며, 대한민국 임시정부의 역사를 유물과 영상, 키오스크 등 다양한 콘텐츠를 통해 살펴볼 수 있다. 

(출처 : 서울역사박물관 홈페이지)","국가유산청 <a href=""https://www.heritage.go.kr/heri/cul/culSelectDetail.do?ccbaKdcd=13&ccbaAsno=04650000&ccbaCtcd=11&pageNo=1_1_1_0"" target=""_blank"" title=""새창: 국가유산청으로 이동"">https://www.heritage.go.kr</a>",09:00~18:00 (입장 마감17:30),매주 월요일 / 1월 1일 / 공휴일,,
252527,12,서울 고려대학교 본관,서울특별시 성북구 안암로 145,(안암동5가),17,127.0322710260,37.5894664364,,http://tong.visitkorea.or.kr/cms/resource/18/2736318_image2_1.jpg,Type3,HS,HS01,HS011100,"고려대학교의 전신인 보성전문학교의 경영을 맡았던 김성수가 1933년 공사를 시작하여 1934년에 완성한 본관건물로 박동진이 설계하였다. 3층(중앙탑은 6층)이며 화강석을 주재료로 한 좌우대칭의 고딕양식으로 되어 있다. 평면 H자형이며, 중앙에는 넓은 홀이 있다. 건물 현관의 두 돌기둥에는 학교의 기상을 상징하는 호랑이 상이 조각되어 있고, 중앙 후문의 돌기둥에는 무궁화가 조각되어 있다. 건축 당시에는 내·외부가 호화스럽고 웅장하여, 국내의 학교 건축물로서는 유례가 없는 훌륭한 것이었다.

(출처 : 국가유산청)","<a href=""https://www.heritage.go.kr/heri/cul/culSelectDetail.do?ccbaCpno=1331102850000&pageNo=1_1_1_1&sngl=Y"" target=""_blank"" title=""새창 : 국가유산청으로 이동"" >https://www.heritage.go.kr</a>",상시 개방,연중무휴,,
250470,12,서울 고려대학교 중앙도서관,서울특별시 성북구 안암로 145 (안암동5가),,17,127.0340403438,37.5882471654,,http://tong.visitkorea.or.kr/cms/resource/47/2953247_image2_1.jpg,Type1,HS,HS01,HS011100,"이 건물은 고려대학교의 전신인 보성전문학교가 개교 30주년을 기념하여 세운 중앙도서관이다. 본관과 마찬가지로 한국인 건축가 박동진(1899~1982)이 설계하였고, 건축의 양식과 구조는 당시 교수로 있던 오천석의 모교인 미국의 듀크대학 도서관을 참고하였다고 한다. 중앙 도서관을 준공할 당시 국내외적으로 많은 관심과 성원을 보여 당시 금액으로 22만 원의 공사비를 들여 차질 없이 마쳤다고 한다. 본관 건축 다음 해인 1935년 6월에 착공하여 1937년 9월에 본관의 왼쪽 언덕에 화강암으로 고딕 양식의 5층 건물로 완공하였다. 평면은 ㄴ자형으로 모서리 부분의 중앙탑 부를 중심으로 본채가 양쪽에 있는데, 하나는 탑과 나란히 남쪽 정면을 바라보고 있지만, 다른 하나는 탑에서 북쪽으로 꺾여 동쪽을 바라보고 있다. 본채는 3층이고, 남서 모서리의 탑비는 고딕풍의 5층 탑으로 철근 콘크리트 구조에 돌을 덧붙였다. 도서관 준공 당시 1층에는 교수 연구실 32개, 2층에는 250석의 대 열람실을 배치하고, 책상마다 스탠드와 가죽 의자를 비치하였다. 3층에는 20만 권의 장서를 보관하고, 3층 이상은 민속자료, 미술품을 진열할 수 있도록 꾸몄다. 수도권 지하철 6호선 고려대역 1번 출구에서 300m에 위치하고 있다.","<a href=""https://library.korea.ac.kr/"" target=""_blank"" title=""새창 : 고려대학교도서관 홈페이지로 이동"">https://library.korea.ac.kr/</a>",09:00~22:00,시설별 상이,,
2452856,12,서울 구의정수장 제1·2공장(구의 아리수 정수센터),서울특별시 광진구 광나루로 571 (구의동),,6,127.0930806620,37.5442227879,,http://tong.visitkorea.or.kr/cms/resource/10/3546210_image2_1.jpg,Type3,EX,EX06,EX061000,"구의 아리수정수센터에서는 우리나라 정수시설의 변천사를 한눈에 볼 수 있는 곳이다. 1941년부터 2002년 사이에 수돗물을 생산했던 구의 제1, 2 공장은 2007년에 국가등록문화유산으로 지정되기도 하였다.
이곳에서는 서울의 수돗물인 아리수에 대해 구체적으로 알 수 있는 전시관과 아리수가 만들어지는 과정을 견학할 수 있다. 또한, 구의 아리수 문화유산 견학프로그램을 운영하고 있으며, 어린이, 청소년, 성인 등 연령 별 맞춤 내용으로 진행하고 있다. 6~7세 어린이는 한강물이 수돗물이 되는 정수장에서 체험하는 물환경을 교육하며, 청소년 학급 단체 대상으로는 수돗물은 언제부터 만들게 되었는지, 학교 음수대 아리수는 어디에서 오는 건지 등 탐구생활에 대한 내용을 학습하게 된다. 성인 대상으로는 옛날 구의 제1정수장과 제2정수장을 투어 하는 프로그램으로 진행하게 된다.
프로그램은 평일 오전 10시와 오후 2시, 하루 2번 운영하고 있으며, 신청은 서울특별시 공공서비스 예약 홈페이지 또는 전화로 가능하다.","<a href=""https://arisu.seoul.go.kr/c5/sub7_3_2.jsp""target=""_blank"" title=""새창 : 서울아리수본부 홈페이지로 이동"">https://arisu.seoul.go.kr</a>","10:00 / 14:00<br>
※ 사전 예약 필수",매주 토요일~일요일 / 법정공휴일,,
704507,12,서울 동대문 닭한마리 골목,서울특별시 종로구 종로40가길 14,,23,127.0058684191,37.5703487391,,http://tong.visitkorea.or.kr/cms/resource/53/2601453_image2_1.jpg,Type3,VE,VE04,VE040100,"의류 상가가 꽉꽉 들어찬 빌딩들이 즐비한 동대문, 이제는 아시아 최대의 의류상가 지대라고 해도 지나치지 않는 곳이 동대문 주변 지역이다. 이곳이 지금의 모습을 갖추게 된 뒤에는 동대문 원단시장, 평화시장과 인근에 자리 잡은 시장 사람들이 있었다. 30여 년 전 그들의 허기를 달래주고 마음을 녹여주던 곳이 지금의 닭한마리 골목이었다. 지하철 4호선 동대문역 8, 9번 출구로 나와 직진하다가 기업은행 건물을 끼고 좌회전하면 일방 통행길이다. 그 길 오른쪽에는 오늘도 동대문 종합시장과 인근 시장으로 드나드는 물품을 나르는 택배 오토바이들이 즐비하게 서 있다. 그 길 중간쯤 오른쪽에 보면 덕성각이라는 중국요리집이 보이는데 그 골목으로 들어가면 닭한마리집들이 나온다. 그 골목 닭한마리집들은 짧게는 5년부터 길게는 30년이 넘는 세월 동안 그 자리를 지키고 있다. 그러나 지금의 식당이 있기 전 개인 집에서 닭칼국수를 팔던 시절까지 거슬러 올라가면 그 골목 닭한마리집의 역사는 30년 보다 훨씬 더 전으로 거슬러올라가야 한다. 당시 닭칼국수를 팔던 할머니집을 28년 전에 인수해서 지금까지 닭한마리를 팔던 식당 주인의 이야기를 들어보면 할머니 한 분이 지금의 닭한마리 식의 요리가 아니라 닭고기를 넣고 칼국수를 끓여 팔았다고 한다. 기와 얹은 한옥집 마루와 방에서 손님을 받았다. 지금의 사장은 그 집을 고스란히 인수해서 당시 마당이었던 곳에 홀을 만들고 식탁을 놓았다. 지금 남아 있는 집들 가운데서 가장 오래된 집은 ‘진옥화 닭한마리’이다. 그러나 식당에 불이 났고 2009년 2월 재건축 하였다. 이 집 또한 처음에는 지금의 닭한마리 식의 요리가 아니라 닭칼국수를 팔았다. 그러니까 동대문 닭한마리 골목 요리의 원조는 닭칼국수인 셈이다. 지금도 이 골목 식당 간판이나 현관, 유리창에는 닭칼국수라는 단어가 남아 있다. 또한 닭한마리와 곁들여 먹는 메뉴에 칼국수 사리가 남아 있는 것도 그 증거인 셈이다. 어떻게 보면 칼국수에 닭고기가 들어간 것에서 닭한마리를 육수에 넣고 끓이는 닭요리에 칼국수가 부재료로 들어가는, 주객이 전도된 요리이기도 하다. 닭한마리 요리는 집집마다 거의 비슷하다. 다른 게 있다면 닭고기를 찍어먹는 소스의 맛과 육수, 선택해 넣어 먹을 수 있는 부재료 등이다. 그래서 이 골목 집집마다 소스와 육수의 비빔을 반만 공개한다. 나머지는 비밀이다. 소스의 주재료인 고춧가루가 좋아야 한다. 맵기만한 고춧가루가 아니라 매우면서도 풍부한 미감과 감칠맛을 머금고 있어야 한다. 또한 육수에 들어가는 재료도 엄나무, 인삼 등 집 마다 다르다. 큰 양푼에 육수 가득 붓고 그 속에서 닭한마리를 통째로 끓인다. 닭은 살짝 삶아서 나오지만 식탁 위 간이 가스레인지 위에서도 푹 끓이는 게 좋다. 왜냐하면 감자와 떡, 인삼, 대추, 버섯 등 부재료들의 맛이 우러나 뒤엉켜 한 맛을 내야 하기 때문이다. 그렇게 끓고 나면 고기와 부재료를 건저 먹은 뒤 남은 육수에 칼국수 사리를 넣어 끓여 먹는 것으로 닭한마리의 만찬은 끝난다. 지금도 이 골목 단골의 반 이상이 동대문 주변 시장 사람들이다. 소문이 일본까지 퍼져 일본 여행자들도 꽤 많이 찾는다. 또한 맛골목을 좋아하는 젊은 연인들이 인터넷에서 정보를 얻고 팔품을 팔아 이 골목을 찾는다. 그들의 입맛에 30년 전 닭한마리 요리가 다시 태어나고 있다.",,점포 별로 상이함,점포 별로 상이함,,
753989,12,서울 살곶이 다리,서울특별시 성동구 성수동,,16,127.0459874565,37.5537847183,,http://tong.visitkorea.or.kr/cms/resource/20/3530320_image2_1.JPG,Type3,VE,VE01,VE010300,"이 다리는 정종과 태종의 잦은 행차 때문에 1420년 처음 만들어지기 시작했으나 태종이 죽자 왕의 행차가 거의 없어 완성되지 못하였다. 그 후 이 길을 자주 이용하는 백성들 때문에 다시 만들 필요성이 제기되어 1475년에 다시 공사를 시작하여 성종 1483년에 완성했다. 마치 평평한 평지를 걷는 것과 같다 하여 ‘제반교(濟盤橋)’라고도 불렀다. 조선 전기에 만들어진 다리 중에서 가장 규모가 큰 다리로 모두 64개의 돌기둥을 사용하여 만들었다. 돌기둥의 모양은 흐르는 물의 저항을 줄이기 위해 마름모형으로 고안되었다. 1920년대 서울에 내린 집중호우로 다리의 일부가 떠내려 가서 70년대에 다시 고쳐지었으나, 다리의 오른쪽 부분에 콘크리트를 잇대어 복원함으로써 원래의 모습을 다소 잃었다.","<a href=""https://www.sd.go.kr/tour/contents.do?key=1979"" target=""_blank"" title=""새창 : 성동구 문화관광으로 이동"">https://www.sd.go.kr/tour</a>",상시 개방,연중무휴,,
704506,12,서울 삼각지 대구탕 골목,서울특별시 용산구 한강대로62가길 4 (한강로1가),,21,126.9741028792,37.5346495390,,http://tong.visitkorea.or.kr/cms/resource/28/3568228_image2_1.jpg,Type1,VE,VE04,VE040100,"30년이 넘는 세월 삼각지에 대구탕 끓는 냄새가 이어지고 있다. 해장국 중 으뜸으로 꼽히는 대구탕이 삼각지에 처음 자리 잡게 된 것은 1979년. 그때부터 지금까지 삼각지 우리은행 주변에 네 곳의 대구탕 집이 성업 중이다. 대구탕은 그 국물 맛이 깊이가 있어 애호가 층이 생기는데, 대략 젊은이들보다는 나이 드신 분들이 단골이 많다. 특히 전날 술 먹는 사람들이 숙취 해소하러 들르는 경우가 많고, 등산이나 운동을 마치고 삼삼오오 모여 대구탕에 소주를 즐기는 부류도 있다. 또한 나이 드신 분들은 깊은 국물 맛에 단골이 돼 대구탕 집에서 모임을 갖는 경우도 많다. 이렇게 삼각지 대구탕 골목 단골들은 자신들의 입맛에 맞는 집을 찾아 입맛을 찾고 훈훈한 이야기를 나누며 정도 쌓아간다. 지하철 6호선 삼각지역 14번 출구나 지하철 4호선 삼각지역 1번 출구로 나오면 우리은행이 나오고 그 앞에 평양집(식당)이 있다. 평양집 뒷골목에 원대구탕과 자원대구탕이 있다. 이 식당들이 오래된 집들이다.

그 골목 초입에 참대구탕집이 있다. 세창대구탕은 우리은행 뒤로 이어지는 도로를 따라가다 보면 길 왼쪽에 있다. 대구탕 골목이 유명해진 건 순전히 군인들 덕이다. 삼각지 주변에는 육군본부 등 군인들이 많았었는데 그들이 주요 단골이 됐고, 전국에서 모여드는 동료들에게 맛을 보이면서 그 맛이 전국으로 소문난 것이다. 또한, 전출과 파견 근무 등이 많은 군인의 특성상 외지에 갔다가 오랜만에 돌아오는 단골들은 부대에 복귀하기 전 삼각지 대구탕 한 그릇을 먼저 먹고 들어갔다는 이야기도 전해진다. 그래서 이곳 대구탕 골목에는 전역한 군인이 손주 손을 잡고 와서 맛을 나누는 자리도 만들어진다. 대구탕은 대구 자체에서 시원하고 깊은 맛이 우러나기 때문에 별다른 육수를 쓰지 않는데, 한때는 동태로 육수를 만들었던 적도 있었다. 이 골목에는 콩나물과 미나리 등을 넣고 벌겋고 얼큰하게 끓여 내는 대구탕과 함께 맑은 국물로 나오는 대구탕도 있다.",,점포마다 상이함,연중무휴,,
231897,12,서울 삼전도비,서울특별시 송파구 삼학사로 136 (잠실동),,18,127.0978839997,37.5091158401,,http://tong.visitkorea.or.kr/cms/resource/47/3401547_image2_1.JPG,Type3,HS,HS02,HS020100,"병자호란 때 청에 패배해 굴욕적인 강화협정을 맺고, 청태종의 요구에 따라 그의 공덕을 적은 비석이다. 조선 인조 17년(1639)에 세워진 비석으로 높이 3.95m, 폭 1.4m이고, 제목은 ‘대청황제공덕비［大淸皇帝功德碑］’로 되어있다. 조선 전기까지 조선에 조공을 바쳐오던 여진족은 명나라가 어지러운 틈을 타 급속히 성장하여 후금을 건국하고, 더욱더 세력을 확장하여 조선을 침략하는 등 압력을 행사하면서 조선과의 관계가 원만하지 못하였다. 나라의 이름을 청으로 바꾼 여진족이 조선에게 신하로서의 예를 갖출 것을 요구하자 두 나라의 관계가 단절되었다. 결국 인조 14년(1636) 청나라 태종은 10만의 군사를 이끌고 직접 조선에 쳐들어와 병자호란을 일으켰다. 남한산성에 머물며 항전하던 인조가 결국 청나라의 군대가 머물고 있는 한강가의 삼전도 나루터에서 항복을 하면서 부끄러운 강화협정을 맺게 되었다. 병자호란이 끝난 뒤 청태종은 자신의 공덕을 새긴 기념비를 세우도록 조선에 강요했고 그 결과 삼전도비가 세워졌다. 비문은 이경석이 짓고 글씨는 오준이 썼으며, ‘대청황제공덕비’라는 제목은 여이징이 썼다. 비석 앞면의 왼쪽에는 몽골글자, 오른쪽에는 만주글자, 뒷면에는 한자로 쓰여져 있어 만주어 및 몽골어를 연구하는데도 중요한 자료이다.

(출처 : 송파구청 홈페이지)","<a href=""https://www.songpa.go.kr/culture/contents.do?key=3854"" target=""_blank"" title=""새창 : 송파구 문화관광으로 이동"">https://www.songpa.go.kr/culture</a>",상시 개방,연중무휴,,
127466,12,서울 석촌동 고분군,서울특별시 송파구 가락로7길 21 (석촌동),,18,127.1028642979,37.5022111756,,,,HS,HS01,HS010800,"석촌동 고분군은 백제 한성기에 조성된 왕과 귀족의 무덤군이다. 일제강점기 조사 당시 석촌동과 가락동 일대에 약 300여 기의 고분이 분포했던 것으로 보고되었으나, 도시 개발 등의 영향으로 현재는 서쪽 일부 구역만 남아 있다. 1970년대 이후 발굴 조사 결과 대형 돌무지무덤 7기와 널무덤, 독무덤 등 30여 기 이상이 확인되었으며, 이 중 가장 큰 석촌동 3호분은 너비 50.8m, 높이 4.5m의 3단 기단식 돌무지무덤으로 백제 근초고왕의 무덤으로 추정되고 있다. 2015년 이후 한성백제박물관의 조사에서는 사각형 기단을 중심으로 여러 무덤을 연접해 축조한 구조와 함께 백제 토기, 금제 장신구, 화장된 인골 등이 출토되었다. 이러한 축조 양식은 고구려 유적과 유사한 형태로 백제와 고구려 간의 문화적 연관성을 보여주는 중요한 고고학적 자료이다.","<a href=""https://www.songpa.go.kr/culture/contents.do?key=3851&"" target=""_blank"" title=""새창 : 송파구 문화관광으로 이동"">https://www.songpa.go.kr/culture</a>",상시 개방,연중무휴,,
126525,12,서울 선릉과 정릉 [유네스코 세계유산],서울특별시 강남구 선릉로100길 1,,1,127.0471803291,37.5074206801,,,,HS,HS01,HS010800,"선릉(宣陵)은 조선 9대 성종과 세 번째 왕비 정현왕후 윤씨의 왕릉이다. 선릉은 같은 능역에 하나의 정자각을 두고 서로 다른 언덕에 능침을 조성한 동원이강릉(同原異岡陵)의 형식이다. 정자각 앞에서 바라보았을 때 왼쪽 언덕(서쪽)이 성종, 오른쪽 언덕(동쪽)이 정현왕후의 능이다. 선릉은 1494년 성종이 세상을 떠나자 다음 해인 1495년 광주 학당리인 현재의 자리에 조성하였다. 원래 이 자리는 4대 세종의 아들 광평대군묘역이 있던 자리였으나, 선릉이 조성되면서 광평대군묘역은 현 강남구 수서동으로 옮겼다. 이후 1530년 정현왕후가 세상을 떠나자 선릉 동쪽 언덕에 능을 조성하였다. 선릉은 정릉과 함께 1592년 임진왜란 때 왜적들이 능을 파헤쳐 재궁(梓宮)까지 불에 타는 피해를 당하여 1593년 7월에 다시 장례를 치렀다.

정릉(靖陵)은 조선 11대 중종의 왕릉이다. 중종은 1544년에 세상을 떠나 다음 해인 1545년 두 번째 왕비 장경왕후의 희릉 서쪽 언덕(현 고양 서삼릉 내 철종의 예릉 자리)에 능을 조성하고 능의 이름을 희릉과 함께 정릉이라 하였다. 그러나 정릉은 1562년 세 번째 왕비 문정왕후에 의해 현재의 자리로 옮겼다. 문정왕후는 당시 봉은사 주지였던 보우와 논의하여 중종의 능을 이곳으로 옮겼는데, 이는 문정왕후 본인이 중종의 묻히기를 원해서였다. 그러나 옮긴 정릉이 지대가 낮아 비가 오면 침수되는 일이 자주 일어나자 문정왕후는 세상을 떠난 후 정릉이 아닌 현재 서울 노원구 태릉에 묻히게 되었다. 이로 인해 중종과 세 왕비(단경왕후, 장경왕후, 문정왕후)의 능은 모두 따로 흩어지게 되었다. 정릉은 선릉과 마찬가지로 1592년 임진왜란 때 능이 파헤쳐져 재궁(梓宮)이 불에 타는 피해를 입었고, 1593년 8월에 다시 장례를 치렀다.","<a href=""https://royal.khs.go.kr/ROYAL/contents/R106020000.do?schBdcode=rtm&pageType=story&bdProgramCode=storyCtg7&returnPage=subMain&schBdIdx=20231026055423169188&schIdx=6"" target=""_blank"" title=""새창 : 국가유산청 궁능유적본부로 이동"">https://royal.khs.go.kr</a>",06:00~21:00,매주 월요일,,
2764329,12,서울 신당동 박정희 가옥,서울특별시 중구 다산로36가길 25 (신당동),,24,127.0198701715,37.5615194612,,http://tong.visitkorea.or.kr/cms/resource/52/3467852_image2_1.jpg,Type3,HS,HS01,HS010500,박정희 전 대통령이 1958년부터 1961년 장충동의 국가재건최고회의 의장 공관으로 이주할 때까지 가족과 함께 생활했던 집이다.(면적 128.93㎡) 이 가옥은 1930년대 후반 조선도시경영주식회사에서 신당동 문화 주택지 개발로 조성한 가옥 중 유일하게 남은 가옥으로 우리나라 주거사의 중요한 자료로 인정받으며 국가등록문화유산 제412호로 지정되었다. 가족이 거주한 당시 사진과 언론 자료를 근거로 재현하여 2015년부터 시민에게 개방되었다.,"<a href=""https://www.heritage.go.kr/heri/cul/culSelectDetail.do?pageNo=1_1_1_1&sngl=Y&ccbaCpno=4411104120000"" target=""_blank"" title=""새창 :  국가유산청 홈페이지로 이동"">https://www.heritage.go.kr/</a>",10:00~18:00,매주 월요일 / 1월1일 / 설·추석 기념 행사시(사전공지 예정),,
126519,12,서울 암사동 유적,서울특별시 강동구 올림픽로 875 (암사동),,2,127.1306157102,37.5591134023,,http://tong.visitkorea.or.kr/cms/resource/39/3585939_image2_1.jpg,Type3,HS,HS01,HS011200,"우리나라 선사시대를 대표하는 서울 암사동 유적은 아차산성을 마주하는 한강변에 있는 신석기시대 유적이다. 3개의 문화층이 확인되었고, 방사선탄소측정에 따르면 BC 4,000~3,000년기에 걸친 유적이다. 여러 차례 발굴조사 결과 40기 이상의 집터와 딸린시설, 돌무지시설이 발견되었다. 한강을 중심으로 어로와 채집 생활을 하며 살았던 신석기시대 사람들 삶의 흔적이 고스란히 남아있다. 집터는 바닥을 둥글거나 모서리를 죽인 네모꼴로 팠으며, 크기는 길이 5~6m, 깊이 70~100㎝ 정도이다. 집터 가운데에 돌을 두른 화덕자리도 보이며, 입구는 주로 남쪽을 향한다. 기둥구멍은 보통 4개이며, 모서리에 기둥을 세우고 지붕을 만든 것으로 보인다. 또한 바닥이 뾰족한 빗살무늬 토기가 많이 나왔으며, 돌도끼, 그물추, 불에 탄 도토리 등도 출토되었다.서울 암사동 유적은 한강유역의 대표적인 신석기시대 유적이며, 지금까지 확인된 우리나라 신석기시대 유적 중 최대의 마을단위 유적으로서 매우 중요하다. 또한 당시 생활모습을 살필 수 있는 유물이 많이 출토되었다.","<a href=""http://sunsa.gangdong.go.kr"" target=""_blank""title=""새창 : 서울 암사동 유적 박물관 홈페이지로 이동"">http://sunsa.gangdong.go.kr</a>",09:30~18:00 (입장마감 17:30),"매주 월요일 / 1월 1일<br>(※ 단, 월요일이 공휴일인 경우 그 다음 첫 번째 평일 휴관)",,
250330,12,서울 약현성당,서울특별시 중구 청파로 447-1,(중림동),24,126.9674194623,37.5591437954,,http://tong.visitkorea.or.kr/cms/resource/93/3463493_image2_1.jpg,Type3,HS,HS03,HS030200,"약현(藥峴) 성당은 소규모 성당 건축물이다. 이 건물은 1886년 종교의 자유가 허용된 이후 천주교를 믿는 사람의 수가 늘어나자 명동 성당 아래 공소(公所)로 설립되었다. 1891년 당시 명동 성당의 주임 신부였던 두세 신부가 합동 (蛤洞)에 대지를 마련하고, 부주교인 코스트 신부가 설계와 시공감독을 맡아 그 다음해인 1892년에 약현 성당이 탄생하였다. 이 성당이 위치한 곳은 예전에 약초를 재배했던 지역으로 ‘약초 밭이 있는 고개’ 라는 뜻의 약전현(藥田峴)이라 불렀다고 전한다. 이후에 줄여서 ‘약현’이라고 했는데, 서울 만리동에서 서울역으로 넘어오는 고개 부근의 지명으로 사용되어 약현성당이란 명칭이 붙여진 것이다. 이 성당은 우리 나라 최초로 건립된 서양식 성당 건축물로 주목된다. 또한 고딕적인 요소를 부분적으로 나타내고 있지만  반원형의 둔중한 아치 형태 지붕과 창의 면적을 좁게 나타내는 등 전체적으로 로마네스크 양식을 갖는 벽돌조 건물이다. 비교적 소규모의 성당으로 옆면 창은 처마 높이가 낮아 뾰족아치가 아닌 원형아치로 되어 있으나, 앞면의 출입구와 옆면 좌우로 돌출한 출입구 창 부분이 각기 뾰족아치를 이루어 고딕 모양을 하고 있다.","<a href=""http://www.yakhyeon.or.kr/"" title=""중림동 약현성당 사이트로 이동"" target=""_blank"">http://www.yakhyeon.or.kr</a>",※ 자세한 사항은 전화문의 요망,연중무휴,,
127216,12,서울 양천고성지,서울특별시 강서구 가양동,,4,126.8408278075,37.5740425776,,http://tong.visitkorea.or.kr/cms/resource/62/3526762_image2_1.jpg,Type1,HS,HS01,HS010200,"양천고성지는 서울특별시 강서구 가양동 궁산 정상부의 주능선과 가지능선 상단부를 에워싸 축조한 테뫼식 산성이다. 궁산은 안양천과 한강이 합류하는 지점에 위치해 한강 하류를 방어하는 중요한 요새지였다. 성은 북쪽이 한강 쪽으로 급경사를 이루고 남쪽은 완만한 경사를 보이며, 성의 길이는 약 220m, 면적은 29,370㎡이다. 『신증동국여지승람』, 『여지도서』, 『대동지지』 등 여러 옛 문헌에 성에 관한 기록이 남아 있고, 적심석과 성돌 등 성벽의 흔적도 확인할 수 있다. 임진왜란 당시 권율 장군이 이곳에 머물다 한강을 건너 행주산성에서 승리를 거두었다는 이야기가 전하며, 행주산성·오두산성과 함께 한강 방어의 핵심 거점으로 중요한 의미를 지닌다.","<a href=""https://www.heritage.go.kr/heri/cul/culSelectDetail.do?ccbaKdcd=13&ccbaAsno=03720000&ccbaCtcd=11&pageNo=1_1_1_0"" target=""_blank"" title=""새창: 홈페이지로 이동"">https://www.khs.go.kr/main.html</a>",상시 개방,연중무휴,,
252532,12,서울 연세대학교 스팀슨관,서울특별시 서대문구 연세로 50 (신촌동),,14,126.9367638823,37.5605791904,,http://tong.visitkorea.or.kr/cms/resource/24/2736324_image2_1.jpg,Type3,HS,HS01,HS011100,"연세대학교에 최초로 세워진 건물로서, 1919년 착공하여 1920년 완성된 돌로 지은 2층 건물이다. 연세대학교의 전신인 연희전문학교의 설립자 언더우드(한국 이름 원두우) 목사가 고향인 미국으로 돌아가서 항구적인 학교 건축을 위해 미국 로스앤젤레스에 거주하던 찰스 스팀슨의 기부금을 얻어놓고 세상을 떠난 뒤 후임 교장인 에비슨이 그 기부금으로 건립한 것이다. 유가족인 언더우드 부인이 초석을 놓았고 당시 화학과 교수인 밀러가 공사를 감독하였다. 설계자는 알 수 없으나 당시 미국인 건축가들이 우리나라에 와서 설계와 기본 계획을 작성하였다고 한다. 장방형의 평면에 맞배지붕을 하고 있으며 고딕 양식의 건물이다.","<a href=""https://www.heritage.go.kr/heri/cul/culSelectDetail.do?pageNo=1_1_1_1&sngl=Y&ccbaCpno=1331102750000"" target=""_blank"" title=""새창 : 국가유산청으로 이동"">https://www.khs.go.kr/</a>",상시 개방,연중무휴,,
126527,12,서울 영휘원(순헌황귀비)과 숭인원(이진),서울특별시 동대문구 홍릉로 90,(청량리동),11,127.0435644361,37.5896471740,,http://tong.visitkorea.or.kr/cms/resource/46/3055946_image2_1.JPG,Type3,HS,HS01,HS010800,"영휘원은 대한제국 고종황제의 후궁인 순헌황귀비 엄씨의 무덤이고, 숭인원은 대한제국 마지막 황태자인 의민황태자의 첫째 아들 이진 원손의 무덤이다. 엄씨의 위패는 현재 종로구 궁정동에 있는 칠궁에 모셔져 있다.
순헌황귀비 엄씨(1854~1911)는 엄진삼의 장녀로 8살에 입궐하여 명성황후의 시위 상궁이 되었다가, 1897년 영친왕을 낳아 고종의 후궁이 되었다. 1903년 황귀비로 책봉되고 경선궁에 살았다. 황귀비는 여성의 신교육을 위해 진명여학교와 숙명여학교를 설립하였고 양정학교가 재정난을 겪자 땅 200만 평과 내탕금을 기증하는 등 나라를 짊어지고 나갈 인재를 키우는 데 큰 역할을 하였다.  경술국치 후 1911년 덕수궁 즉조당에서 세상을 떠났다. 신주는 덕안궁에 모셨고 이후 덕안궁은 육상궁 경내로 옮겨졌다. 의민황태자의 첫째 아들 이진 원손(1921~1922)은 영친왕와 황태자비 이씨의 첫째 아들로 일본에서 태어났다. 이듬해에 영친왕 내외와 함께 잠시 귀국하였으나 일본으로 돌아가기 하루 전 덕수궁 석조전에서 급사하였다. 순종황제가 원손의 죽음을 애석하게 여겨 후하게 장례를 치르도록 명을 내려, 현재의 자리에 무덤을 조성하였다. 영휘원은 조선시대의 원소 제도에 맞게 조성하여 홍살문, 정자각, 비각을 세웠고 원침에는 호석을 둘렀다. 숭인원은 영휘원과 비슷하게 조성하였으나 원침에 호석과 석양을 생략하고 석물과 봉분의 크기도 다른 원에 비해 작게 조성하였다.","비짓서울 <a href=""https://korean.visitseoul.net/attractions/%EC%98%81%ED%9C%98%EC%9B%90-%EC%88%AD%EC%9D%B8%EC%9B%90%ED%99%8D%EB%A6%89_/4525""target=""_blank"" title=""새창 : 비짓서울 홈페이지로 이동"">https://korean.visitseoul.net/attractions</a><br>궁능유적본부 <a href=""https://royal.khs.go.kr/ROYAL/contents/R702000000.do"" target=""_blank"" title=""새창 : 궁능유적본부 홈페이지로 이동"">https://royal.khs.go.kr/ROYAL</a>","- 11월~1월 09:00~17:30 (입장 마감 16:30)<br>
- 2월~5월 / 9월~10월 09:00~18:00 (입장 마감 17:00)<br>
- 6월~8월 09:00~18:30 (입장 마감 17:30)","매주 월요일 (단, 월요일이 공휴일일 경우 다음날 휴무)",,
127454,12,서울 운현궁,서울특별시 종로구 삼일대로 464,,23,126.9871421746,37.5764588036,,http://tong.visitkorea.or.kr/cms/resource/06/3577706_image2_1.jpg,Type1,HS,HS01,HS010100,"운현궁은 경복궁과 같은 궁궐이 아니라 왕족의 친족들이 거주하던 궁으로 종로구 운니동에 위치한 사적이다. 흥선대원군의 일가가 거주하고 생활한 사저였으며, 고종이 임금이 되기 전까지 태어나고 자란 곳이다. 운현궁은 조선조 말기의 역사적 사건들 대부분이 시작된 곳이며 수많은 개혁정책과 쇄국정책이 시행된 곳이었기에 역사적 상징성이 남다르다. 운현궁의 대표적인 건물은 1864년 9월에 준공한 노안당과 노락당, 그리고 6년 후에 증축한 이로당이 있고, 지금은 한 개뿐이지만 그 당시 네 개였던 대문이 있다. 노락당은 운현궁에서 가장 중심이 되는 건물로서 가족들의 회갑이나 잔치 등 큰 행사때 주로 이용되었다. 노안당은 대원군이 사랑채로 사용하던 건물이다. 노안당은 전형적인 한식 기와집으로 추녀 끝이 섬세하고 아름다운 것이 특징이다.","<a href=""http://www.unhyeongung.or.kr/"" title=""운현궁 사이트로 이동"" target=""_blank"">http://www.unhyeongung.or.kr</a>","[하절기(4월~10월)]<br>
09:00~19:00 (입장 마감 18:30)<br>
[동절기(11월~3월)]<br>
09:00~18:00 (입장 마감 17:30)<br>
※ 자세한 사항은 홈페이지 참조","매주 월요일 (단, 월요일이 공휴일인 경우 정상 개장)",,
3425093,12,서울 인디스페이스,서울특별시 마포구 양화로 176 (동교동),"(동교동, 와이즈파크) 8층",13,126.9250122694,37.5572849188,,http://tong.visitkorea.or.kr/cms/resource/40/3430640_image2_1.JPG,Type1,VE,VE12,VE120300,"서울 인디스페이스는 독립영화 전용 상영관으로, 독립영화, 다큐멘터리, 실험영화 등 다양한 비상업 영화를 관객들에게 선보입니다. 관객과의 대화(GV)나 특별 상영회 같은 영화 관련 행사를 통해 관객과 영화 제작자 간의 소통을 지원하며, 독립영화의 활성화를 목표로 활동하고 있다.
위치는 서울 종로구에 있으며, 누구나 편하게 찾아와 독립영화를 즐길 수 있는 문화 공간이다.",https://indiespace.tistory.com/,매일 10:00 ~ 20:00,,,
735749,12,서울 종로 낙지볶음 골목,서울특별시 종로구 종로 19 (종로1가),,23,126.9799374337,37.5708982096,,http://tong.visitkorea.or.kr/cms/resource/46/3478546_image2_1.jpg,Type3,VE,VE04,VE040100,"서울 종로 낙지볶음 골목은 청계천 청계광장 인근 무교동 사거리에서 종로구청으로 이어지는 일대를 말한다. 1960년대 종로구 서린동에 낙지 골목이 형성된 것을 기원으로 본다. 과거 청계천 인근 회사에 다니던 언론인과 공무원을 비롯한 직장인들이 주로 이 골목을 찾아 매운 낙지볶음과 시원한 조개탕을 곁들여 먹으며 삶의 애환과 스트레스를 날리고, 젊은 열정을 불태웠던 낭만과 추억의 거리로 알려져 있다.
무교동 낙지골목이라는 이름으로 불리기도 한다. 1970년대에서 1990년대에 이르는 여러 차례의 도심 재개발로 인해 서린동에서 무교동, 다동, 피맛골 일대, 종로 1가 등 다양한 행정동으로 상권이 이동했는데, 무교동이 당시 가장 널리 알려진 이름이었기 때문으로 추정된다. 여러 번의 이전에도 없어지지 않고 50년 이상의 세월 동안 매운 낙지볶음과 시원한 국물의 맛을 지켜온 가게들은 재개발 이후 신축된 광화문 르메이에르빌딩으로 들어가거나, 그 주변으로 이사를 했다. 세월이 흘러 그때의 낙지골목의 모습은 사라졌지만 종로 일대로 다양하게 퍼져나가 지금까지도 맛있는 낙지볶음 요리를 선보이고 단골손님을 만들어 가고 있다. 오동통하고 쫄깃한 낙지가 어우러져 사람들의 발길을 잡고 있다.",,점포 별로 상이함,점포 별로 상이함,,
126526,12,서울 태릉(문정왕후)과 강릉(명종·인순왕후) [유네스코 세계유산],서울특별시 노원구 화랑로 681,,9,127.0971582841,37.6341401904,,,,HS,HS01,HS010800,"태릉은 조선 11대 중종(재위 1506~1544)의 세 번째 왕비 문정왕후 윤씨(1501~1565)의 능이다. 1565년(명종 20) 문정왕후가 세상을 떠나 능 자리를 중종의 정릉(靖陵) 부근(신정릉(新靖陵))으로 정하였으나 명종의 반대로 현재의 자리를 문정왕후의 능 자리로 정하고 능의 이름을 태릉이라 하였다. 원래 문정왕후는 남편 중종과 같이 묻히기를 원하여 당시 봉은사의 주지인 보우와 의논하여 중종의 두 번째 왕비 장경왕후의 희릉 옆에 있던 중종의 능을 풍수상 불길하다는 이유로 지금의 자리로 옮겼다. 그러나 옮긴 정릉은 지대가 낮아 비가 오면 홍수 피해가 자주 일어났기 때문에 명종은 어머니의 능을 지금의 자리로 정하게 되었다. 『선조실록』에 의하면 1592년(선조 25) 임진왜란 때 선릉·정릉과 마찬가지로 태릉과 강릉에도 왜적들에 도굴하려다 실패하였다는 기록이 있다.
태릉은 『국조오례의』의 예에 따라 조성되어 봉분에는 병풍석과 난간석을 둘렀다. 병풍석에는 구름무늬와 십이지신을 새겼고, 십이간지를 문자로 새겼다. 원래 십이간지를 문자로 새긴 것은 병풍석을 생략하고 난간석만 조성할 때만 적용되었는데, 태릉을 시작으로 십이지신상과 문자를 함께 새기는 것으로 바뀌었다. 능침 문석인과 무석인, 장명등 등 석물은 다른 조선왕릉에 비해 크게 세웠는데 이는 조선 중기의 양식이다. 특히 문석인과 무석인의 귓불에 귀고리 구멍이 있는 것이 특이하다. 능침 아래의 정자각은 한국전쟁 때 소실된 것을 1994년에 복원하였다.

강릉은 조선 13대 명종(재위 1545~1567)과 인순왕후 심씨(1532~1575)의 능이다. 강릉은 하나의 곡장 안에 봉분을 나란히 배치한 쌍릉(雙陵)의 형식으로, 앞에서 능을 바라보았을 때 왼쪽(서쪽)이 명종, 오른쪽(동쪽)이 인순왕후의 능이다. 강릉은 1567년(명종 22) 명종이 어머니 문정왕후의 삼년상을 마친 후 며칠 뒤에 세상을 떠나자, 태릉 동쪽 언덕에 조성되었다. 이후 1575년(선조 8) 인순왕후가 세상을 떠나자 명종의 능 동쪽에 능을 조성하여 현재의 모습이 되었다.
전체적으로 문정왕후의 태릉을 조성한 지 2년 뒤에 조성된 능이기 때문에 태릉과 모습이 비슷하다. 두 봉분에는 병풍석과 난간석을 둘렀고, 난간석으로 두 봉분을 연결하였다. 봉분 주변에는 문석인, 무석인, 석마, 장명등, 석상(혼유석), 망주석 등을 배치하였고, 능침 아래에는 정자각, 비각, 홍살문이 있다.","<a href=""https://royal.khs.go.kr/ROYAL/contents/R106020000.do?schBdcode=rtm&pageType=story&bdProgramCode=storyCtg7&returnPage=subMain&schBdIdx=20231026045247008270&schIdx=8"" target=""_blank"" title=""새창 : 궁능유적본부 홈페이지로 이동"">https://royal.khs.go.kr</a>","- 2월~5월 09:00~18:00 (입장마감 17:00)<br>
- 6월~8월 09:00~18:30 (입장마감 17:30)<br>
- 9월~10월 09:00~18:00 (입장마감 17:00)<br>
- 11월~1월 09:00~17:30 (입장마감 16:30)","매주 월요일<br>※ 단, 월요일이 공휴일인 경우 개방하며, 그 다음 첫 번째 평일에 휴관",,
126520,12,서울 풍납동 토성,서울특별시 송파구 풍납동,73-1,18,127.1207171711,37.5394516183,,,,HS,HS01,HS010200,"풍납동 토성은 백제 한성기 시기에 흙으로 쌓은 평지성으로, 배 모양을 띠는 성곽이다. 현재는 한강과 맞닿은 서쪽 성벽이 유실되어 약 2.7㎞만 남아 있으나, 원래는 총 둘레 3.7㎞ 규모였을 것으로 추정되며, 이는 고구려 국내성이나 신라 월성보다도 크고 웅장하다. 초기 성벽 높이는 10.8m였고, 두 차례 증축을 통해 최대 13.3m에 이르는 대규모 성으로 확장되었다. 1925년 을축년 대홍수 때 상류층 유물인 청동초두, 허리띠장식 등이 출토되며 하남 위례성으로 비정되었고, 1936년 조선고적 제27호로 지정된 후 1963년 국가지정 사적으로 보호받고 있다. 내부에서는 백제 초기 도로 유구, 대형 수혈건물지, 기와 건물지, 신전으로 추정되는 건물지와 제사 관련 유물이 확인되며, 2000년부터는 6개 권역으로 나뉘어 보존·복원이 진행 중이다.","<a href=""https://www.songpa.go.kr/culture/contents.do?key=3850&"" target=""_blank"" title=""새창 : 송파구 문화관광으로 이동"">https://www.songpa.go.kr/culture</a>",상시 개방,연중무휴,,
126530,12,서울 헌릉(태종·원경왕후)과 인릉(순조·순원황후) [유네스코 세계유산],서울특별시 서초구 헌인릉길 34 (내곡동),,15,127.0823644560,37.4644151940,,http://tong.visitkorea.or.kr/cms/resource/76/3530376_image2_1.jpg,Type3,HS,HS01,HS010800,"헌릉은 조선 3대 태종(재위 1400~1418)과 원경왕후 민씨(1365~1420)의 능이다. 하나의 곡장 안에 봉분을 나란히 배치한 쌍릉(雙陵)의 형식으로, 앞에서 능을 바라보았을 때 왼쪽(서쪽)이 태종, 오른쪽(동쪽)이 원경왕후의 능이다. 1420년(세종 2) 원경왕후가 먼저 세상을 떠나 현재의 자리에 능을 조성하였다. 원경왕후의 능을 조성할 때 태종은 자신의 능자리를 미리 만들었다. 2년 후 1422년(세종 4) 태종이 세상을 떠나자 원경왕후의 능 서쪽에 능을 조성하여 현재의 모습이 되었다.
능침 봉분은 모두 병풍석과 난간석을 둘렀고, 병풍석에는 십이지신상과 영저(금강저) 및 영탁(금강령) 등을 새겼다. 봉분 주변으로는 문석인, 무석인, 석마, 정중석, 장명등, 석상(혼유석), 망주석, 석양과 석호를 배치하였다. 특히 문석인, 무석인, 석마, 석양, 석호 등은 다른 왕릉에 비해 두 배 더 배치되었는데, 이는 고려 공민왕과 노국공주의 현·정릉(玄·正陵) 제도를 따른 것이다. 능침 아래의 신도비각에는 두 개의 신도비가 있는데, 태종이 세상을 떠난 후 세운 신도비와 1695년(숙종 21)에 원래 신도비가 훼손되어 다시 세운 신도비가 있다.

인릉은 조선 23대 순조(재위 1800~1834)와 순원황후 김씨(1789~1857)의 능이다. 인릉은 한 봉분 안에 왕과 왕비를 같이 모신 합장릉(合葬陵)의 형식으로, 우상좌하(右上左下)의 원칙에 따라 앞에서 봤을 때 왼쪽에 순조, 오른쪽에 순원황후를 모셨다. 1834년(순조 34) 순조가 세상을 떠나자 다음 해 파주 교하의 장릉(인조) 근처에 조성되었다. 그러나 풍수상 불길하다고 하여 1856년(철종 6) 현재의 자리로 옮겼다. 옮긴 인릉 자리에는 원래 세종의 옛 영릉이 있던 곳이었는데, 인릉을 공사하면서 주변 땅에 묻혀 있던 세종의 옛 영릉 석물과 중종의 두 번째 왕비 장경왕후의 옛 희릉 석물을 다시 꺼내 다듬어서 사용하였다. 다시 사용한 석물은 문석인, 무석인, 석마, 장명등, 석상(혼유석), 망주석, 석양과 석호이며, 일부 석양과 망주석, 석마는 새로 제작하였다. 이는 인릉을 옮긴 후 편찬한 『인릉천봉산릉도감의궤』에 기록되어 있다. 인릉을 옮긴 후 다음 해 순원황후가 세상을 떠나자 인릉에 합장되었다. 능침 아래 비각 안에는 두 기의 표석이 있는데 1비는 조선시대에 세운 표석(순조대왕, 순원왕후)이고, 2비는 대한제국 때 세운 표석(순조숙황제, 순원숙황후)이다.","<a href=""https://royal.khs.go.kr/ROYAL/contents/R106020000.do?schBdcode=rtm&pageType=story&bdProgramCode=storyCtg7&returnPage=subMain&schBdIdx=20231026062512487184&schIdx=1"" target=""_blank"" title=""새창 : 궁능유적본부 홈페이지로 이동"">https://royal.khs.go.kr</a>","[2월~5월] 09:00~18:00 (입장마감 17:00)<br>
[6월~8월] 09:00~18:30 (입장마감 17:30)<br>
[9월~10월] 09:00~18:00 (입장마감 17:00)<br>
[11월~1월] 09:00~17:30 (입장마감 16:30)","매주 월요일<br>※ 단, 월요일이 공휴일인 경우 개방하며, 그 다음 첫 번째 평일에 휴관",,
2554065,12,서울교통공사 고덕차량사업소,서울특별시 강동구 아리수로87길 32 (고덕동),,2,127.1717395873,37.5646551683,,,,EX,EX06,EX060600,"서울교통공사는 차량사업소별로 지하철 견학체험을 운영하고 있다. 차량 설비와 시설을 둘러보면서 지하철 운영에 대한 이해와 안전 수칙을 배우고, 비상시 열차 출입문 개폐 방법, 비상통화장치 및 소화기 취급요령, 운전실과 객실 견학 및 지하철 기기에 대한 설명을 듣는다. 
견학 신청은 희망하는 견학일로부터 15일 전까지 홈페이지를 통해 신청해야 하며, 차량사업소 별로 견학 가능 일자와 시간이 상이하기 때문에 확인이 필수이다. 
이 중 고덕차량사업소는 매월 둘째 주, 넷째 주 수요일에만 견학이 가능하다. 상동일역 6번 출구 앞에서 9시 40분에 출발하는 셔틀이 운행되고 있어 편리하게 찾아갈 수 있다.","<a href=""https://www.seoulmetro.co.kr:444/kr/garage.do?menuIdx=401&reservegroupid=3"" target=""_blank"" title=""새창 : 서울교통공사 공식 홈페이지로 이동"">http://www.seoulmetro.co.kr</a>","둘째 주, 넷째 주 수요일 10:00~11:30<br>
※ 사전 예약 필수",매주 토요일~일요일 / 공휴일,,
2495561,12,서울로 7017,서울특별시 중구 한강대로 405,,24,126.9706609645,37.5545193912,,http://tong.visitkorea.or.kr/cms/resource/09/3081409_image2_1.jpg,Type3,VE,VE03,VE030100,"서울로 7017은 1970년대에 준공된 서울역 고가가 안정상 문제점이 도출되면서 철거될 위기에 놓이게 되었으나, 철거 대신 지역의 새로운 활력을 불어넣기 위하여 고가도로를 재활용하는 ‘서울로 7017’가 추진되었고, 고립되었던 서울역 일대를 연결하여 17개의 사람길로 재탄생되었다. 서울로 7017이라는 이름은 ‘1970년에 만들어진 고가도로가 2017년에 다시 태어나고, 1970년대 차량길에서 17개의 사람길로 재탄생하는 1970년대에 만들어진 17m 높이의 고가’라는 의미를 모두 담은 이름이다. 이 이름대로 서울로 7017은 단절되어 있던 도시를 연결하는 17개의 보행길을 갖추고 있어, 침체된 지역에 활력을 연결하는 역할을 하고 있다. 
서울로 7017은 안내소부터 쉼터, 목련홍보관, 카페, 서울로 전시관, 장미홍보관, 정원교실 등의 편의시설을 갖추고 있다. 비짓서울 홈페이지 내에서 서울도보해설관광 프로그램을 사전에 예약하면 서울로 7017과 함께 문화역서울 284와 숭례문, 한양도성 등의 다양한 역사문화유산과 관광명소를 서울문화관광해설사의 전문적인 해설을 들으며 탐방하는 체험도 이용할 수 있다.","<a href=""https://parks.seoul.go.kr/template/sub/seoullo7017.do"" target=""_blank"" title=""새창 : 서울의 공원 홈페이지로 이동"">https://parks.seoul.go.kr/</a>",상시 개방,연중무휴,,
2553908,12,서울새활용플라자,서울특별시 성동구 자동차시장길 49 (용답동),,16,127.0578667897,37.5587371344,,http://tong.visitkorea.or.kr/cms/resource/08/3486408_image2_1.png,Type3,EX,EX06,EX061000,"2017년 9월 개관한 서울새활용플라자는 새활용에 대한 모든 것을 보고, 배우고, 경험할 수 있는 세계 최대 규모의 새활용 복합문화공간이다. ‘새활용’이란 버려지는 자원에 디자인을 더하거나 활용방법을 바꿔 새로운 가치를 만들어내는 업사이클링(Up-cycling)의 우리말이다.
서울새활용플라자는 버려지는 자원들을 더 새롭게 활용하여 디자인, 제조, 유통하는 동시에, 시민들에게 새로운 삶으로 제안하는 다양한 활동을 펼치고 있다. 새활용 관련 전시와 새활용 실천 교육 및 체험프로그램, 디자인 스튜디오, 업사이클링 편집매장, 공방 등을 운영한다. 재활용과 재사용, 줄이기와 함께하는 제로웨이스트(ZeroWaste) 전진기지인 서울새활용플라자에서 다양한 체험을 경험할 수 있다. 또한 새활용에 대한 인식을 넓힐 수 있도록 하며, 물건을 가치 있게 오래 사용하는 방법을 제시한다.","<a href=""http://www.seoulup.or.kr/"" target=""_blank"" title=""새창 : 서울새활용플라자 공식 홈페이지로 이동"">http://www.seoulup.or.kr/</a>","10:00~18:00<br>
※ 토요일의 경우, 소재은행은 새활용 탐방, 공간 및 장비사용 신청 사전 예약자에 한하여 방문 가능",매주 일요일,,
1369066,12,서울색공원,서울특별시 영등포구 여의도동,,20,126.9307152844,37.5304520284,,http://tong.visitkorea.or.kr/cms/resource/77/3544377_image2_1.jpg,Type1,VE,VE03,VE030100,"서울 색공원은 마포대교 교각과 둔치 사이의 하부공간에 색을 주제로 조성된 시민공원(약 9,000㎡)이다. 서울시 색채환경 개선 및 고유한 도시이미지 형성을 위하여 개발한 서울색을 공공공간에 적용하여 서울 색공원(Seoul Color Park)을 조성하여 한강을 찾는 시민들에게 휴식 공간과 동시에 일상적 디자인 체험의 기회도 제공하고 있다. 
서울 색공원은 한강의 물결을 형상화한 서울색 조형물, 서울 대표색 10을 활용한 서울색 바코드 그래픽 및 벤치 등이 설치되어 있다. 공공시설물은 거리에 통합되어 쾌적해 보이도록 기와진회색과 돌담회색 등을 적용하고, 가로에서 눈에 잘 보여야 하는 것에는 단청빨간색, 꽃담황토색, 남산초록색 등과 그 계열색들을 적용하여 가로경관의 이미지를 체계적으로 개선해가고 있다. 또한, 서울시립미술관과 서울역사박물관에도 서울색을 활용한 조형물 및 작품이 설치되어 있다.",,상시 개방,연중무휴,,
2773558,12,서울성북 미디어문화마루,서울특별시 성북구 길음로7길 20 (길음동),,17,127.0222187566,37.6038090327,,http://tong.visitkorea.or.kr/cms/resource/75/3467575_image2_1.jpg,Type3,VE,VE12,VE120300,"서울성북 미디어문화마루는 서울시와 성북구가 기초편익시설이 부족한 서울 동북권 지역에 지역주민을 위한 도서관, 공연장, 수영장 등 문화복합시설을 제공하고, 미디어의 중요성이 대두하는 시대 흐름에 맞춰 미디어 교육 및 창업 지원이 가능한 미디어 거점 공간으로 설립한 복합문화시설이다. 지하 2층에서 지상 4층까지 연면적 9,484㎡ 규모로 지하 1층에는 생활체육시설(물빛수영장)이 지상 1층부터 3층까지는 공공도서관(글빛도서관)과 서울시청자미디어센터, 지상 4층에는 320여 객석 규모의 공연장(꿈빛극장)이 있다. 지하철 4호선 길음역 1번 출구 도보 5분 거리다.","서울시청자미디어센터·미디어랩 <a href=""https://kcmf.or.kr/comc/seoul/"" target=""_blank"" title=""새창 : 서울시청자미디어센터·미디어랩 홈페이지로 이동"">https://kcmf.or.kr/comc/seoul/</a><br>
글빛도서관 <a href=""https://www.sblib.seoul.kr/gbitlib/index.do"" target=""_blank"" title=""새창 : 서울시청자미디어센터·미디어랩 홈페이지로 이동"">https://www.sblib.seoul.kr/gbitlib/</a>","05:30~22:00<br>
※ 시설별 상이하므로 전화 문의",,,
3442142,12,서울숲 곤충식물원,서울특별시 성동구 뚝섬로 273 (성수동1가),,16,127.0418131384,37.5431247707,,http://tong.visitkorea.or.kr/cms/resource/17/3442117_image2_1.JPG,Type1,EX,EX07,EX070200,"서울숲 곤충식물원은 서울숲 내에 위치한 자연 학습 공간으로, 열대 식물과 다양한 곤충을 관찰할 수 있다. 테마식물원, 표본전시실, 나비생태관 등이 있어 가족 단위 방문객들에게 교육적이고 즐거운 경험을 제공한다. 입장료는 무료이며, 화요일부터 일요일까지 운영된다.",,하절기 화~일 10:00~17:00 / 동절기 화~일 11:00~16:00,매주 월요일,,
2718257,12,서울웨이브아트센터,서울특별시 서초구 잠원로 145-35 (잠원동),,15,127.0072975370,37.5184409070,,http://tong.visitkorea.or.kr/cms/resource/30/3096830_image2_1.jpg,Type1,VE,VE12,VE120300,"서울웨이브아트센터는 서울시 서초구 잠원한강공원에 위치한 아트센터이다.  물과 뭍이, 하늘과 땅이, 사람과 자연이, 강남과 강북이, 그리고 사람과 사람이 만나는  한강과 동화되는 가장 아름다운 공간이다. 2020년 1월 개관으로 서울과 한강의 아름다움과 예술 문화를 알려나갈 명소로 부족함 없도록 언제나 새롭고 모두에게 사랑받는 전시 콘텐츠를 지원한다.

◎ 한류의 매력을 만나는 여행 정보 - 드라마 <셀러브리티>
드라마 <셀러브리티>에서는 주인공 서아리가 동창 오민혜의 초대를 받아 셀럽 파티에 참여하게 되는 장면이 나온다. 화려한 조명으로 반짝이던 이 파티장의 실제 장소는 ‘서울웨이브아트센터’로 잠원 한강 공원의 랜드마크다. 특히나 밤에 조명이 켜지면 더욱 아름다운 장소로, 한강에서 밤 산책을 즐길 예정이라면 한 번쯤 들러보는 것을 추천한다.",,매장 별 상이,,,
749216,12,서울창포원,서울특별시 도봉구 마들로 916 (도봉동),,10,127.0471890359,37.6895745075,,http://tong.visitkorea.or.kr/cms/resource/87/3569087_image2_1.jpg,Type1,NA,NA04,NA040700,"서울창포원은 세계 4대 꽃 중 하나인 붓꽃을 주제로 하는 생태공원이다. 붓꽃원, 습지원, 초화원, 약용식물원 등 12개의 테마로 조성되었다. 붓꽃원에는 노랑꽃창포, 부처붓꽃, 타래붓꽃, 범부채 등 130종의 다양한 붓꽃 30만 본을 약 15,000㎡의 면적에 심어 다양한 종류의 붓꽃을 감상할 수 있다. 붓꽃은 매년 5~6월 개화하며, 꽃이 없을 때는 잎 모양이 난과 비슷해 관상용으로 좋다. 습지원에서는 각종 수생식물과 습지 생물들을 관찰할 수 있도록 관찰 데크가 설치되어 있다. 초화원에는 꽃나리, 튤립 등 화려한 꽃들이 계절별로 피어난다. 약용식물원에는 70종 13만 본을 심어 국내에서 생산되는 약용식물을 관찰할 수 있다. 이밖에 군락지 식생의 변화 과정을 관찰할 수 있는 천이관찰원을 비롯해 숲속 쉼터 등을 조성하고 주민들에게 생태교육 및 여가와 휴식 공간으로 제공한다. 수도권 지하철 1호선, 7호선 도봉산역 2번 출구에서 125m로 도봉산과 수락산 사이에 있다. 자연을 감상하면서 도봉산 둘레길을 걸으며 스탬프도 찍을 수 있다.","<a href=""http://parks.seoul.go.kr/template/sub/irisgarden.do"" target=""_blank"" title=""새창: 서울 창포원 홈페이지로 이동"">http://parks.seoul.go.kr</a>",상시 개방,연중무휴,,
1829573,12,서울학도병참전기념비,서울특별시 용산구 두텁바위로 60 (용산동2가),,21,126.9787771355,37.5459094260,,http://tong.visitkorea.or.kr/cms/resource/99/3465699_image2_1.jpg,Type3,HS,HS02,HS020100,"1950년 9월 28일 국군이 서울을 탈환하고 북진할 때, 국군은 포병으로 참전을 자원한 학도 의용병들을 용산고등학교에 집결하도록 하였다. 수많은 학생들 중에서 341명이 선발되어 10월 20일 서울을 출발, 다음날 21일 평양에 도착하여 육군 제17사단 18 포병 대대에 배속되었다. 그 이후 1953년 7월 23일 휴전 때까지 장교 임관하거나 기간요원으로 전선에서 활약하였고 이들 중 112명이 전사·실종되었다. 순국 학도탑은 용산고등학교 학생 80명이 포병으로 참전한 것 이외에도 다른 군부대에 많은 학우들이 참전하여 꽃다운 젊음을 조국에 바친 넋을 기리기 위하여 1956년 10월 23일에 용산고등학교에서 건립하였다. 서울 학도병 참전기념비는 ‘조국과 자유민주주의’를 수호하기 위하여 참전한 학도 의용병들의 숭고한 희생정신을 후세에 전하기 위해 참전 55주년을 기념하여 2005년 10월 20일에 서울학도포병동지회에서 건립하였다. 서울 학도포병 참전자 명비는 참전 65주년을 기념하여 2015년 10월 20일에 서울학도포병동지회에서 건립하였으며, 1950년 10월 20일 용산고에서 출정식을 하고 포병으로 참전한 서울 지역 학도의용군 341명의 이름이 새겨져 있다. 서울학도포병동지회와 용산고등학교, 용산고등학교 동창회 주관으로 매년 6월과 10월에 학도 의용병들의 숭고한 나라사랑 정신을 기리는 기념식을 개최하고 있다.","<a href=""http://mfis.mpva.go.kr/memorial/movementView.do?gubunCode=ALL&sid=1917&pageIndex=1&searFacilgubun=&searTopicsort=&searAddr_sigun=%EC%84%9C%EC%9A%B8&searMpvabranch=&searVR=&searInfo=&searGbn=tit&searTxt=%ED%95%99%EB%8F%84/"" target=""_blank"" title=""새창: 국가보훈처 현충시설 정보서비스 홈페이지로 이동"">http://mfis.mpva.go.kr</a>",,연중무휴,,
2661506,12,서울함공원,서울특별시 마포구 마포나루길 407,,13,126.8939818053,37.5558484197,,,,VE,VE03,VE030100,"서울함 공원은 30년간 해양 수호의 임무를 수행하고 퇴역한 서울함을 비롯하여, 참수리호, 잠수함 총 3척의 퇴역 군함을 이용하여 조성한 함상 테마파크다. 원형 그대로를 보존한 3척의 군함은 평소에 볼 수 없던 이색적인 전시와 체험의 공간을 제공하며, 서울 한강공원을 찾는 시민들에게 새로운 볼거리, 즐길거리로 특별한 경험을 선사한다. 서울함 공원은 안내센터와 서울함, 참수리함, 잠수함, 미디어월, 다목적광장으로 구성되어 있다. 참수리호는 대한민국 연안의 경비와 보안을 담당하는 고속정으로 데크, 통신실, 조타실 등 내부 업무공간을 체험할 수 있으며, 조선 수군부터 현재의 대한민국 해군, 옛 배와 현대 군함의 스토리를 대형 스크린을 통해 실감나게 관람할 수 있다. 한강에 떠 있는 서울함은 한국형 호위함으로 1층의 생활공간과 2~4층의 업무공간을 그대로 보존하여 생생하게 체험할 수 있다. 저녁에는 함수와 함미 갑판 위에서 버스킹 공연도 진행되어 한강의 아름다운 석양과 공연을 동시에 감상할 수 있다. 주변에는 망원한강공원과 망원시장이 있어서 가족과 친구와 연인과 함께 나들이 즐기기에 좋다.","<a href=""http://www.seoulbattleshippark.com/""target=""_blank"" title=""새창: 서울함공원"">http://www.seoulbattleshippark.com/</a>","[하절기(3월~10월)]<br>
- 평일 10:00~19:00<br>
- 주말 10:00~20:00<br>
[동절기(11월~2월)]<br>
- 평일 10:00~18:00<br>
- 주말 10:00~18:00",매주 월요일 / 1월 1일 / 설·추석 당일,,
3449598,12,석파정,서울특별시 종로구 창의문로11길 4-1 (부암동),,23,126.9627744300,37.5948701151,,http://tong.visitkorea.or.kr/cms/resource/32/3449432_image2_1.JPG,Type1,HS,HS04,HS040400,"석파정은 조선 후기의 대표적인 별서 정원으로, 자연과 조화를 이루는 전통 건축과 아름다운 정원을 자랑한다. 본래 안동 김 씨 가문의 별정이었으나, 조선 후기 정치가인 흥선대원군이 매입해 자신의 이름인 “석파(石坡)”를 따서 석파정이라고 명명했다.",,,"매주 월요일,화요일 정기휴무",,
2774283,12,선바위(선암),서울특별시 종로구 통일로18가길 26 (무악동),,23,126.9589696707,37.5789968923,,http://tong.visitkorea.or.kr/cms/resource/55/3412155_image2_1.JPG,Type3,NA,NA03,NA030300,"신성한 대상물이 되고 있는 바위로, 마치 중이 장삼-검은 베로 만들어진 품과 소매가 넓은 중의 웃옷-을 입고 있는 형상이라 하여 불교의 ‘선［禪］’자를 따서 이와 같이 부르고 있다. 조선 태조 이성계가 한양에 도성을 쌓을 때 당시의 문신이었던 정도전과 왕사였던 무학대사가 이 바위를 성 안에 두느냐 성 밖에 두느냐로 크게 의견대립을 보였다는 일화가 전한다. 만일 이 바위를 성 안에 두면 불교가 왕성하여 유학에 조예가 깊은 문신들은 힘을 못쓰고, 성 밖에 두면 반대로 승려가 힘을 못쓰게 된다는 주장이었다. 결정을 못 내리고 다음날 아침이 되었는데 특이하게도 눈이 녹지 않은 자리가 있어 태조는 이것을 성터라고 생각하였고 결국 바위는 성 밖으로 밀려났다 한다. 사람의 모습을 하고 있는 자연석으로서, 직접적인 신앙대상물은 아니지만 불력［佛力］을 지닌 존재처럼 신성시되었던 점이 주목된다.",,상시 개방,연중무휴,,
3418283,12,성균관 명륜당,서울특별시 종로구 명륜3가,,23,126.9957161181,37.5861522755,,,,HS,HS01,HS011200,조선시대 대표적인 교육기관인 성균관은 학교와 사당의 역할을 동시에 수행한 곳이다. 성균관의 학생들이 학문을 익히고 연구하며 왕세자까지 교육한 최고의 학부를 명륜당이라고 부르는데 그 뜻은 ‘인간 사회의 윤리를 밝힌다’는 의미를 담고 있다. 명륜당 앞마당에는 400여 년 이상된 천연기념물 제59호인 거대한 은행나무가 자리하고 있다. 노랗게 물든 은행나무와 어우러진 풍경이 아름다워 많은 사람들이 찾아오는 명소가 되었다.,,"[3월~10월] 09:00~18:00<br>
[11월~2월] 09:00~17:00<br>",연중무휴,,
1606096,12,성덕사,서울특별시 중랑구 봉화산로 109-8 (상봉동),,25,127.0864851389,37.6032297023,,http://tong.visitkorea.or.kr/cms/resource/15/3568515_image2_1.jpg,Type1,HS,HS03,HS030100,"성덕사는 중랑구 상봉동 봉화산 기슭에 있는 사찰로 주택가가 밀집한 골목에 있다. 1957년에 세운 사찰로 경내 건물로는 대웅전, 종각, 칠성각, 삼신각, 미륵전 등이 있다. 주택가에 있어서 주민들의 신앙생활과 지역사회 봉사활동에 도움을 주고 있다. 이곳은 원래 애동지 전설이 내려오는 터가 센 땅이었다고 한다. 전설에 따르면 한 노인이 산 중턱에서 나무를 했는데, 베어도 베어도 나무가 다시 세워져 있는 것을 보고 놀라 마을로 도망갔다. 그리고 마을 사람들에게 이 이야기를 해줬는데, 탁발시주를 위해 마을에 들렀던 한 스님이 그곳은 많은 사람의 원한이 서린 곳이라서 원한을 풀어주기 위해 치성을 드리고 애동지(음력 11월 초순 동지)에 팥죽을 쑤어 먹지 말라고 했다. 마을 사람들은 스님의 이야기를 대수롭지 않게 넘겼으나, 아이가 넷인 과부만은 스님이 당부한 대로 매년 치성을 올렸다. 이후 마을에 전염병이 크게 번졌을 때, 과부의 아이들은 아프지 않고 잘 자랄 수 있었다. 과부는 자기가 죽기 직전 자손들을 모두 불러 치성을 올려야 한다고 당부하며 세상을 떠났다고 한다. 1945년 광복 이후 이 일대에 사람이 모여들어 집을 짓고 살기 시작했는데, 이상하게도 공사를 하면 서까래가 무너지거나 기둥이 내려앉았다고 한다. 조계종에서 절을 지을 때도 목재를 실어 나르던 황소가 죽고 인부가 여럿 다쳤을 정도였는데, 절이 완공된 이후에는 불의의 사고로 다치는 사람들이 없어졌다고 한다. 이를 두고 성덕사가 치성을 대신 드리기 때문이라고 마을 토박이들은 말한다.",,상시 개방,연중무휴,,
2733963,12,성북동성당,서울특별시 성북구 선잠로 28 (성북동),,17,126.9980073172,37.5952790333,,http://tong.visitkorea.or.kr/cms/resource/63/3393263_image2_1.JPG,Type3,HS,HS03,HS030200,"성북동성당은 1975년 혜화동 본당으로부터 분리 설립되었다. 마당 한가운데 서 있는 성모상은 일반적인 성모상과 달리 아기 예수 대신 성경책을 끌어안고 있으며, 가르마를 탄 쪽진 머리도 인상적이다. 성북동을 방문하는 사람이라면 누구든 볼 수 있는 장소에 자리 잡고 있으며, 아름다운 건축물을 배경 삼아 사진 찍는 사람들이 많을 정도로 사랑받는 곳이다. 본당 스테인드글라스는 8개의 창에 성화와 그 이야기가 그려져 있다. 말구유에 누워있는 아기 예수와 성모마리아, 그리고 요셉이 묵상하는 모습, 동방박사들이 예물을 들고 경배하기 위해 오고 있는 모습 등이 있다. 성당 아래로 작은 형제회 수도원이 있고 위로는 길상사가 가까운 곳에 있으며 각국의 대사관, 박물관, 미술관 등 여러 사적이 많이 있다.","<a href=""http://www.sbsd.or.kr/"" target=""_blank"" title=""새창 : 성북동성당 사이트로 이동"">www.sbsd.or.kr</a>","상시 개방<br>
※ 미사시간은 홈페이지 확인 요망",연중무휴,,
2745594,12,성수연방,서울특별시 성동구 성수이로14길 14,,16,127.0568784737,37.5417140944,,http://tong.visitkorea.or.kr/cms/resource/24/3564924_image2_1.jpg,Type1,VE,VE12,VE120300,"서울 성동구에 위치한 성수연방은 각자의 분야에서 특별한 개성과 능력, 이야기를 가진 구성원들이 모인 생활 문화 소사이어티 플랫폼이다. 개성과 감성이 돋보이는 다양한 매장들과 식당, 카페들이 모여있는 복합 문화 공간으로 성수동의 핫플레이스다. 1970년대 공장을 리모델링한 공간으로 건물 구조는 마당을 중심으로 ‘ㄷ’자 형태를 띄고 있다. 메이플탑, 천상가옥, 포토랩스 등 다양한 매장들이 들어와 있으며, 남녀노소 누구나 방문이 가능하며 문화생활을 즐길 수 있다.","<a href=""https://sites.google.com/view/ssyb"" target=""_blank"" title=""새창 : 성수연방 홈페이지로 이동"">https://sites.google.com/view/ssyb</a>",10:00~22:00,,,
2760249,12,성촌공원,서울특별시 용산구 이촌로 124 (이촌동),,21,117.9925662504,19.6944274800,,http://tong.visitkorea.or.kr/cms/resource/93/3468093_image2_1.jpg,Type3,VE,VE03,VE030100,"서울 용산구 이촌동 원효대교 북단 교차로와 맞닿은 곳 한강 그랜드오피스텔 앞에 있는 공원으로 자연과 함께 휴식할 수 있는 근린공원이다. 산책로, 지압장, 배드민턴장, 음수대 등이 설치되어 있어서, 산책과 운동하기 좋다. 2개의 정자와 벤치가 마련되어 있어 휴식을 취하기에도 좋으며, 5월과 9월 사이에는 바닥분수도 가동되어 찾는 이들에게 편안한 쉼터가 되고 있다.  2024년에는 산책로 환경개선 사업이 시행되어 ‘맨발로 걷는 황톳길’이 조성되었다.",,상시 개방,연중무휴,,
126494,12,세검정 터,서울특별시 종로구 세검정로 244 (신영동),,23,126.9597189808,37.6009471313,,,,HS,HS01,HS011200,"세검정은 조선 숙종(재위 1674~1720) 때 북한산성을 축조하면서 군사들의 휴식처로 세웠다고도 하며, 연산군(재위 1494∼1506)의 유흥을 위해 지은 정자라고도 전한다. 세검정이란 이름은 1623년(광해군 15) 인조반정 때 이곳에서 광해군의 폐위를 의논하고 칼을 갈아 날을 세웠다고 한 데서 세검(洗劍)이라는 이름이 유래되었다고 한다.
이 정자는 평면상 T자형이고, 지붕은 옆면에서 볼 때 여덟 팔(八) 자 모양인 팔작지붕이다. 영조 24년(1748)에 고쳐지었으나 1941년에 불타 없어져서 1977년 옛 모습대로 복원하여 오늘에 이르고 있다.
세검정은 평화를 상징하는 정자로, 자연과 조화를 이루도록 설계되었다는 점 등에서 한국적인 건축의 참맛을 느낄 수 있는 귀중한 자료가 되고 있다.","<a href=""https://www.heritage.go.kr/heri/cul/culSelectDetail.do?pageNo=1_1_1_1&sngl=Y&ccbaCpno=2331100040000"" target=""_blank"" title=""새창 : 국가유산청으로 이동"">https://www.khs.go.kr</a>",상시 개방,연중무휴,,
2553876,12,세운상가,서울특별시 종로구 청계천로 159 (장사동),,23,126.9952555258,37.5693347773,,http://tong.visitkorea.or.kr/cms/resource/60/3569460_image2_1.jpg,Type1,EX,EX06,EX061000,"세운전자상가는 국내 최초의 종합전자상가이자 오랜 전통의 전자상가이다. 서울의 중심 종로에 위치해 있으며 도심전자산업지역의 메카로서 전기전자부품, 전기재료, 컴퓨터 반도체, 음향기기, 전자제품, CCTV, 오락기기, 노래방기기, 조명기기 등 다양한 전자상품을 취급하고 기기와 제품을 다룰 수 있는 장인들이 이곳에 있다. 오래된 전통만큼 TG삼보컴퓨터, 한글과컴퓨터, 코맥스와 같은 국내 굴지의 기업들이 여기서 시작한 것으로 알려져 있다. 세운상가 부지는 1945년 일본이 미국 등 연합군의 폭격에 대비해 아무런 건물도 짓지 않는 공터인 소개공지 조성 사업을 벌이고 있었던 곳이다. 한국전쟁 이후 집을 잃은 이재민들이 대규모 판잣집을 짓고 이 지역에 살기 시작했으나 1966년 대한민국 최초의 도심재개발 사업지역이 되어 건축가 김수근이 설계하고 2년 만인 1968년 세운상가로 탄생했다. 건물은 총 4층이며, 층별로 가전제품 유통상가, 생활가전제품 도매상가, 전기 및 전자부품 전문상가, 전자부품 및 제품 수리 매장이 있다.<br><br>◎ 한류의 매력을 만나는 여행 정보 - 드라마 <빈센조>
드라마 ‘빈센조’에서 이탈리아 마피아 변호사 빈센조(송중기)가 금이 숨겨진 ‘금가프라자’를 지키기 위해 세입자들과 손을 잡고 거대한 세력에 맞서는 이야기가 펼쳐진다. 극 중 ‘금가프라자’로 등장하는 건물이 바로 서울의 세운상가다. 레트로한 분위기를 지닌 세운상가는 드라마 속 장면들을 더욱 인상깊게 만들어준다.","<a href=""http://sewoonplaza.com/"" target=""_blank"" title=""새창 :  홈페이지로 이동"">http://sewoonplaza.com/</a>",점포별 상이,점포별 상이,,
1364932,12,세종대왕 동상,서울특별시 종로구 세종로,1-68,23,126.9769154284,37.5729534722,,http://tong.visitkorea.or.kr/cms/resource/38/3590038_image2_1.jpg,Type1,VE,VE01,VE010500,"경복궁 앞 세종로에 조성되어 있는 광화문광장에는 세종대왕 동상이 있다. 세종대왕은 민족의 영웅으로서 경복궁에서 즉위하여 승하하신 최초의 임금이었던 역사적 사실 등을 고려해 새로운 정신으로 세종대왕 동상을 건립하여 민족의 자긍심을 높이고, 민족의 우수성을 세계에 널리 알리기 위해 세종대왕 동상을 제작하게 되었다. 동상은 높이 6.2m, 폭 4.3m 규모로 기단 위에 좌상으로 남쪽 방향을 향하고 있으며 이순신 장군 뒤(250m)에 자리 잡고 있다.
동상의 모습은 왕의 위엄보다는 온화한 표정으로 한 손에는 책을 들고 또 다른 손은 백성들을 다독이는 듯한 친근한 느낌을 준다. 세종대왕 동상 전면 공간에는 혼천의(渾天儀, 천체의 운행과 그 위치를 측정하여 천문시계의 구실을 하였던 기구), 측우기(測雨器, 조선 세종 이후부터 말기에 이르기까지 강우량을 측정하기 위하여 쓰인 기구), 앙부일구(仰釜日晷, 17~18세기에 제작된 해시계)를 만들어 전시해 놓았고, 광장 가장자리에 흐르는 물길에는 조선시대 연표가 새겨져 있다. 그리고 동상 후면에는 기둥형태의 6개 열주에는 집현전 학사도, 주자소도, 6진 개척도, 대마도 정벌도, 지음도, 서운관도를 부조 형식으로 조각해 세종대왕의 업적을 상징적으로 보여주고 동상 후면 기단에는 세종이야기 전시관 지하로 통하는 입구가 있다.
세종대왕은 조선의 제4대 왕(1418~1450 재위)이다. 재위 기간 동안 유교정치의 기틀을 확립하고, 공법을 시행하는 등 각종 제도를 정비해 조선왕조의 기반을 굳건히 했다. 또한, 한글의 창제를 비롯하여 조선시대 문화의 융성에 이바지하고 과학기술을 크게 발전시키고 축적된 국력을 바탕으로 국토를 넓혔다. 이름은 도 자는 원정, 태종의 셋째 아들이며, 어머니는 원경왕후 민 씨이다. 비는 청천 부원군 심온의 딸 소헌왕후이다.",,상시 개방,연중무휴,,
1604697,12,세종로공원,서울특별시 종로구 세종대로 지하189 (세종로),,23,126.9759766097,37.5734839492,,http://tong.visitkorea.or.kr/cms/resource/51/3412051_image2_1.JPG,Type3,VE,VE03,VE030100,"세종로공원은 우리나라의 중심인 세종로 가로(경복궁-광화문-세종문화회관-청계천-서울광장)에 조성된 녹지공간이다. 노후되고 폐쇄되어 시민 이용에 한계가 있던 곳을 광화문광장과 연계하여 개방형 공원으로 탈바꿈하여 새로운 시민소통의 공간으로 마련하였다. 공원 내에는 그늘집과 나무의자가 곳곳에 설치되어 인근 직장인들에게 도심 속의 휴식공간을 제공한다. 또한, 분수대와 야외 원형 무대, 각종 조형물이 들어서 깔끔하고 정돈된 분위기 속에서 휴식을 취할 수 있다.","<a href=""http://parks.seoul.go.kr/parks/detailView.do?pIdx=1328&tabTarget=1"" target=""_blank"" title=""새창 : 서울의공원홈페이지로 이동"">http://parks.seoul.go.kr</a>",상시 개방,연중무휴,,
2992822,12,세종마을 음식문화거리,서울특별시 종로구 자하문로1길 24 (체부동),,23,126.9710825243,37.5765696140,,http://tong.visitkorea.or.kr/cms/resource/62/3535062_image2_1.jpg,Type1,VE,VE04,VE040100,인근 먹자골목으로 과거 금천교 시장으로 불리던 것이 2011년 ‘세종마을 음식문화거리’라는 공식 명칭을 얻었다. 실제로 ‘세종마을’은 세종대왕이 태어난 마을이라 붙은 이름이다. 왕의 이름이 붙은 동네지만 분위기는 왁자지껄한 서민 거리 그 자체. 금천교 시장으로 불릴 때부터 오랜 단골을 확보해 둔 손맛 좋은 노포들과 새로 유입된 청년 사장들의 톡톡 튀는 최신 핫플레이스가 사이좋게 공존하는 점이 이 거리의 매력이다. 추억을 더듬으며 그때 그 맛집을 찾는 사람과 SNS에서 핫플레이스를 검색해 새로운 맛집 리스트를 발굴하려는 사람까지 한꺼번에 만족시킬 수 있는 다양한 선택지가 있다. 입소문을 타고 가게들이 몰려들면서 이제는 메인 골목뿐 아니라 구석구석 샛길까지 독특한 맛집이 빼곡하게 들어섰으며 말 그대로 ‘골라 먹는’ 재미가 있는 종로구 대표 먹자골목으로 자리매김했다. 경복궁역 2번 출구가 시작점이다.,,점포별 상이,점포별 상이,,
750901,12,송암사,서울특별시 노원구 덕릉로145길 97 (상계동),,9,127.0850912761,37.6845868836,,http://tong.visitkorea.or.kr/cms/resource/45/3571745_image2_1.jpg,Type1,HS,HS03,HS030100,"송암사는 수락산 내에 위치한 한국불교태고종 소속 사찰이다. 사찰 건물로는 대웅전이 있고, 대웅전 좌측으로 석불과 포대화상, 앞쪽에는 석탑이, 뒤쪽에는 석벽에 새겨진 불상이 있다. 도안사, 수암사 등과 함께 수락산 등산로를 따라 둘러볼 수 있는 사찰 중 하나이다.",,09:00~18:00,연중무휴,,
2761745,12,송파구자원순환공원,서울특별시 송파구 헌릉로 793 (장지동),,18,127.1233521867,37.4717789656,,http://tong.visitkorea.or.kr/cms/resource/88/3468088_image2_1.jpg,Type3,VE,VE03,VE030100,"서울 송파구 장지동에 있는 5개 동 40,024.87㎡ 규모의 자원순환공원은 종합폐기물 처리시설을 갖춘 현대식 건물과 공원으로 조성해 놓은 테마공원이다. 장지동 일대 재활용 쓰레기, 음식물 처리시설과 대형 폐기물 및 생활 폐기물 처리시설을 갖춘 곳으로, 첨단 시설 처리 시스템을 도입하고 친환경 테마공원으로 조성하여 각종 체험 프로그램도 운영해 주민 친화적인 공간으로 이용되고 있다. 자원순환 홍보관에서는 자원순환과 환경보전의 중요성을 일깨워 주는 상시 체험과 전시공간이 있다.","<a href=""https://www.songpa.go.kr/www/contents.do?key=6017&"" target=""_blank"" title=""새창 : 송파구청 홈페이지로 이동"">https://www.songpa.go.kr/</a>","- 공원 상시 개방<br>
- 홍보관 10:00~17:00",연중무휴,,
2733962,12,수성동계곡,서울특별시 종로구 옥인동 185-3,(옥인동),23,126.9631997475,37.5822799198,,,,NA,NA01,NA010400,"수성동계곡은 인왕산에서 흘러 내려와 청계천으로 합류하는 계곡으로, 계곡의 물소리가 크고 맑아 동네 이름이 조선 시대에 수성동(水聲洞)으로 불렸다고 한다. 겸재 정선이 북악산과 인왕산의 경승 8경을 그려 담은 ‘장동팔경첩’에 속할 만큼 아름다운 곳으로 조선 시대 역사 지리서인 『동국여지비고』, 『한성지략』 등에 ‘명승지’로 소개된 곳이다. 또한 안평대군과 겸재 정선이 자주 찾아와 아름다운 수성동계곡을 바라보며 한문과 예술을 즐겼다고 한다. 1971년 옥인시범아파트가 들어서면서 수려한 경관을 잃어버렸으나 그로부터 40년 후, 아파트를 철거하고 문화재보호 구역으로 지정되면서 본래의 아름다움을 되찾게 되었다. 역사와 자연이 어우러져 멋진 숲과 시원한 계곡을 도심 속에서 만나 볼 수 있는 큰 매력이 있는 장소이다. 아름다운 인왕산 풍경을 그리는 사람들의 모습을 볼 수 있고, 시원한 물에 발을 담그며 즐거운 시간을 보내는 사람들도 있다.","<a href=""https://korean.visitseoul.net/nature/%EC%88%98%EC%84%B1%EB%8F%99-%EA%B3%84%EA%B3%A1/KOP037952"" target=""_blank"" title=""새창 : 비짓서울로 이동"">https://korean.visitseoul.net/</a>",상시 개방,연중무휴,,
1606014,12,순정효황후윤씨친가,서울특별시 중구 퇴계로34길 28,,24,126.9939920541,37.5586776601,,http://tong.visitkorea.or.kr/cms/resource/00/3083100_image2_1.JPG,Type3,HS,HS01,HS010400,"순정효황후윤씨친가는 조선시대 최상류층 주택의 면모를 고스란히 보여주는 가옥이다. 남산골 한옥마을 안에 있는 옥인동윤씨가옥을 본떠서 복원한 것이다. 본래 종로구 옥인동 47-133에 있던 것을 1996년 남산골 공원이 조성되면서 옮겼다. 조선말 윤비의 저택이었다고 전하는 이 가옥의 평면은 전체 ㅁ자형이고 대문은 동향으로 내었다. 사랑채는 대지의 동남 모서리의 전체 시가를 내려다볼 수 있는 위치에 누각식으로 꾸몄다. 안채의 대청마루는 통 2칸 전면 3칸의 6칸 대청으로 동쪽을 향하고 있다. 기둥머리는 모두 초익공이며 운공을 써서 도리를 받고 있는 짜임새가 특이하다. 사랑채의 지붕은 네귀에 추녀를 걸어 팔 작지붕으로 하고 합각면은 전돌 쌓기로 마감하였다. 창호는 덧문형식으로 살문과 완자창을 달고 있으나 퇴락하였다. 사랑채 고정들창의 세로살을 약간 엇물려 꾸민 의장수법은 볼만하다. 부엌의 박공벽 면에는 낮은 행랑채의 지붕 위에 사롱창을 내어 자연환기를 도모하였는데 새김이 우수하며 박공끝 초각도 전형적인 쇠사리를 쓰고 있고 기둥모서리, 중방 면치기 등(외사모, 실오리, 모쌍사 치기 등)도 정교하게 꾸며져 있다.","<a href=""https://www.hanokmaeul.or.kr/"" target=""_blank"" title=""새창 : 남산골한옥마을 홈페이지로 이동"">https://www.hanokmaeul.or.kr/</a>","- 하절기(4월~10월) 09:00~21:00<br>
- 동절기(11월~3월) 09:00~20:00","매주 월요일 (단, 월요일이 공휴일인 경우 정상 운영)",,
128162,12,숭례문,서울특별시 중구 세종대로 40,,24,126.9752992762,37.5599855058,,http://tong.visitkorea.or.kr/cms/resource/39/2612539_image2_1.jpg,Type3,HS,HS01,HS010300,"숭례문은 서울특별시 중구 남대문로 4가에 있는 조선 도성의 남쪽 정문으로 사대문 가운데 남쪽에 위치해 남대문으로도 불린다. 서울의 상징이자 현존하는 서울의 목조건물 중 가장 오래된 건물이며 1962년 12월 20일 국보로 지정되었다. 서울의 사대문 중 가장 규모가 크고 현판 글씨가 세로로 쓰인 것이 특징이다. 조선 태조 5년(1396)에 최초로 축조되었고 1398년 2월 중건되었다. 성종 10년(1479) 대규모의 보수공사가 있었으며 임진왜란과 병자호란 때도 피해를 당하지 않고 오랜 세월 한성의 대문 역할을 해왔다. 1907년 일제의 군대 해산령으로 전투의 장소가 되었으며 같은 해 일본 황태자 방한 당시 황태자가 머리를 숙이고 문루 밑을 지날 수 없다는 핑계로 숭례문과 연결된 성곽이 헐린 비극의 역사도 있다. 2006년 연결된 성곽 없이 문만 덩그러니 남아 있는 것을 2006년 복원 공사해 원래의 모습을 재현했다. 2008년 2월 10일 화재로 인해 1층 문루 일부가 불에 타고 2층 문루가 소실됐다. 수습 작업 및 복구를 위한 각종 연구를 거쳐 2013년 5월 4일 복구 기념식을 거행하고 시민에게 다시 공개되었다. 돌을 높이 쌓아 만든 석축 가운데에 무지개 모양의 홍예문을 두고 그 위에 앞면 5칸, 옆면 2칸 크기로 지은 누각형 2층 건물이다. 지붕은 앞면에서 볼 때 사다리꼴 형태를 하고 있는데 이러한 지붕을 우진각지붕이라 한다. 지붕 처마를 받치기 위해 기둥 윗부분에 장식하여 짠 구조가 기둥 위뿐만 아니라 기둥 사이에도 있는 다포 양식으로 그 형태가 곡이 심하지 않고 짜임도 건실해 조선 전기의 특징을 잘 보여주고 있다. ‘지봉유설’에 따르면 태종의 맏아들 양녕대군이 숭례문 편액을 썼다고 한다.","비짓서울 <a href=""https://korean.visitseoul.net/attractions/Sungnyemun/KOP022888"" target=""_blank"" title=""새창 : 비짓서울 홈페이지로 이동"">https://korean.visitseoul.net</a>",09:00~18:00 (입장 마감 17:50),매주 월요일,,
1604733,12,숭인근린공원,서울특별시 종로구 숭인동,58-70,23,127.0179143478,37.5772537086,,http://tong.visitkorea.or.kr/cms/resource/45/3384845_image2_1.JPG,Type3,VE,VE03,VE030400,"숭인근린공원은 서울특별시 종로구 숭인동 동망산에 있는 공원이다. 동망산공원이라고도 한다. 1980년에 개원한 도시공원으로 주민들이 휴식과 산책, 가벼운 운동을 할 수 있도록 조성되었다. 면적 45,615㎡로서 주민들이 휴식과 산책, 가벼운 운동을 할 수 있는 자연친화적 공간이다. 공원 안에는 정자와 체력단련시설, 관리사무소, 화장실 등이 있다. 공원이 있는 동망산의 봉우리를 동망봉이라 부르는데, 단종이 영월로 귀양을 가자 단종비 정순왕후가 초가 암자인 정업원을 짓고 동쪽 영월을 바라보며 단종을 그리워한 곳이라 하여 붙여진 이름이다. 2008년 4월 이 공원에서 정순왕후를 기리는 추모제가 열렸다.","<a href=""https://parks.seoul.go.kr/parks/detailView.do;jsessionid=BB5DAE8F4FCAB4C0857FE77F8D8E24BC.node1?pIdx=1376"" target=""_blank"" title=""새창 : 서울의 공원으로 이동"">https://parks.seoul.go.kr/</a>",상시 개방,연중무휴,,
2850614,12,스탈릿성수,서울특별시 성동구 아차산로 104 (성수동2가),스탈릿성수,16,127.0554729674,37.5444943013,,http://tong.visitkorea.or.kr/cms/resource/67/2849767_image2_1.jpg,Type3,VE,VE12,VE120300,"성수역 3번과 4번 출구 사이, 붉은색 벽돌을 쌓은 커다란 건물이 있는데, 신세계프라퍼티가 MZ세대를 타깃으로 처음 선보이는 도심형 복합상업시설 스탈릿 성수이다. 지하철 2호선과 연결되어 접근성이 뛰어난데다 패션 뷰티 브랜드, 체험형 콘셉트 스토어, 쇼룸, 맛집을 한 공간에서 즐길 수 있어 성수동 데이트 코스로 주목받고 있다. 가장 인기 있는 매장은 건물 1층에 위치한 모나미 스토어이다. 모나미의 다양한 상품을 구매하는 것은 물론 15가지의 잉크를 배합해 세상에서 단 하나뿐인 나만의 잉크를 만드는 잉크랩 체험도 할 수 있다. 와인, 위스키, 칵테일 등 모두의 취향을 만족시킬만한 다양한 주류를 판매하는 와인앤모어, 이국적인 분위기를 자랑하는 레스토랑 스케줄 성수까지 다양한 즐길거리를 제공하고 있다.","<a href=""https://www.shinsegaeproperty.com/ko/propertysad/business/starlit.do"" target=""_blank"" title=""새창 : 신세계프라퍼티 홈페이지로 이동"">https://www.shinsegaeproperty.com/ko</a>",점포 별로 상이함,,,
584698,12,스파레이,서울특별시 서초구 강남대로107길 5 (잠원동),,15,127.0182965393,37.5182911216,,http://tong.visitkorea.or.kr/cms/resource/72/2024972_image2_1.jpg,Type3,EX,EX05,EX050200,"전통 동유럽풍 헝가리식 사우나를 지향하는 스파레이는 고품격의 시설과 다양하고 세련된 서비스로 아름다운 유럽풍의 아르누보 양식의 건축적인 접근과 현대적인 감각이 잘 어우러진 여성전용 사우나이다. 노천탕, 해수탕, 족욕탕, 이벤트탕, 반신욕탕 등 다양한 종류의 탕과 전통한국식 사우나인 불한증막, 황토방과 숯방, 소금방이 있는 찜질방 등으로 구성되어 있다.","<a href=""http://www.spalei.co.kr/"" target=""_blank"" title=""새창 : 스파레이 홈페이지로 이동"">http://www.spalei.co.kr</a>",상시 운영,연중무휴,,
126505,12,승가사(서울),서울특별시 종로구 비봉4길 213 (구기동),,23,126.9608598127,37.6267191549,,,,HS,HS03,HS030100,"승가사는 신라 낭적사의 수태스님이 관음보살의 화신이라고 존경받던 서역 승려인 승가대사의 거룩한 업적을 기리기 위해 세운 사찰이다. 삼각산 남쪽 경치 좋은 곳을 골라 암벽을 뚫어 승가대사의 상(보물 제1000호)을 봉안하였는데, 고려시대 이예가 쓴 『삼각산중수승가굴기』에 승가사 창건의 경위가 대략 실려 있다. 또한 고려시대 왕실의 지원을 받아 조성된 절 뒤편 암벽의 마애불(보물 제215호)은 고려 초를 대표하는 작품이다. 나라에 큰 난리나 재해가 있을 때 왕이 친히 이 마애불 앞에 나아가 기도하며 국가의 안녕을 기원했다고 한다. 특히 불교가 억압당하던 조선 초에는 함허스님이 이곳에서 득도한 것으로 알려져 있으며, 조선 후기에는 성원스님이 마애불 앞에서 신묘장구대다라니(神妙章句大陀羅尼, 탐욕·노여움·어리석음을 없애고 깨달음에 이르게 해 달라는 주문)를 꾸준히 외워 득도하는 등 수많은 고승들이 배출되어 중생을 제도하였다고 한다. 그러나 수많은 중생의 기도처였던 승가사는 일제강점기와 한국전쟁을 거치면서 제 역할을 다 하지 못했다. 하지만 종단정화를 계기로 1955년부터 도원·상륜·정호스님이 연이어 주지를 맡아 도량을 새롭게 꾸며 과거의 명성을 찾아가며 현재에 이르고 있다.",,09:00~18:00,연중무휴,,
699249,12,신당동 떡볶이타운,서울특별시 중구 다산로33길 10-18 (신당동),,24,127.0146067184,37.5630580770,,http://tong.visitkorea.or.kr/cms/resource/93/3589993_image2_1.jpg,Type1,VE,VE04,VE040100,"신당동 떡볶이타운은 골목을 따라 떡볶이집이 양쪽으로 들어서 있는 곳이다. 골목을 이루게 된 건 70년대 후반부이며, 80년대로 넘어오면서 신당동 떡볶이 골목의 전성기를 맞이하였다.
80년대에 새롭게 등장한 건 떡볶이집마다 있었던 DJ박스다. 사연과 함께 음악을 틀어주던 이른바 멋쟁이 DJ 오빠가 신당동 떡볶이 골목의 상징으로 떠올랐다. 또한 이 시기는 고교야구의 전성기였는데 인근에 있는 동대문야구장에서 덕수상고와 선린상고가 맞붙는 날이면 경기가 끝나고 신당동 떡볶이 골목은 학생들로 넘쳐났다. 당시 학생이었던 아이들이 중년이 되어 찾는 곳이 바로 이 골목이다. 그들은 그렇게 이십 년이 넘는 단골이 되었고, 전통의 골목이기에 서울미래유산으로도 지정되었다.
사실 떡볶이 골목의 역사는 70년대를 훨씬 더 지나 50년대로 거슬러 올라간다. 떡볶이 골목에 마복림할머니집이 있는데, 그 할머니 말에 따르면 1953년부터 떡볶이를 팔기 시작했다고 한다. 처음에는 그냥 고추장만 넣어 떡볶이를 만들었고, 그렇게 시작된 신당동 떡볶이는 수십 년 세월이 흐르면서 심심풀이 간식이 아닌 한 끼 식사로 충분한 하나의 요리로 자리 잡았다. 요즘은 떡볶이에 계란, 당면, 어묵, 쫄면, 라면 사리는 기본이고 물오징어에 새우, 치즈까지 들어가 새로운 입맛을 사로잡고 있다.",,점포 별로 상이함,점포 별로 상이함,,
3447960,12,신도림테크노근린공원,서울특별시 구로구 새말로 107-32 (구로동),,7,126.8908862075,37.5081705717,,http://tong.visitkorea.or.kr/cms/resource/31/3455931_image2_1.jpg,Type1,NA,NA05,NA050100,"지역 주민들에게 휴식과 여가 공간을 제공하는 중요한 시설이다. 신도림역 인근에 위치하여 접근성이 뛰어나며, 주변의 주거 및 상업 지역과 조화를 이루고 있다. 공원 내에는 어린이 놀이터, 쉼터 등이 있어 가족 단위 방문객에게 적합한 공간이다.",https://www.guro.go.kr/www/index.do,,연중개방,,
987720,12,신사동 가로수길,서울특별시 강남구 가로수길 23 (신사동),,1,127.0227572041,37.5197049261,,http://tong.visitkorea.or.kr/cms/resource/61/3566961_image2_1.jpg,Type1,EX,EX07,EX070200,"서울 가로수길은 강남구 신사동에 위치한 번화가로 주로 신사동 가로수길이라고 불린다. 현대 고등학교 앞 사거리에서 신사역 동쪽 도산대로와 삼거리까지 뻗은 도로를 이르며 서울 강남구 대표 상권 중 한 곳이다. 신사동 가로수길 주위로는 아기자기한 커피숍과 맛집, 디자이너들의 옷 매장들이 즐비해 있어 이국적인 분위기를 연출한다. 과거 가로수길에는 갤러리와 영화사가 많이 자리 잡고 있었다. 하지만 지금은 패션 중심으로 상권이 재구성되었다. 명품뿐만 아니라 다양한 브랜드와 디자이너 매장과 다양한 뷰티 브랜드의 매장 또한 입점해 있다. 이 밖에도 다양한 패션·뷰티 팝업 스토어들이 열려 많은 사람들의 발길이 끊이지 않는 서울의 대표적 상업거리이다.","비짓서울 <a href=""https://korean.visitseoul.net/shopping/%EC%8B%A0%EC%82%AC%EB%8F%99-%EA%B0%80%EB%A1%9C%EC%88%98%EA%B8%B8_/291""target=""_blank"" title=""새창: 비짓서울 홈페이지로 이동"">https://korean.visitseoul.net/index</a>",점포 별로 상이함,점포 별로 상이함,,
2373333,12,신석구 사택 터,서울특별시 중구 청계천로 100,(수표동) 부근,24,126.9884423006,37.5678348289,,http://tong.visitkorea.or.kr/cms/resource/98/3384998_image2_1.JPG,Type3,HS,HS03,HS030200,"민족대표 33인 가운데 한 사람인 신석구가 1919년 3·1운동 당시 살던 곳이다. 신석구(1875~1950)는 1907년 기독교에 입교하여 이듬해 세례를 받고 협성신학교에 입학하여 신학을 공부했다. 경기도와 강원도 등지에서 전도사로 일하다가 1917년 9월 남감리교연회에서 목사 안수를 받았다. 1918년 11월부터 서울 수표교교회 담임 목사로 재임하던 중 오화영의 권유를 받고 3·1운동 민족대표로 참여했다. 1919년 3월 1일 태화관에서 독립선언서를 낭독하고 일경에 붙잡혀 2년 8개월 간 옥고를 치렀다. 1938년 7월 신사참배 반대투쟁을 일으켜 옥고를 치렀으며, 1945년 5월 일제가 강요한 전승기원 예배와 일장기 계양 등을 거부하는 활동을 펼치다 연행되어 감옥에서 해방을 맞았다. 1949년 4월 19일 진남포 반공비밀결사 사건의 주모자로 체포되어 평양형무소에서 옥고를 치르다가 6·25전쟁 때 희생되었다.","<a href=""http://mfis.mpva.go.kr/memorial/movementView.do?gubunCode=ALL&sid=208&pageIndex=1&searFacilgubun=&searTopicsort=&searAddr_sigun=&searMpvabranch=&searVR=&searInfo=&searGbn=tit&searTxt=%EC%8B%A0%EC%84%9D%EA%B5%AC+%EC%82%AC%ED%83%9D+%ED%84%B0"" target=""_blank"" title=""새창 : 현충시설정보서비스 홈페이지로 이동"">http://mfis.mpva.go.kr/</a>",상시 개방,연중무휴,,
2611887,12,신트리공원(서울),서울특별시 양천구 신정동,310-7,19,126.8565141583,37.5146525388,,http://tong.visitkorea.or.kr/cms/resource/43/3551343_image2_1.jpg,Type1,VE,VE03,VE030500,"신트리공원은 일상의 여유와 자연의 숨결이 공존하는 양천구의 대표 근린공원이다. 2025년 실내 놀이터 건립과 함께 공원 리노베이션을 통해 누구나 편안하게 머물고, 함께 어울리며 자연을 느낄 수 있는 열린 공간으로 새롭게 태어났다. 공원 내에는 숲산책길, 그늘쉼터, 운동공간, 휴게쉼터, 숲놀이터, 장미원, 황톳길 등 다양한 편의시설이 마련되어 있다. 또한 농업교실도 마련되어 있는데, 이곳은 버려지는 빗물을 활용하여 농작물을 가꾸고 관찰하는 도시농업 체험학습장이다.",,상시 개방,연중무휴,,
1245865,12,심산기념문화센터,서울특별시 서초구 사평대로 55 (반포동),,15,126.9907301631,37.4985345878,,http://tong.visitkorea.or.kr/cms/resource/88/3540488_image2_1.jpg,Type1,VE,VE12,VE120300,"심산기념문화센터는 시민의 문화예술 활동을 도모하고 지역사회의 문화예술 사업을 지원하는 비영리 단체인 서초문화재단이 운영하는 곳이다. 서초구립여성합창단, 상주예술단체 등의 문화예술 사업에 아낌없는 지원을 하고 있다. 현재 반포심산아트홀을 비롯한 공연장 및 교육실 등을 갖추고 있다. 
심산기념문화센터 2층에 위치한 반포심산아트홀은 각종 연주회 및 음악회, 연극, 무용 등 공연을 비롯한 대관을 진행할 수 있는 전문 공연장이다. 1층과 3층에 위치한 교육실은 자체 문화강좌 아카데미를 비롯한 각종 교육 및 회의, 세미나 등을 진행할 수 있는 공간이다.","<a href=""https://seochocf.or.kr/site/main/content/culture_space_simsan_inform"" target=""_blank"" title=""새창 : 서초문화재단 홈페이지로 이동"">https://seochocf.or.kr</a>","09:00~18:00<br>
※ 시설 별로 상이함",,,
2756153,12,쌈지 어린이공원,서울특별시 금천구 독산로76길 47,,8,126.8970561551,37.4702973029,,http://tong.visitkorea.or.kr/cms/resource/29/3468029_image2_1.jpg,Type3,VE,VE03,VE030300,"쌈지 어린이공원은 서울 금천구 독산4동 주택가 가운데 위치한 982㎡ 면적의 어린이 전용 공원으로 상상 공원이라고도 불린다. 미끄럼틀에 붙은 작은 시설부터 계단 옆에 마련된 대형 암벽 등반대까지 어린이들의 근육 단련 훈련을 마음껏 해 볼 수 있는 공간이다. 크기와 길이도 색다른 여러 종류의 미끄럼틀과 점핑 공간, 에너지 자전거 등 놀 거리가 다양하다.","<a href=""https://www.geumcheon.go.kr/portal/contents.do?key=2124"" target=""_blank"" title=""새창 : 금천구청 홈페이지로 이동"">https://www.geumcheon.go.kr/</a>",상시 개방,연중무휴,,
128553,12,쌈지길,서울특별시 종로구 인사동길 44 (관훈동),,23,126.9848674428,37.5743062352,,http://tong.visitkorea.or.kr/cms/resource/72/3348672_image2_1.JPG,Type3,VE,VE04,VE040100,"인사동의 가장 대표적인 장소 쌈지길은 쌈지길은 전통을 현대적으로 재해석한 작품과 문화를 만나고 즐길 수 있는 공예품 전문 쇼핑몰이다. 한국의 인간문화재가 만든 최고급의 전통공예품과 현대공예작품, 그리고 한국의 멋이 풍기는 디자인 제품을 만나 볼 수 있다. 또한, 도자, 섬유, 금속, 목공예등의 공예샵과 젊은 디자이너들의 신선하고 실험적인 디자인샵을 만날 수 있다. 쌈지길 곳곳에서 전시와 공연 등의 다채로운 문화 이벤트도 열리고 있다. 
쌈지길에서는 공예품을 직접 만들어 볼 수 있도록 도자기공예, 자개공예, 가죽, 유리, 비누 공예 등의 다양한 원데이 클래스가 준비되어 있다. 어른과 아이, 친구와 연인 누구나 함께 문화 예술을 즐길 수 있는 공간이다.","<a href=""https://www.instagram.com/ssamzigil_official/"" target=""_blank"" title=""새창 : 쌈지길 공식 인스타그램으로 이동"">https://www.instagram.com/ssamzigil_official</a>",10:30~20:30,연중무휴,,
2373420,12,아띠인력거,서울특별시 종로구 북촌로5길 43 (화동),,23,126.9825591760,37.5793889366,,http://tong.visitkorea.or.kr/cms/resource/93/3427393_image2_1.jpg,Type3,EX,EX07,EX070200,"아띠 인력거는 2015년 창조관광기업으로 선정되었으며, 인력거 투어를 제공하는 기업이다. 관광코스는 북촌, 서촌, 명동과 정동 등이 있고, 라이더의 콘텐츠에 따라 개성과 아이디어가 넘치는 코스가 추가되기도 한다. 보조 모터 등의 도움을 받지 않고 오직 두 발로만 운전하는 인력거를 타고 라이더의 재치 있는 해설을 들으며 코스를 즐기다 보면 그동안 바쁘게 지나치느라 돌아보지 못했던 새로운 풍경들과 이야기가 펼쳐진다. 또한 북촌과 서촌, 명동과 정동에 살아 숨 쉬는 역사와 다양한 구경거리를 즐길 수 있고, 외국인 관광객을 위해 영어와 중국어로 인력거 투어를 운영하는 프로그램도 준비되어 있다.","<a href=""https://www.instagram.com/pedicabartee/""target=""_blank"" title=""새창: 아띠인력거인스타그램으로 이동"">https://www.instagram.com/pedicabartee</a>",10:00~18:00,연중무휴,,
2452842,12,아리수나라,서울특별시 광진구 능동로 216 (능동),,6,127.0762792676,37.5493552228,,http://tong.visitkorea.or.kr/cms/resource/23/3540023_image2_1.jpg,Type1,EX,EX06,EX061000,"서울특별시 광진구 능동 서울어린이대공원에 위치한 아리수 나라는 전국 최초의 어린이 수돗물체험홍보관으로, 2010년 10월 26일 개관했다. 3세~9세 어린이를 대상으로 무료 예약제로 운영되고 있으며, 무한상상놀이터를 콘셉트로 프로그램을 새롭게 단장하여 2022년 7월 1일 재개관했다.
아리수 나라에서는 수돗물로 상상한 모든 것이 놀이가 된다. 아리수 나라를 방문한 어린이들은 다양한 놀이와 체험을 통해 물과 환경의 중요성을 온몸으로 학습할 수 있다. 서울의 수돗물 ‘아리수’의 안전성과 우수성에 대한 교육 프로그램도 운영하고 있다.","<a href=""https://arisu.seoul.go.kr/arisunara/intrcn/sub1.jsp"" target=""_blank"" title=""새창 : 서울시상수도사업본부 홈페이지로 이동"">https://arisu.seoul.go.kr/</a>","09:30~17:40<br>
※ 회차 별로 운영<br>
※ 사전 예약제",매주 월요일 / 1월 1일 / 설·추석 연휴,,
2722936,12,아모레 성수,서울특별시 성동구 아차산로11길 7,(성수동2가),16,127.0590698587,37.5446026871,,http://tong.visitkorea.or.kr/cms/resource/23/2994423_image2_1.jpg,Type3,EX,EX07,EX070200,서울 성수동에 위치한 아모레 성수는 아모레퍼시픽이 제안하는 ‘아름다움’에 대해 차별화된 경험을 할 수 있는 뷰티 플래그십 공간이다. 옛 자동차 정비소였던 건물을 리노베이션하여 성수동의 로컬 분위기를 그대로 담고 있다.아모레 성수에서는 고객의 피부톤에 따른 맞춤 파운데이션 서비스 ‘CUSTOM MATCH’ 와 고객의 취향을 담은 맞춤 립틴츠 서비스 ‘LIP PICKER’를 제공하고 메이크업 클래스와 뷰티 서비스까지 다채로운 뷰티 콘텐츠를 통해 특별한 경험을 제안한다. 또한 도심의 차가움과 삭막함에 지친 사람들에게 안식의 경험을 제안하고자 조성된 야생 정원인 성수 가든을 바라보며 본연의 아름다움에 대한 정서를 여유롭게 느껴볼 수 있다.아모레 성수에서 보고 느낀 것들로 일상을 풍요롭게 하고 아름다움을 발견하는 것이 이 곳의 모토이다.,"<a href=""https://www.amoremall.com/kr/ko/store/display?storeCode=001"" target=""_blank"" title=""새창 : 아모레성수 홈페이지로 이동"">https://www.amoremall.com</a>",10:30~20:30,매주 월요일 / 설·추석 당일,,
1603175,12,아시아공원,서울특별시 송파구 올림픽로 44,,18,127.0767025661,37.5100820131,,http://tong.visitkorea.or.kr/cms/resource/37/3401537_image2_1.JPG,Type3,VE,VE03,VE030100,"아시아공원은 1986년 아시안 게임을 대비하여 선수촌 및 기자촌 아파트 단지 건립과 함께 조성된 곳으로, 서울종합운동장 등 각종 경기시설이 인접해 있다. 소나무, 대추나무 등 다양한 나무 및 꽃들로 가득 찬 넓은 녹지공간에, 자연과 빛 조형물, 야외공연무대, 시와 그림의 광장, 송파문화예술회관, 부리도(浮里島) 기념비 등이 자리 잡고 있어 주민 문화공간과 휴식공간으로 널리 활용되고 있다. 문화예술회관에서는 지역문화사업을 계획·보급함으로써 애향심과 구민 일체감을 조성하여 다채로운 문화행사와 교양강좌 개최로 주민의 문화적 참여 기회를 확대하고, 문화예술진흥에 기여하는 문화, 휴식공간으로 널리 활용되고 있다. 

(출처: 서울의 공원)","<a href=""https://parks.seoul.go.kr/parks/detailView.do?pIdx=81"" target=""_blank"" title=""새창 : 서울의 공원으로 이동"">https://parks.seoul.go.kr</a>",상시 개방,연중무휴,,
742972,12,아차산 어울림정원,서울특별시 광진구 워커힐로 127,,6,127.1012880282,37.5519609256,,http://tong.visitkorea.or.kr/cms/resource/35/3499235_image2_1.jpg,Type3,NA,NA04,NA040500,"조성된 지 20년 이상 경과되어 노후가 심각했던 아차산 생태공원을 재정비하여 6가지 테마 ‘바람, 장미, 향기, 와당, 돌, 소리’를 소재로 하여 2023년 5월 아차산 어울림정원으로 새롭게 조성하였다. 사초류를 도입한 이색적인 그라스원으로 조성하여 바람이 불 때마다 흔들리는 잎들의 향연을 볼 수 있는 바람정원(Wind Garden), 사랑과 아름다움을 상징하는 장미꽃을 감상할 수 있는 장미정원(Rose Garden), 향기 있는 수종을 도입하여 은은한 향기로 가득한 공간에서 잠시 쉬어갈 수 있는 향기정원(Fragrance Garden), 홍련봉보루에서 출토된 고구려 와당을 모티브로 한 돌담, 다채로운 꽃으로 와당  안을 꽉 채운 와당정원(Wadang Garden), 돌과 나무와 꽃이 어우러지는 특색 있는 돌의 정원(Stone Garden), 물이 흐르는 소리 등 자연의 소리를 감상하며 마음의 여유를 느낄 수 있는 소리정원(Sound Garden)으로 구성하였다. 아울러 퍼걸러, 휴게데크, 선베드, 조명 등으로 정원을 더욱 풍성하게 연출하였다.","<a href=""https://www.gwangjin.go.kr/portal/main/contents.do?menuNo=200286"" target=""_blank"" title=""새창 : 서울 광진구청으로 이동"">https://www.gwangjin.go.kr</a>",상시 개방,연중무휴,,
2773309,12,아차산배수지체육공원,서울특별시 광진구 천호대로 731 (구의동),,6,117.9925662504,19.6944274800,,http://tong.visitkorea.or.kr/cms/resource/08/3401708_image2_1.JPG,Type3,VE,VE03,VE030500,"아차산배수지체육공원은 배수지 상부에 위치해 있으며, 이곳의 유휴공간을 활용해 만든 체육공원이다. 공원 내에는 인조잔디축구장을 비롯하여 풋살장, 다목적장, 농구장 및 기타 체력단련시설과 각종 편의시설을 갖추고 있다.
용마도시자연공원 배수지구 중앙에 위치한 체육시설은 사면이 녹지대에 둘러싸여 있다. 안전 펜스를 설치하여 이용객들이 마음 놓고 운동할 수 있는 쾌적하고 안전한 열린 공간으로 운영되고 있다.
이와 함께 공원 주변 인근에는 아차산자연생태공원과 용마산~아찬산 둘레길, 야구장등이 함께 조성되어 있어 아름다운 자연경관과 휴식공간을 함께 제공하고 있다.","<a href=""https://booking.gwangjin.or.kr/fmcs/52"" target=""_blank"" title=""새창 : 광진구시설관리공단으로 이동"">https://www.gwangjin.or.kr/web/main.do</a>",상시 개방,연중무휴,,
749280,12,아현동 전골목,서울특별시 마포구 굴레방로9길 15 (아현동),,13,126.9548484519,37.5568021757,,http://tong.visitkorea.or.kr/cms/resource/98/3465898_image2_1.jpg,Type3,VE,VE04,VE040100,"아현동 전 골목은 시장 역사에 비해 그다지 오래되지는 않았고 현재 문을 열고 있는 5곳 중 1990년대 초반에 문을 연 집이 가장 오래된 집이다. 역사는 짧지만 재래시장의 풍경 속에서 활기 넘치는 분위기를 만드는 전 골목은 없어서는 안 될 추억의 장소다. 또 가격도 저렴해서 모둠전과 막걸리를 둘이서 나눠 먹으면 배도 차고 기분도 좋아진다. 추억의 재래시장 풍경 속에서 현재의 자기 모습을 되돌아볼 수 있는 곳으로 많은 사람들이 찾고 있으며, 생계를 이어가고 있는 서민들의 생활사가 고스란히 역사가 되고 있는 곳이기도 하다.",,점포별 상이,점포별 상이,,
3450146,12,안국사,서울특별시 관악구 낙성대로 77 (봉천동),,5,126.9587338341,37.4716399155,,http://tong.visitkorea.or.kr/cms/resource/35/3450135_image2_1.jpg,Type1,HS,HS04,HS040400,"고려시대 명장인 강감찬 장군의 영정을 모시고 있다. 낙성대는 강감찬 장군의 출생지로 알려져 있으며, 그의 호인 '안국(安國)'을 따서 사당의 이름을 '안국사'라 명명하였다.",,,연중개방,,
2666751,12,안녕인사동,서울특별시 종로구 인사동길 49,,23,126.9835620013,37.5744839692,,http://tong.visitkorea.or.kr/cms/resource/36/2666736_image2_1.jpg,Type3,VE,VE01,VE010100,"2019년 10월에 오픈한 안녕인사동은 다양한 먹거리, 즐길거리, 볼거리가 가득한 복합문화공간으로, 일상의 재미와 여유를 제공하며 시민들에게 휴식을 제공한다. 1층부터 6층까지는 맛거리, 멋거리, 즐길거리 등 테마로 구성된 상업공간이 있으며, 6층부터 13층까지는 호텔로 관광과 쇼핑을 목적으로 하는 고객들을 위한 시설이 위치해 있다. 지하는 인사센트럴뮤지엄으로 전시를 하는데 정보는 홈페이지를 참고하면 된다. 주차시설은 유료이므로 확인 후 방문하길 추천한다.","문화지구 인사동 <a href=""http://www.hiinsa.com/bbs/board_store.php?bo_table=recommend&cate=25&wr_id=125"" target=""_blank"" title=""새창 : 문화지구 인사동 홈페이지로 이동"">http://www.hiinsa.com/bbs</a>",10:00~22:00,연중무휴,,
337413,12,안양암(서울),서울특별시 종로구 창신5길 61 (창신동),,23,127.0133453781,37.5751955324,,,,HS,HS03,HS030100,"안양암은 서울시 종로구 창신동에 자리한 사찰이다. 1889년 성월대사(性月大師)에 의해 창건된 정토도량(淨土道場)이다. 이곳에는 대웅전을 비롯하여 명부전, 천오백불전, 금륜전, 관음전, 염불당, 영각 등의 불전 및 불교 관련 전각들과 고산당(古山堂) 축연(竺演) 등 당대 최고 화사(畵師)들에 의해 조성된 불화 및 불상들이 다수 남아 있다.",,상시 개방,연중무휴,,
2612095,12,안양천 사계절 테마원,서울특별시 양천구 신정동,,19,126.8787480766,37.5205772468,,http://tong.visitkorea.or.kr/cms/resource/64/3399364_image2_1.JPG,Type3,VE,VE03,VE030100,"안양천을 따라 길게 뻗어 있는 안양천생태공원 안에 있는 사계절 테마원이다. 테마원은 유럽의 작은 수목원이 떠오를 만큼 다양한 식물들로 공원을 오색빛깔 수놓고 있다. 이곳의 장미원, 그라스원, 허브원에는 계절마다 만발한 제철 꽃을 볼 수 있다. 또한, 입장료 없이 포토존을 조성하여 이용 시민들에게 볼거리와 즐길거리를 제공하는 사람과 자연이 어우러지는 도심 속 힐링 플레이스다. 여름에는 장미원 옆에 어린이 물놀이장을 개장하여 온 가족이 함께 즐길 수 있는 테마 공간으로 탈바꿈한다. 수도권 지하철 2호선 도림천역 2번 출구에서 750m에 위치하고 있다.",,상시 개방,연중무휴,,
2774291,12,안양천제방벚꽃길,서울특별시 영등포구 양평동1가,,20,126.8812144059,37.5245518290,,http://tong.visitkorea.or.kr/cms/resource/44/3540444_image2_1.jpg,Type1,NA,NA05,NA050100,"안양천 제방을 따라 영등포구부터 광명시로 길게 이어지는 안양천 벚꽃길은 서울에서 가장 긴 벚꽃길이다. 봄철이면 길게 조성된 제방로를 따라 심어진 아름드리 벚나무들 사이를 여유롭게 산책하면서 벚꽃을 감상할 수 있는 곳으로 손꼽히는 서울 벚꽃 명소이다. 
안양천은 제방을 따라 아파트들이 많이 들어서 있어 주변 주민들이 운동과 산책을 위해 늘 애용하는 장소로, 봄철이면 벚꽃 구경과 더불어 하천 주변에 조성된 꽃밭과 생태공원, 체육시설, 휴식 공간 등을 이용하는 사람들과 자전거 라이딩을 하는 사람들로 붐빈다. 안양천 제방과 하천 주변에는 생태 보전과 함께 생태하천을 이용한 사계절 테마원(장미원, 그라스원 등)과 포토존을 조성하여 이용 시민들에게 볼거리와 즐길 거리를 제공하고 있다.",,상시 개방,연중무휴,,
2773271,12,양재근린공원,서울특별시 서초구 동산로 35 (양재동),,15,127.0424567609,37.4719802653,,http://tong.visitkorea.or.kr/cms/resource/05/3540705_image2_1.jpg,Type1,VE,VE03,VE030400,"양재근린공원은 도심 속의 근린공원으로, 숲 속처럼 느껴지고 잘 가꾸어져 있어 많은 사람이 찾는 공원이다. 도심 공원이 언남중·고등학교와 매헌초등학교 사이에 있어서 방과 후 학생들의 휴식처가 되어주는 동시에 인근 주민들의 체육 시설이 되어준다. 공원 내에는 놀이터, 분수대, 벤치, 산책로 등이 조성되어 있으며, 운동시설로는 농구장, 놀이터, 축구장, 운동장이 있다. 축구장에서는 서울시민리그(풋살경기)가 개최되기도 한다. 
양재근린공원은 봄에는 벚꽃이 만개하고, 가을에는 단풍이 아름다워 사계절 내내 많은 사람들이 찾는 명소이다. 이곳은 서울의 중심에서 자연을 만끽할 수 있는 중요한 공간이다.",,상시 개방,연중무휴,,
2612107,12,양천구 로데오거리,서울특별시 양천구 목동로25길 23 (신정동),,19,126.8614744420,37.5279899658,,http://tong.visitkorea.or.kr/cms/resource/87/3467787_image2_1.jpg,Type3,VE,VE04,VE040100,"맛집과 패션의 거리인 목동로데오거리는 봄이 되면 거리에 만개한 벚꽃풍경도 유명하다. 목동로데오거리는 지하철 5호선 목동역 2번 출구로 나와 50m 거리에 있고, 다양한 의류 상설할인 매장들이 집중되어 있어 알뜰 소비자들의 쇼핑명소로 유명하다. 특히, 이곳에는 양천구 맛집이라고 소문난 음식점들이 한데 모여 있다.",,점포별 상이,연중무휴,,
1105980,12,양천구어린이교통안전교육장,서울특별시 양천구 목동남로 106-23 (신정동),,19,126.8700352822,37.5098672244,,http://tong.visitkorea.or.kr/cms/resource/40/3399340_image2_1.JPG,Type3,EX,EX07,EX070200,"갈산공원 내에 위치한 양천구어린이교통안전교육장은 어린이들에게 자주 발생하는 교통사고 사례들을 중심으로 체험교육을 통해서 어린이들이 교통사고 예방법을 배울 수 있는 학습장이다. 이곳에서는 신호등과 횡단보도 바르게 건너기 교육 등 실제처럼 잘 꾸며놓은 교육장에서 안전교육을 실시한다. 유치원생을 비롯해 초등학생들이 많이 찾고 있으며 산 교육의 장소로 활용되고 있다. 안전교육은 안실련 홈페이지를 통해 예약이 가능하다. 교육은 하루 3회로, 이론교육과 체험교육을 함께 진행된다.","<a href=""http://www.safelife.or.kr/edu/edu_1_1_10.php"" target=""_blank"" title=""새창 : 안실련 홈페이지로 이동"">http://www.safelife.or.kr</a>",10:00 / 11:00 / 13:00,매주 토요일~일요일 / 법정공휴일,,
2611669,12,양천나눔누리타운,서울특별시 양천구 중앙로 250 (신정동),,19,126.8537642877,37.5189547671,,http://tong.visitkorea.or.kr/cms/resource/64/2611664_image2_1.bmp,Type3,EX,EX07,EX070200,"2호선 신정네거리역 인근에 있는 양천 나눔누리타운은 지하 2층~지상 5층, 1,800㎡ 규모로 건립되었다. 1층에는 기부받은 생필품을 저소득 취약계층에게 제공하는 해누리 푸드마켓이 들어섰고, 2층에는 자원봉사자와 수요처를 연결하는 징검다리 역할과 지역의 자원봉사 활성화를 위한 자원봉사센터가 자리 잡고 있다. 3층에는 강의실과 별도의 작업실을 마련해 강의를 듣고 직접 해보는 통합 진로 체험을 할 수 있으며, 4층에는 내일 그림 진로 직업 체험 지원센터가 마련돼 청소년들의 진로 설계 코칭, 진로상담 등 적성과 미래를 탐색할 수 있는 다채로운 체험 프로그램을 운영하고 있다. 5층에는 100여 명을 수용할 수 있는 강당이 들어서 각종 설명회 및 행사 등에 다용도로 활용할 수 있으며, 자원봉사센터와 협의 후 대관(유료)도 가능하다.",,09:00~18:00,,,
2611575,12,양천생활안전체험교육관,서울특별시 양천구 목동서로 363 (신정동),,19,126.8637439953,37.5167801982,,http://tong.visitkorea.or.kr/cms/resource/69/2611569_image2_1.bmp,Type3,EX,EX07,EX070200,"양천문화회관 옆에 위치한 양천생활안전체험교육관은 2016년 8월25일에 개관하였다. 양천구는 일상생활 속 안전사고의 위험을 사전에 예방하고, 다양한 체험교육을 통해 응급상황에 대한 대처능력을 키우고자 공간을 조성했다. 기존 주차장부지 일부에 실속 있고 짜임새 있게 체험관을 꾸렸다. 264㎡규모의 체험관은 심폐소생술교육장과 생활안전체험장에서는 가슴압박 심폐소생술, 자동심장충격기 사용법, 화재소화체험, 연기피난체험 등이 가능하다.","<a href=""https://www.yangcheon.go.kr/anjun/anjun/main.do"" target=""_blank"" title=""새창: 양천생활안전체험교육관 홈페이지로 이동"">https://www.yangcheon.go.kr/anjun</a>","[교육시간]<br>
- 평일 10:00~12:00 / 14:00~16:00<br>
※ 성인 위주로 하되 학교 등 단체 교육 가능<br>
- 첫째 주 토요일 10:00~12:00<br>
※  가족단위 교육(8세 이상)<br>
- 둘째 주 목요일 19:00~21:00<br>
※ 성인 위주 교육<br>
- 마지막 주 금요일 14:00~17:00<br>
※ 중복교육이수자 및 교직원 위주 교육<br>
<br>
[외상(현장)응급처치 교육]<br>
- 마지막 주 월요일~금요일 10:00~12:00<br>
※ 사전 전화 예약 필수<br>
※ 교육 인원, 대상 및 강사 인력에 따라 운영시간이 변동될 수 있으므로 자세한 사항은 홈페이지 참조",,,
2751345,12,양천해누리체육공원,서울특별시 양천구 신정동,330-4,19,126.8723127996,37.5117531568,,http://tong.visitkorea.or.kr/cms/resource/26/3558726_image2_1.jpg,Type1,VE,VE03,VE030500,"해누리체육공원은 전국 최초로 유수지 내 유휴 공간을 활용해 만든 야외 체육시설이다. 인조잔디축구장을 비롯하여 풋살장, 족구장, 야외농구장 등 다양한 체육시설을 갖추고 있어 동호회 경기 및 행사 장소로 많이 이용되고 있다. 축구장, 풋살장 이용은 양천구시설관리공단 홈페이지에서 회원가입 후 팀 등록 후 사용 신청을 해야 한다. 분기별로 인터넷을 통해 선착순 신청을 받고 있다.","<a href=""https://www.ycs.or.kr/fmcs/36"" target=""_blank"" title=""새창 : 양천구시설관리공단 홈페이지로 이동"">https://www.ycs.or.kr/fmcs</a>","[1월 / 12월] 08:00~18:00<br>
[2월 / 10월~11월] 07:00~18:00<br>
[3월~4월] 07:00~19:00<br>
[5월] 06:00~19:00<br>
[6월~7월] 06:00~20:00<br>
[8월~9월] 06:00~19:00<br>
※ 일출·일몰 시간에 따라 월별 운영",1월 1일 / 설·추석 연휴 / 평일 법정공휴일 / 대체 공휴일 / 근로자의 날 / 대학수학능력시험일 / 기타 시설정비일,,
126938,12,양화진외국인선교사묘원(외인묘지),서울특별시 마포구 양화진길 46,,13,126.9111804997,37.5465275879,,http://tong.visitkorea.or.kr/cms/resource/36/3384436_image2_1.JPG,Type3,HS,HS01,HS010800,"양화진외국인선교사묘원은 복음의 씨앗으로 이 땅에서 헌신한 선교사님들이 안장되어 있다. 남아공, 뉴질랜드, 덴마크, 독일, 미국 등 15개국 417명의 선교사가 안장되어 있다. 이들은 일제 암흑기 한민족을 위해 자신의 인생을 헌신했던 선교사들로 당시 세상에서 덜 알려졌던 나라에 복음의 빛을 나누기 위해서 왔다. 선교활동 및 한국 사회사업의 유공자들로서 병원과 학교의 설립과 같은 사회제도뿐만 아니라, 신분제와 남존여비 관습의 철폐와 같은 무형의 정신세계에서도 한국민에게 심대한 영향을 끼쳤다. 선교사들을 통해 뿌려진 복음의 씨앗들은 오늘날 한국교회와 사회 전반에 걸쳐서 많은 열매를 맺고 있다. 대표적인 선교사로는 배설, 헐버트, 언더우드, 아펜젤러 등이 있다. 현재 한국기독교 100주년 기념교회가 관리하고 있으며, 묘지기념관 교회에 200여 명의 외국인들이 주일마다 예배드리는 교회가 세워져 있다.","<a href=""http://www.yanghwajin.net/"" target=""_blank"" title=""새창 : 양화진외국인선교사묘원 홈페이지로 이동"">http://www.yanghwajin.net</a>",월요일~토요일 10:00~17:00,매주 일요일,,
3433029,12,어깨동무스토리움,서울특별시 마포구 월드컵로 386 (상암동),"상암동, 박정희 대통령 기념도서관",13,126.8863069637,37.5750349409,,,,EX,EX07,EX070200,"어깨동무스토리움은 서울 마포구 상암동에 위치한 무료 실내 놀이터이자 어린이 체험 공간이다. 이곳은 블록 놀이, 미끄럼틀, 볼풀장, 미니 기차 마을 같은 다양한 놀이 시설과 유아 전용 도서관을 제공하며, 만 36개월 이하 어린이를 포함한 가족들이 즐기기 좋은 환경을 갖추고 있다. 예약이 필수이며, 주차와 입장도 무료로 운영된다.",https://ekdmstoryum.org/index.php,"10:00 ~ 17:00<br>
매주 월요일 휴관 (월요일이 공휴일인 경우 다음날 휴관), 설날·추석 당일 휴관",연중무휴,,
3442375,12,어린이꿈공원,서울특별시 성동구 고산자로10길 18 (행당동),,16,127.0361132208,37.5585339890,,,,VE,VE03,VE030300,"어린이꿈공원은 서울 성동구 행당동에 위치한 어린이 맞춤형 놀이공원으로, 다양한 놀이시설을 갖추고 있다. 짚라인, 트램펄린, 모래놀이터, 암벽타기, 물놀이 시설 등 아이들이 창의력과 모험심을 키울 수 있는 공간으로, 가족 단위 방문객에게 적합하다.",,24시간/물놀이장 10~17시,연중무휴,,
2592885,12,엘크레,서울특별시 강남구 도산대로15길 41,1층,1,127.0232182384,37.5209353470,,,,EX,EX07,EX070200,"엘크레는 대한민국 최초 뷰티 이색 체험을 할 수 있는 새로운 개념의 뷰티 플랫폼이다. 유명 여배우들의 메이크업 아티스트가 항시 상주하여 K-뷰티 멘토링을 받을 수 있다. 또한 간단한 음료 카페존과 여심을 저격한 포토존, 코리아 코스메틱 체험 프로그램이 준비되어 있다. 프로그램 예약 후 시간 맞춰 방문을 하면 대기하는 동안 설문지 및 동의서 작성을 한다. 본인이 원하는 느낌을 조사한 후 이목구비의 특징을 바탕으로 컨설팅이 시작되며 진행이 되는 동안 당사자가 원하는 스타일에 충족하기 위해 중간중간 의견을 물어 더욱 만족스러운 결과물을 만날 수 있다.","공식 홈페이지 <a href=""https://lcreer.imweb.me/"" target=""_blank"">https://lcreer.imweb.me/</a><br>공식 인스타그램 <a href=""https://www.instagram.com/lcreer2017/""target=""_blank"" title=""새창 : 엘크레 인스타그램으로 이동"">https://www.instagram.com/lcreer2017</a>","- 화요일~금요일 10:00~20:00<br>
- 토요일 10:00~19:00<br>
※13:00-14:00 점심시간",매주 일요일~월요일,,
2591819,12,여계묘역,서울특별시 구로구 고척동,산6-3,7,126.8560838482,37.5073006073,,http://tong.visitkorea.or.kr/cms/resource/90/3539390_image2_1.jpg,Type3,HS,HS01,HS010800,"함양 여씨 묘역은 서울특별시 구로구 고척2동에 위치한 함양 여씨 가문의 선영이다. 함양 여씨의 시조는 당나라 한림학사를 지낸 여어매로, 877년 황소의 난을 피해 신라에 귀화한 인물이다. 묘역에는 조선 전기 태종 때 호조좌랑과 호조참판을 지낸 숭의랑공과 그의 부인 청송 심씨의 묘가 상하로 조성되어 있다. 묘는 세종 10년(1428)에 조성되었으며, 부인은 정승 심백덕의 손녀이자 판사 심의구의 딸이다. 묘역은 총 1,025㎡ 규모로, 봉분 2기, 묘비 1개, 상석 2기, 문·무관석 각 2기가 있으며 조선 전기 분묘 양식과 석물 연구에 있어 역사적 가치가 높다.","<a href=""https://search.khs.go.kr/srch_org/search/search_top.jsp?searchCnd=&searchWrd=&home=total&mn=&gubun=search&query=%EC%97%AC%EA%B3%84%EB%AC%98%EC%97%AD"" target=""_blank"" title=""새창 : 국가유산청 홈페이지로 이동"">https://search.khs.go.kr</a>",상시 개방,연중무휴,,
127955,12,여의도공원,서울특별시 영등포구 여의공원로 68 (여의도동),,20,126.9222939310,37.5268578503,,http://tong.visitkorea.or.kr/cms/resource/19/3558719_image2_1.jpg,Type1,VE,VE03,VE030100,"1971년 활주로가 있던 자리에 여의도 광장으로 문을 연 여의도공원은 다양한 국가 행사와 휴식의 여가를 담당하는 공간이다. 1999년 1월 검은 아스팔트를 걷어내고 녹색 쉼터로 새롭게 태어났고 방송가와 증권가, 한강유람선이 발착하는 노들나루, 63빌딩 등과 인접해 있어 누구나 쉽게 자연을 접하고 여가와 휴식을 즐길 수 있는 문화공간이다.
공원에는 자연생태의숲, 문화의 마당, 잔디마당, 한국 전통의 숲이 있고, C-47 수송기가 전시되어 있으며, 매점, 화장실, 인라인스케이트 대여소 등의 편의시설이 있다. 
자연생태의숲은 자연생태계의 구조와 기능이 자연 스스로 재현되도록 조성된 녹색공간이다. 연못을 중심으로 다양한 생물이 살고 있어 도심 속에서 자연을 관할하고 학습할 수 있다.
문화의 마당은 각종 행사와 공연 등 시민들이 함께 참여할 수 있는 문화행사가 이루어지는 곳이다. 또한 광장 안에는 태극기 게양대와 공군기념 조형물인 비행기가 설치되어 있어 의미 있는 장소로도 이용한다.
시민들이 편히 쉴 수 있는 낮은 언덕으로 이루어진 잔디마당은 잔디밭과 산책로, 작은 연못으로 이루어져 있다. 또한 잔디밭 주변에는 상록수와 낙엽수를 함께 심어 사계절의 변화와 푸르름을 함께 볼 수 있다.
한국 전통의 숲을 재현한 공간은 고즈넉한 한국의 정취를 느낄 수 있다. 서울의 과거, 현재, 미래를 상징하는 세 개의 작은 인공섬을 품은 지당과 지당을 운치 있게 바라볼 수 있는 사모정이 함께 있는 장소이다. 또한 전통 숲을 한눈에 감상할 수 있는 여의정이 있다.
 C-47 비행기 전시관이 있는 위치가 c-47이 착륙했던 위치다. 1945년 8월 18일 한국광복군 정진대를 태우고 미국 OSS 부대와 함께 여의도에 착륙했다. 광복 이후 3일 만에 한국광복군이 서울에 도착한 곳이다. 
여의도공원의 산책로 및 자전거도로는 공원 외곽을 순환할 수 있도록 조성되어 있으며, 출입구 9번에 위치한 지하보도를 통해 한강시민공원과 연결되어 있다.","<a href=""https://parks.seoul.go.kr/template/sub/yeouido.do"" target=""_blank"" title=""새창 : 여의공원 홈페이지로 이동"">https://parks.seoul.go.kr</a>",상시 개방,연중무휴,,
2774305,12,여의도공원 문화의마당,서울특별시 영등포구 여의도동,17,20,126.9202136244,37.5247525022,,http://tong.visitkorea.or.kr/cms/resource/00/3399700_image2_1.JPG,Type3,VE,VE03,VE030100,"1971년 활주로가 있던 자리에 여의도 광장으로 문을 연 여의도공원은 다양한 국가 행사와 휴식의 여가를 담당하는 공간으로 자리 잡았다. 1999년 1월 검은 아스팔트를 걷어내고 녹색 쉼터로 새롭게 태어난 여의도공원은 자연생태의 숲, 문화의 마당, 잔디마당, 한국 전통의 숲 등 4개의 공간으로 이루어져 있다.
이 중 문화의 마당은 각종 행사와 공연 등 시민들이 함께 참여할 수 있는 문화행사가 이루어지는 곳이다. 또한 광장 안에는 태극기 게양대와 공군기념조형물인 비행기가 설치되어 있어 의미 있는 장소로도 이용한다. 
이 비행기는 C-47 수송기로, 1945년 8월 18일 한국광복군 정진대를 태우고 미국 OSS부대와 함께 여의도에 착륙했다. 광복 이후 3일 만에 한국광복군이 서울에 도착한 것이다. C-47 비행기 전시관이 있는 위치가 C-47이 착륙했던 위치다.","<a href=""https://parks.seoul.go.kr/template/sub/yeouido.do"" target=""_blank"" title=""새창 : 서울의 공원으로이동"">https://parks.seoul.go.kr/</a>",상시 개방,연중무휴,,
809596,12,여의도샛강생태공원,서울특별시 영등포구 여의동로 48 (여의도동),,20,126.9219608556,37.5187726724,,http://tong.visitkorea.or.kr/cms/resource/74/3569374_image2_1.jpg,Type1,NA,NA04,NA040500,"여의도샛강생태공원은 여의도 국회 뒤 샛강에서 가양대교 중앙까지로, 버드나무, 갈대, 억새 등의 군락을 이루고 있는 자연환경을 최대한 활용한 곳이다. 인근 지하철에서 발생하는 지하수를 이용하여 계류 폭포와 연못을 조성하였고 주변에는 습지성 식물인 부들, 미나리, 물옥잠 등을 심어 수질개선과 자연환경에 적합하도록 조성하였다. 이 곳에는 자전거도로, 산책로,  주차장 2개소, 교량 5개소, 광장 2개소, 안내센터, 잔디마당, 파크골프장, 생태수로, 창포원, 버들숲, 수질정화원, 물억새 군락, 폐쇄형 습지 등이 있다. 또한 생태해설, 자연관찰, 자연놀이 등의 생태프로그램을 운영하고 있다. 안내센터에는 학습공간과 생태프로그램 운영실, 반딧불이 사육장이 있다. 서울 한복판 빌딩숲 사이에 위치한 공원이지만, 온갖 야생화가 피어나는 들판과 버들치, 송사리, 붕어가 사는 샛강이 있다. 갈대와 물억새가 무성하게 자라며 6km의 산책로가 조성돼 있고, 20∼30m 간격으로  토종식물에 대한 안내판이 설치되어 있다. 천연기념물 황조롱이를 비롯해 흰뺨검둥오리, 왜가리, 제비꽃, 말즘, 버들치 등 희귀 동식물이 살고 있다. 생태공원에는 자연을 해치지 않기 위해 벤치와 매점은 물론, 동식물들의 휴식과 수면을 위해 가로등도 설치하지 않았다. 연중 이용이 가능하나 동물의 산란기에는 일부 구간의 출입이 제한될 수 있다. 수도권 지하철 5호선 여의도역 1번 출구에서 700m에 위치하고 있다.","<a href=""https://korean.visitseoul.net/nature/%EC%97%AC%EC%9D%98%EB%8F%84%EC%83%9B%EA%B0%95%EC%83%9D%ED%83%9C%EA%B3%B5%EC%9B%90_/5032?utm_source=snssharing&utm_medium=urlcopy"" target=""_blank"" title=""새창 : 비짓서울 홈페이지로 이동"">https://korean.visitseoul.net/</a>",상시 개방,연중무휴,,
1059479,12,여의도한강공원,서울특별시 영등포구 여의동로 330 (여의도동),,20,126.9336095794,37.5263997727,,http://tong.visitkorea.or.kr/cms/resource/89/3544389_image2_1.jpg,Type1,VE,VE03,VE030100,"여의도한강공원은 정치, 금융, 언론의 중심지인 여의도에 자리하고 있으며, 지하철, 버스 등 대중교통으로 접근성이 좋아 직장인과 일반시민들이 즐겨 찾는 명소이다. 특히, 여의도 한강공원에서는 봄에는 벚꽃축제가, 가을에는 세계불꽃축제 및 각종 공연과 마라톤행사 등 다양한 행사가 이어져 볼거리와 즐길거리가 풍부한 휴식공간이다. 또한, 밤섬, 여의도 샛강 등이 비교적 자연 그대로 보존되어 있어 생태학습장 및 자연친화형 공원으로 조성되어 있다. 뿐만 아니라 한강르네상스 특화사업으로 물빛광장, 수상무대 및 수상분수, 빛의 폭포, 피아노물길, 페스티벌랜드, 요트마리나 등의 시설물들이 새로 조성되어 시민들에게 더 많은 사랑을 받고 있다.  

◎ 한류의 매력을 만나는 여행 정보 - 드라마 <신성한이혼>
드라마 <신성한이혼> 12화에서 극 중 캐릭터 성한과 정국이 자식의 친권에 관해 이야기를 나누던 시민공원인 여의도한강공원은 관광객부터 일반 시민까지 모두 즐겨 찾는 서울의 명소다. 다양한 행사와 축제 또한 열리는 곳으로 자연친화적인 풍경이 아름다운 공원이다.","<a href=""https://hangang.seoul.go.kr/www/contents/669.do?mid=473"" target=""_blank"" title=""새창 : 미래한강본부 한강공원 홈페이지로 이동"">https://hangang.seoul.go.kr</a>",상시 개방,연중무휴,,
2760268,12,여의도한강공원 멀티프라자,서울특별시 영등포구 여의도동 84-4,,20,126.9316013762,37.5282689639,,http://tong.visitkorea.or.kr/cms/resource/84/3544384_image2_1.jpg,Type1,VE,VE03,VE030100,"여의도한강공원 멀티프라자는 여의도 한강공원에 내에 위치한 잔디 광장으로, 서울의 대표적인 여가 공간 중 하나이다. 한강의 아름다운 경치를 배경으로 다양한 문화와 여가 활동을 즐길 수 있는 복합 공간이다. 서울 불꽃축제가 열리는 곳이며, 2019년 서울시립교향악단의 강변연주회가 열린 바 있다. 이처럼 계절마다 열리는 다양한 행사와 축제는 방문객들에게 특별한 경험을 선사한다. 
2021년 공공디자인 프로젝트로 설치된 이색 그늘막인 구름막은 초록 잔디광장에 동그란 구름이 떠있는 것처럼 보이는데, 햇볕을 가려주는 역할을 해 나들이 나온 사람들에게 인기다. 누구나 쉽게 찾을 수 있는 편리한 위치와 다양한 시설 덕분에 많은 사람들의 사랑을 받고 있다.","<a href=""https://hangang.seoul.go.kr/www/contents/669.do?mid=473"" target=""_blank"" title=""새창 : 미래한강본부 한강공원 홈페이지로 이동"">https://hangang.seoul.go.kr/</a>",상시 개방,연중무휴,,
2391348,12,여의천,서울특별시 서초구 양재동,,15,127.0379155335,37.4710525137,,http://tong.visitkorea.or.kr/cms/resource/49/3540649_image2_1.jpg,Type1,NA,NA02,NA020100,"여의천은 서초구 신원동 청계산에서 발원하여 양재천으로 합류하는 지방하천이다. 한강수계에 속하는 지방 2급 하천으로서 양재천의 제1지류이다. 여의천의 옛 지명은 ‘염곡천’이었으며, 이 지역에서 살던 주민들이 ‘안개가 자주 끼는 하천’이라 하여 ‘연내천’이라고도 불렀다. 하천연장 4.85㎞, 유로연장은 6.87㎞, 유역면적은 12.98㎢이다. 
여의천은 숨은 벚꽃 명소 중 하나이다. 봄이 되면 여의천 옆 길을 따라 식재된 벚나무들이 분홍빛으로 물이 든다. 만개할 시기가 되면 사진 찍는 사람들과 산책하는 사람들로 붐빈다.",,상시 개방,연중무휴,,
2752545,12,역삼개나리공원,서울특별시 강남구 논현로79길 24 (역삼동),,1,127.0362843748,37.4976466191,,http://tong.visitkorea.or.kr/cms/resource/86/3463086_image2_1.jpg,Type3,VE,VE03,VE030100,"역삼역 3번 출구 근처에 있는 도심 속 근린공원으로 어린이들을 위한 놀이터와 남녀노소가 모두 이용할 수 있는 운동 기구가 설치되어 있으며, 휴식을 위한 정자와 벤치가 있다. 인근 직장인들이 점심시간에 산책 및 쉼터로 많이 이용한다. 강남구보건소 지정 금연/금주 공원이다.",,상시 개방,연중무휴,,
2733864,12,역삼동성당,서울특별시 강남구 언주로85길 23-11 (역삼동),,1,127.0417060293,37.5002575249,,http://tong.visitkorea.or.kr/cms/resource/97/3397497_image2_1.JPG,Type3,HS,HS03,HS030200,"강남지역의 교세 신장에 따라 1984년 8월 1일 대치동 성당과 양재동 성당의 관할 구역 중 일부(2,263명)를 분할하여 신설되었다. 초대 김구희(세자요한) 신부님을 모시고 주보성인을 ‘성 최경환(프란치스코)’로 정하였으며, 임시가건물을 축조하여 사용하면서 새 성전 봉헌을 준비하였다. 교우 김대환 형제가 봉헌한 신축부지에 1992년 12월 25일 성당 신축공사를 시작하였다. 착공한 지 5년 만에 연건평 3,960평 건축, 순공사비만 약 120억 원의 거대하고 아름다운 성전을 완공하여 1997년 9월 21일 김수환 추기경님을 모시고 새 성전 봉헌식을 거행하였다.","<a href=""http://www.yscatholic.com/"" target=""_blank"" title=""새창 : 역삼동성당  홈페이지로 이동"">http://www.yscatholic.com</a>","[미사 및 성사 시간]<br>
- 월요일 06:00 / 10:00<br>
- 화요일 06:00 / 10:00 / 19:00<br>
- 수요일 06:00 / 10:00 / 19:00<br>
- 목요일 06:00 / 10:00 / 19:00<br>
- 금요일  06:00 / 10:00 / 19:00<br>
- 토요일 06:00 / 19:00<br>
- 일요일 06:30 / 09:00 / 10:00 / 11:00 / 16:00 / 18:00<br>
※ 자세한 사항은 홈페이지 참조",연중무휴,,
2500201,12,연남동 공방거리,서울특별시 마포구 성미산로28길 18,,13,126.9236205874,37.5623009774,,http://tong.visitkorea.or.kr/cms/resource/21/3550521_image2_1.jpg,Type1,VE,VE04,VE040100,"연남동 공방거리는 서울 마포구 연남동에 위치한 예술 문화 공간으로, 경의선 숲길공원 연남동 구간 인근에 자연스럽게 형성된 골목문화거리다. 이곳은 마포 지역의 젊은 예술가들과 수공예 작가들이 모여 자신들만의 창작 활동을 펼치는 공방과 감각적인 편집숍들이 밀집해 있어, 예술과 일상이 자연스럽게 어우러진 공간으로 주목받고 있다. 골목길을 따라 걷다 보면 곳곳에 아기자기한 소품 가게들과 독특한 감성의 인테리어 소품점, 수공예 액세서리나 도자기, 캔들, 가죽 제품 등을 제작·판매하는 공방들을 만날 수 있다.","<a href=""https://www.mapo.go.kr/site/culture/tour/culture_onstop_tour_view?motSeq=2234""target=""_blank"" title=""새창: 마포구 문화관광으로 이동"">https://www.mapo.go.kr/site/culture</a>",상시 개방,연중무휴,,
264375,12,연세로,서울특별시 서대문구 연세로 일대,,14,126.9365529264,37.5557797448,,http://tong.visitkorea.or.kr/cms/resource/73/3466373_image2_1.jpg,Type3,VE,VE04,VE040100,"지하철 2호선 신촌역에서 연세대학교까지 이어지는 연세로는 신촌의 중심거리이다. 이 길을 중심으로 사잇길이 뿌리처럼 뻗어 있다. 연세로는 1999년 서울시가 걷고 싶은 거리로 지정한 이후 가로수 정비, 신촌거리 지도 부착 등의 조성사업을 했다. 학생, 아마추어 아티스트들의 다양한 재량을 발휘할 수 있는 거리공연이 열리고 있어 젊음과 활기가 넘치는 광장 같은 길이다. 각종 음식점, 패스트푸드점, 커피숍, 상점 등이 포진하고 있으며 오후가 되면 길거리 음식도 맛볼 수 있다. 연세대학교 도로 맞은편에는 아름다운 벽화가 그려져 있다.","<a href=""https://www.sdm.go.kr/culture/attraction/sub2050.do"" target=""_blank"" title=""새창: 서대문구 문화관광 홈페이지로 이동"">https://www.sdm.go.kr/culture/</a>",상시 개방,연중무휴,,
2611679,12,연의근린공원,서울특별시 양천구 신정이펜1로 12 (신정동),,19,126.8342218274,37.5117497010,,http://tong.visitkorea.or.kr/cms/resource/09/3488509_image2_1.jpg,Type3,VE,VE03,VE030400,"연의근린공원은 국내 유일의 생태환경 저류지 공원으로 환경부 신기술인 생태적 수질정화 비오톱 특허시스템을 도입해 조성하였다. 공원에는 데크길과 황톳길이 조성되어 있으며, 공원사면에는 다양한 야생화가 심어져 있고, 4대의 분수가 설치되어 밤에 운동하러 나온 주민들은 야간분수도 즐길 수 있다. 산책길을 걸으며 공원 내 식생과 곤충에 대하여 알아보고, 쉽고 재미있게 생태계를 이해할 수 있는 생태체험 프로그램을 통해 어린이들에게 다양한 자연학습기회를 제공한다. 
연의근린공원에는 전시공간부터 교육, 힐링장소까지 두루 갖춘 공간인 에코스페이스 연의가 있다. 1층에는 전시공간, 2층에는 교육공간이 조성되어 있다. 또한 3층에는 옥상정원을 조성해 놓아 또 다른 볼거리를 선사한다. 이곳 에코스페이스 연의에서는 매주 주말마다 가족생태프로그램을 월별 다양한 주제로 실시하고 있다.",,상시 개방,연중무휴,,
337508,12,연화사(서울),서울특별시 동대문구 경희대로3길 56 (회기동),,11,127.0504775718,37.5939856831,,http://tong.visitkorea.or.kr/cms/resource/23/3050123_image2_1.JPG,Type3,HS,HS03,HS030100,"연화사는 서울시 동대문구 회기동 천장산 자락에 자리한 대한불교 조계종 직할 말사이다. 서울 동부 도심 한복판에 자리한 회기동은 연산군의 생모인 폐비 윤씨의 묘소인 회릉이 있었다고 하여 붙여진 이름으로 현재 그 터에는 그녀의 원찰로 지어진 조그마한 절이 있다. 일체중생의 근본이 진흙 속에서 피어나는 청정한 연꽃과 같다는 의미에서 연화사라 불렸는데, 이후 묘련이라 불리기도 했다. 이는 모두 연꽃의 청정함을 상징하는 것으로 연산군이 생모 윤씨의 명복을 빌고 비명에 간 원혼을 천도하기 위한 도량으로서, 연꽃의 기능 중 화생의 의미로 붙인 이름인 듯하다. 현재는 회릉이 서삼릉으로 이전되고 그 자리에 경희여중·고등학교가 설립되면서 옛 모습은 찾을 수 없지만 그 터 아래 조그마한 사찰로 명맥을 이어가고 있다. 지금은 울창한 수풀에 둘러싸인 전형적인 사찰의 모습이 아니라 도심 속 사찰로 변모했지만 사찰에는 폐비 윤씨는 물론 선의왕후의 원찰로서 많은 상궁이 조성한 불화들이 남아 있어 왕실 원찰로서의 흔적을 찾을 수 있다.",,08:00~19:00 (휴게시간 11:30~12:00),연중무휴,,
749355,12,영등포 신길동 홍어거리,서울특별시 영등포구 신길로 200-20 (신길동),,20,126.9115648107,37.5106012142,,http://tong.visitkorea.or.kr/cms/resource/25/3464425_image2_1.jpg,Type3,VE,VE04,VE040100,"영등포 신길동에 홍어 요리를 전문으로 하는 음식점들이 모여 거리를 이룬 곳이 있다. 우신초등학교 사거리 부근 신길 4동에 1990년대 초반 첫 홍어 요릿집이 등장하게 되었는데, 홍어 음식점이 하나둘씩 생기자, 주변 애호가들의 발걸음이 점차 늘어갔다. 홍어회, 홍어 무침, 홍어찜, 애탕 등 홍어 애호가라면 어느 것 하나 맛보지 않을 수 없는 요리들이 단골을 만들기 시작했다. 당시 주변에는 중국집, 일반 식당 등 다른 업종 또는 홍어와는 전혀 다른 메뉴를 내걸고 장사를 하는 집이 있었는데 홍어집이 잘 되자 하나둘씩 업종을 변경하기 시작했다. 그렇게 해서 오늘날 신길동 홍어거리가 만들어졌다.",,점포별 상이,점포별 상이,,
127016,12,옛 용산신학교와 원효로 예수성심성당,서울특별시 용산구 원효로19길 49 (원효로4가),,21,126.9544963652,37.5334771025,,http://tong.visitkorea.or.kr/cms/resource/76/3536976_image2_1.jpg,Type3,HS,HS03,HS030200,"용산신학교는 1892년, 원효로 예수성심성당은 1902년에 세워졌으며, 두 건물 모두 프랑스인 코스트 신부가 설계, 감독했다.
용산신학교는 반지하 1층, 지상 2층의 벽돌 건물로서 한국 최초의 신학교 건물이며, 중앙에 현관과 지하층 출입구를 두고 좌우에 1층 현관에 이르는 계단을 설치했다. 신학교는 오늘날의 혜화동으로 이전하였고, 현재 존재하는 건물은 성모병원분원으로 사용하다가, 성심수녀회에서 1956년에 인수하여 사용하고 있으며, 본래의 건물 일부에 증축이 이루어졌으나 대부분 본래의 모습을 가지고 있다.
원효로 예수성심성당은 언덕을 이용하여 지었기 때문에, 남쪽 언덕 아래는 3층이고 반대편 북쪽은 2층이 된다. 주로 이용하는 출입구가 중앙이 아니라 한쪽으로 치우쳐있어 비대칭의 모습을 이루었다. 건물의 내부는 제단과 신자석만 있는 단순한 교회 형식이지만, 뾰족아치로 된 창문이나 지붕 위의 작은 뾰족탑은 전체적으로 약식화된 고딕풍의 모습을 이루고 있다. 특히 성당 입구에 들어서는 순간, 중앙의 스테인드글라스(유리화)가 보이는데, 예수성심의 사랑이 만방에 퍼져나가는 매우 아름답고 장엄한 모습으로, 성당 미술 작품 순례에 있어서도 필수 코스로 꼽힌다. 또한 10여 년 전에 유리화 화가이신 마르코 수사님(프랑스)이 좌우 측면과 2층 후면에도 은은한 유리화 작품을 새기면서 성당 전체가 해의 이동에 따라 시간마다 색깔이 달라지는 신비로운 광경이 펼쳐진다. 
무엇보다도 두 건물은 모두 가톨릭 교회의 성지로 등록되어 있다. 김대건신부님의 유해가 50여 년 동안 모셔져 있었고, 또 사제들의 양성을 위한 소신학교로 있었던 자리이기에 해마다 많은 순례객들이 이곳을 찾고 있다.",,주말 09:00~17:00,평일 (학생 안전강화로 인해 주말에만 개방),,
754063,12,오금공원,서울특별시 송파구 오금로 363,(오금동),18,127.1316810347,37.5052557863,,http://tong.visitkorea.or.kr/cms/resource/89/3526789_image2_1.jpg,Type1,VE,VE03,VE030100,"오금공원은 서울 송파구 오금동에 위치한 공원으로, 지하철 5호선 오금역 인근 가락동 송파경찰서 대각선 방향에 자리하고 있다. 해발 200m의 야산을 친환경적으로 조성하여 나무, 꽃, 잔디가 어우러진 쾌적한 자연환경을 제공한다. 야생 초화류 30여 종과 자생 관목류 20종이 자라고 있는 자연학습장이 조성되어 있어 산책 중 다양한 식물을 관찰할 수 있다. 공원 내에는 광장 5곳과 산책로 9코스, 어린이놀이터 등이 조성되어 있어 지역 주민들의 방문이 꾸준하다. 운동장, 정구장, 수영장, 배드민턴장, 게이트볼장, 체력단련장, 인라인하키장 등의 운동시설은 주민과 학생들의 체력단련 및 여가 공간으로 활용되고 있다.","<a href=""https://parks.seoul.go.kr/parks/detailView.do?pIdx=87"" target=""_blank"" title=""새창 : 홈페이지로 이동"">https://parks.seoul.go.kr</a>",상시 개방,연중무휴,,
866393,12,오동근린공원,서울특별시 강북구 번동,산 20-1,3,127.0334142261,37.6295534635,,http://tong.visitkorea.or.kr/cms/resource/56/3540156_image2_1.jpg,Type1,VE,VE03,VE030400,"오동근린공원은 서울시 강북구와 성북구에 걸쳐 있다. 강북구 번동, 미아동 외 5개 동과 성북구 월곡동에 걸쳐 있는 대단위 공원이다. 공원에 수림이 잘 형성되어 있고, 체력단련시설과 배드민턴장, 유아숲체험장, 놀이터, 쉼터 등의 시설을 갖추고 있어 인근 주택단지에 주거하고 있는 주민들의 휴식과 운동 장소로 이용되고 있다.","<a href=""https://parks.seoul.go.kr/parks/detailView.do?pIdx=89"" target=""_blank"" title=""새창 : 서울의 공원 홈페이지로 이동"">https://parks.seoul.go.kr/parks</a>",상시 개방,연중무휴,,
2778135,12,오류동역 광장,서울특별시 구로구 오류동,65-6,7,126.8440130701,37.4950518158,,http://tong.visitkorea.or.kr/cms/resource/10/3401710_image2_1.JPG,Type3,VE,VE03,VE030500,"서울 구로구 오류동역 광장은 지하철 1호선 오류동역 3번 출구 앞에 위치한 광장이다. 오류동역을 바라보고 왼쪽에는 운동시설과 벤치, 산책로가 조성되어 지역 주민들이 만남과 휴식을 취할 수 있는 장소로 이용되고 있으며, 오른쪽에는 공영 주차장이 있다. 지역 주민들을 위한 프로그램과 바자회 등 다양한 종류의 행사가 진행되는 이벤트 장소인 동시에 지역 주민들을 위한 생활편의 공간으로 활용되고 있다.",,상시 개방,연중무휴,,
2611735,12,오목공원,서울특별시 양천구 목동서로 159-2 (목동),,19,126.8736427870,37.5276541111,,http://tong.visitkorea.or.kr/cms/resource/78/3384678_image2_1.JPG,Type3,VE,VE03,VE030100,"오목공원은 양천구청 목동에 위치한 근린공원으로, 1989년에 개원하였다. 공원 이름은 ‘오목하게 골이 파인 하천’이라는 뜻을 가진 ‘오목내’로부터 유래했다. 주변에 방송국을 비롯해 고층 오피스빌딩, 아파트들이 자리 잡고 있어 점심시간을 이용해 산책과 휴식을 취하는 이들이 많다. 공원 내에 오목한 미술관이 있어 가볍게 둘러보기 좋으며, 이외에도 놀이터, 농구장, 분수대, 쉼터 등이 설치되어 있다. 도심 속 개방형 생태공원으로 그 의미가 있다.",,상시 개방,연중무휴,,
2029564,12,오미요리연구소,서울특별시 동대문구 약령시로 97-1 (제기동),1층,11,127.0409426362,37.5832062084,,http://tong.visitkorea.or.kr/cms/resource/34/3428434_image2_1.JPG,Type3,EX,EX01,EX010100,"오미요리연구소는 경동시장, 청량리시장, 그리고 약령시장에서 구입한 제철 식재료를 활용하여 한식을 배우고 직접 만들어볼 수 있는 곳이다. 특히, 한국의 발효 문화가 담긴 깊이 있는 한식을 체계적으로 배울 수 있는 기회를 제공한다. 수업은 계절에 따라 신선한 한국 식재료를 활용하며, 채식, 알레르기, 종교적 요구 등 다양한 요청을 반영하여 메뉴가 구성된다. 외국인 관광객의 참여가 많아 영어와 중국어로 수업이 진행된다. 일반 수업은 정원 8~10명으로 운영되며, 더 많은 인원의 참가를 원할 경우 사전 협의가 필요하다. 수업 예약은 온라인으로 가능하다. 오미요리연구소는 2014년 한국관광공사 관광벤처 공모전 수상을 시작으로, 2016년 관광벤처로 선정. 2020 한식진흥원 우수 음식관광 프로그램 최우수상, 2021 서울시 서울관광대상을 수상했다.","<a href=""https://www.5-tastes.com/"" target=""_blank"" title=""새창:오미요리연구소 홈페이지로 이동"">https://www.5-tastes.com</a>","10:00~13:00<br>
※ 예약 필수",연중무휴,,
337557,12,옥천암(서울),서울특별시 서대문구 홍지문길 1-38 (홍은동),,14,126.9539196180,37.5971141398,,http://tong.visitkorea.or.kr/cms/resource/33/3565333_image2_1.jpg,Type1,HS,HS03,HS030100,"옥천이란 아주 맑은 샘을 말한다. 여기서 나오던 샘물에 약효가 있어 환자들이 모여들었다는 기록이 전한다. 또한 옥천암의 보도각에는 마애보살좌상이 모셔져 있다. 이를 해수관음상 또는 보도각 백불이라고도 한다. 여기서 보도는 ‘모든 중생을 제도한다’는 의미로서 관세음보살의 발원을 가리킨다. 따라서 해수관음상이 가장 정확한 명칭이며, 실제 기록도 전한다. 백불(白佛)이라는 이름은 외국인들이 기록한 것에서 유래한 듯하다. 마애보살좌상은 고려시대 마애불상의 양식을 따르고 있으며, 성형이 용재총화(慵齋叢話)에서 불암(佛巖)이라고 기록한 것이 가장 오래되었다. 신라시대 이후 이 일대에는 장의사, 승가사, 사현사 등 유력한 사찰이 있었으므로 그 영향을 받아 보도각과 옥천암이 창건되었을 듯하다. 조선 태조 이성계가 한양에 도읍을 정하면서 여기서 기도를 올렸다는 전설이 있고, 임진왜란 때 권율 장군이 여기서 전투를 벌였다는 전설, 흥선대원군의 부인이 아들 고종을 위해서 기도했다는 전설 등이 전한다.","<a href=""http://www.okcheonam.com"" target=""_blank"" title=""새창 : 옥천암 홈페이지로 이동"">http://www.okcheonam.com</a>","09:00~18:00<br>
※ 자세한 사항은 전화문의 요망",연중무휴,,
814255,12,온수공원,서울특별시 구로구 고척로21나길 103 (개봉동),,7,126.8397382631,37.5020481486,,http://tong.visitkorea.or.kr/cms/resource/95/3467295_image2_1.jpg,Type3,VE,VE03,VE030100,"서울시 구로구에 위치한 온수공원은 1971년 도시 자연공원으로 지정되었다. 임상이 양호하며 식생이 다양하고 수목 등 식생이 잘 보존된 전형적인 자연상태의 공원이다. 등산로 주변에 약수터와 배드민턴장, 체력단련장, 의자 등 휴게시설과 철봉, 허리 돌리기 등 운동기구가 등산로 곳곳에 설치되어 많은 시민들이 방문하고 있다.",,상시 개방,연중무휴,,
2591824,12,온수도시자연공원(잣절공원),서울특별시 구로구 고척로21나길 103 (개봉동),,7,126.8397382631,37.5020481486,,http://tong.visitkorea.or.kr/cms/resource/33/3558633_image2_1.jpg,Type1,NA,NA04,NA040500,"온수도시자연공원은  서울시의 남서 측 양천구와 구로구에 걸쳐 있고, 경기도는 부천시와 접하고 있다. 남쪽으로 경인국도, 동쪽으로 남부순환로, 북쪽으로 경인 고속국도와 접하여 접근이 매우 용이하다. 1971년 공원으로 지정되었으며, 식생이 다양하게 잘 보존된 전형적인 자연형 공원으로 년 180,000여 명의 시민이 이용하고 있다. 등산로 주변에 약수터와 배드민턴장, 체력단련장, 의자 등 휴게시설과 철봉, 허리 돌리기 등 운동기구가 등산로 곳곳에 설치되어 많은 시민들로부터 좋은 반응을 얻고 있다. 온수도시자연공원 내 조성된 잣절공원으로 연못과 데크가 설치되어 있어 여름에 청량감을 느낄 수 있고, 매년 반딧불이 방사행사가 개최되고 있다.","<a href=""https://parks.seoul.go.kr/parks/detailView.do?pIdx=91"" target=""_blank"" title=""새창 : 서울의 공원 홈페이지로 이동"">https://parks.seoul.go.kr/</a>",상시 개방,연중무휴,,
2761797,12,올림픽공원피크닉장,서울특별시 송파구 올림픽로 424 (방이동),,18,127.1150682209,37.5206092598,,http://tong.visitkorea.or.kr/cms/resource/93/3467493_image2_1.jpg,Type3,VE,VE03,VE030100,서울 송파구 올림픽공원 몽촌 토성을 올라가는 길에 조성된 넓은 잔디광장이다. 올림픽공원은 어디든 산책하고 쉴 수 있는 곳이지만 이곳은 돗자리를 깔고 아이들과 마음껏 뛰어놀 수 있는 공간이다. 가족 단위 나들이객과 야외에서 데이트하고 싶어 하는 젊은 남녀들이 많이 찾는다. 멋진 자연의 풍광을 담을 수 있는 사진 촬영 인기 지역이기도 하다. 배달 음식을 주문해서 먹을 수도 있다. 서울 도심에서 누워 하늘을 볼 수 있는 깨끗하고 정비가 잘 된 공원이다. 피크닉장에서 가장 가까운 주차장은 올림픽공원 서 2문 주차장이다.,"<a href=""https://www.ksponco.or.kr/olympicpark/menu.es?mid=a20402000000"" target=""_blank"" title=""새창 : 올림픽공원 홈페이지로 이동"">https://www.ksponco.or.kr/</a>",상시 개방,연중무휴,,
250131,12,올림픽대교,서울특별시 송파구 신천동,,18,127.1053604352,37.5324160470,,http://tong.visitkorea.or.kr/cms/resource/54/3393354_image2_1.JPG,Type3,VE,VE01,VE010300,"올림픽대교는 서울 광진구 구의동과 송파구 풍납동을 연결하는 다리로 대한민국 세계화의 시발점인 제24회 서울올림픽을 영구히 기념하고 올림픽 경기장 주변 교통처리를 위해 건설된 다리이다. 국내 최초의 콘크리트 사장교이며 길이는 1.5㎞에 이른다. 88서울올림픽을 뜻하는 높이 88m의 주탑 4개가 서 있으며, 주탑은 올림픽 성화대 모양을 형상화하였다. 4개의 주탑은 연·월·일·시의 4주와 4계절, 4방향을 의미하며, 케이블 24개는 제24회 서울 올림픽 경기를 의미하며 그 예술성이 우수하다. 올림픽대교 건설과 함께 남단 고수부지에는 2,500평 규모의 도로공원과 지구촌의 화합을 상징하는 지름 6m의 5륜과 24개의 기념 조형물이 조성되었다. 올림픽대교는 서울올림픽개최를 기념하기 위해 건설되었고 현상공모에 의하여 교량형식이 선정된 국내 최초의 콘크리트 사장교라는 점에서 우리나라 교량사에 많은 기록을 남긴 다리이다.",,상시 개방,연중무휴,,
1019041,12,와룡공원,서울특별시 종로구 와룡공원길 192,,23,126.9901581479,37.5912265856,,http://tong.visitkorea.or.kr/cms/resource/93/1395493_image2_1.jpg,Type3,VE,VE03,VE030100,"와룡공원은 삼청근린공원, 창경근린공원, 북악산 도시자연공원이 연접해 있다. 토심이 얕아 수목생육이 어렵고, 아카시나무 등으로 산림이 조성되었으나 주민들이 생명의 나무 천만 그루 심기 행사에 스스로 참여하여 수목을 심고 가꾸어 푸르름과 계절별 아름다운 꽃이 피는 공원으로 변모하고 있다. 특히, 봄에는 산수유, 매화, 진달래, 개나리 등이 피어나 가족단위의 나들이 코스로 좋다.","<a href=""https://parks.seoul.go.kr/parks/detailView.do?pIdx=94&tabTarget=1/"" target=""_blank"" title=""새창 : 서울의 공원으로 이동"">https://parks.seoul.go.kr</a>",상시 개방,연중무휴,,
3444605,12,왕십리맛골목,서울특별시 성동구 마조로 17 (행당동),,16,127.0408710950,37.5594339699,,http://tong.visitkorea.or.kr/cms/resource/01/3444601_image2_1.jpeg,Type1,VE,VE04,VE040100,"왕십리맛골목은 서울 성동구 왕십리역 인근에 위치한 음식 거리로, 한식, 중식, 일식 등 다양한 요리를 합리적인 가격에 즐길 수 있는 맛집들이 밀집해 있다. 교통이 편리하고 활기찬 분위기를 자랑하며, 직장인과 학생들의 모임 장소로 인기 있는 먹거리 명소이다.",,,,,
2758125,12,왜고개,서울특별시 용산구 한강대로40길 46 (용산동5가),,21,126.9717476685,37.5300444768,,http://tong.visitkorea.or.kr/cms/resource/07/3542807_image2_1.jpg,Type1,HS,HS03,HS030200,왜고개는 기와와 벽돌을 구워 공급하던 와서［瓦署］가 있던 데서 유래한 명칭이다. 서울 명동성당과 중림동 약현성당을 지을 때 사용했던 벽돌도 이곳에서 공급해 주었다 전해진다. 이곳은 1866년 병인박해 때 새남터와 서소문에서 순교한 성인들이 매장되었던 유서 깊은 천주교의 성지이다. 또한 왜고개 성지는 1846년 9월 16일 병오박해 때 순교한 한국인 첫 사제 김대건 안드레아 신부의 시신이 모셔졌다가 이장된 역사를 지닌 곳이다.,,상시 개방,연중무휴,,
2721231,12,용두동 쭈꾸미골목,서울특별시 동대문구 용두동,,11,127.0372154044,37.5759403196,,http://tong.visitkorea.or.kr/cms/resource/51/3567851_image2_1.jpg,Type1,VE,VE04,VE040100,"용두동 쭈꾸미 골목은 쭈꾸미 특화 거리로 지하철 1호선 제기동역 6번 출구 인근에 있다. 1990년대 초부터 형성된 거리로 쭈꾸미를 매운양념과 볶아내는 철판볶음이 인기 메뉴이다. 골목 초입 황금색 쭈꾸미 모형을 시작으로 쭈꾸미 전문점들이 들어서 있다. 오랜 시간 쭈꾸미골목을 찾아온 단골 손님이 많고, 여러 쭈꾸미 전문점들 중 끌리는 가게에 찾아 들어가는 재미도 있다. 고추장으로 매콤하게 양념한 쭈꾸미를 철판에 익혀 먹는 용두동 쭈꾸미는 별미 중의 별미이다.",,점포별 상이,점포별 상이,,
126499,12,용산가족공원,서울특별시 용산구 서빙고로 185 (용산동6가),,21,126.9832663463,37.5200458446,,http://tong.visitkorea.or.kr/cms/resource/49/3507949_image2_1.jpg,Type1,VE,VE03,VE030500,"용산가족공원은 넓은 잔디밭과 연못을 중심으로 서구풍의 분위기를 갖춘 공원이다. 역사적으로는 임진왜란, 임오군란, 갑신정변, 러일전쟁, 그리고 1906년부터 1945년까지의 기간 동안 왜군, 청나라 군사, 일본인들이 군 시설 및 거주지로 사용한 곳이다. 1992년에는 6.25 전쟁 시기에 UN군 및 주한미군사령부가 설치되었던 곳을 서울시에서 인수하여 공원으로 조성하였다. 공원은 남산과 한강 사이에 위치해 서울시의 남북 녹지 축의 연결고리로서 중앙공원의 성격을 띠고 있다. 이곳은 넓은 잔디밭, 연못, 산책로, 화장실, 야외조각품, 운동시설, 주차장 등의 편의시설 편안한 휴식이 가능하다.","<a href=""https://parks.seoul.go.kr/parks/detailView.do?pIdx=29"" target=""_blank"" title=""새창 : 홈페이지로 이동"">https://parks.seoul.go.kr</a>",상시 개방,연중무휴,,
3458416,12,용산공원 부분개방부지,서울특별시 용산구 서빙고로 238 (서빙고동),,21,126.9900629507,37.5200070821,,http://tong.visitkorea.or.kr/cms/resource/53/3458353_image2_1.jpg,Type1,NA,NA05,NA050100,"용산공원 부분개방부지는 서울특별시 용산구에 위치한 용산공원의 일부분으로, 공원 조성 작업 중 일부 지역이 부분적으로 개방된 공간이다. 이 부지는 용산공원이 완공되기 전까지 시민들이 일정 부분 공원을 이용할 수 있도록 개방한 구역으로, 자연을 즐기고 여가 활동을 할 수 있는 공간을 제공한다.
용산공원 부분개방부지는 용산기지의 일부 구역이었다. 용산기지는 과거에 미군기지로 사용되었던 지역으로, 미국 군대가 주둔하면서 군사적 목적으로 사용되던 부지였다. 이곳은 1880년대부터 미군 기지로 사용되었으며, 2004년 미군이 서울을 떠나면서 부지 반환이 시작되었고, 이후 서울시는 이 지역을 공원으로 개발하는 계획을 수립했다.
용산공원은 약 3.5㎢ 크기로 조성될 예정인 서울의 대형 공원으로, 부분개방부지는 이 공원 조성 중 일부 구역이 시민들에게 개방된 지역이다. 과거 미군기지로 사용되었던 부지는 군사 시설, 주거지, 그리고 군용 도로 등으로 이루어져 있었고, 반환 후에는 공원과 함께 문화시설, 휴식 공간, 체육 시설 등이 마련될 예정이다.","https://yongsanparkstory.kr/index.html , https://parkyongsan.kr/front/index.do","화~금 09:00~17:30, 토일 09:00~21:00 (운영시간 1시간 전 입장마감)",매주 월요일,,
2758150,12,용산역광장,서울특별시 용산구 한강대로23길 55 (한강로3가),,21,126.9647566449,37.5298249324,,http://tong.visitkorea.or.kr/cms/resource/04/3467504_image2_1.jpg,Type3,VE,VE03,VE030500,쇼핑과 문화의 중심인 용산역 주변으로 고층 빌딩이 들어서면서 건물 사이로 디자인이 개선되고 소규모 광장이 많이 생겼다. 용산구는 용산역 전면에 대규모 광장을 조성하고 있는데 지상공원과 지하광장 등이 연결될 예정이다. 현재 용산공원과 용산역 광장을 연결하는 ‘버들개 문화공원’이 부분개장 되었다.,,상시 개방,연중무휴,,
1829744,12,우남 이승만박사 동상,서울특별시 강동구 고덕로 227 (고덕동),배재중고등학교 내,2,127.1508556544,37.5549198104,,http://tong.visitkorea.or.kr/cms/resource/87/3413887_image2_1.jpg,Type3,VE,VE01,VE010500,"우남 이승만 박사 동상은 배재고등학교 내 자리한 동상으로 이승만 박사의 독립운동 업적을 기리기 위해 건립되었다. 1984년 건립되었으며 높이 3m, 폭은 1m이다. 어려서부터 한학을 공부하였던 우남 이승만은 현재 동상이 위치한 배재고의 전신인 배재학당에 입학 후 신학문을 배워 개화기 언론과 독립협회의 개혁 운동을 주도하다가 옥고를 치렀다. 석방 후 미국으로 건너가 박사 학위를 받았으며 해외에서 조국 광복을 위한 외교와 민족교육 및 홍보활동을 펼쳤다. 광복 후 1948년 대한민국 정부 수립과 함께 초대 대통령을 지냈다.","<a href=""http://mfis.mpva.go.kr/memorial/movementView.do?sid=434&memorialType=true&gubunCode=ALL&pageIndex=1&searchCondition=%EC%A0%9C%EB%AA%A9&searchKeyword=%EC%9D%B4%EC%8A%B9%EB%A7%8C%EB%B0%95%EC%82%AC"" target=""_blank"" title=""새창 : 현충시설정보서비스 홈페이지로이동"">http://mfis.mpva.go.kr</a>","상시 개방<br>
※ 교내에 위치함으로 전화 문의 후 방문 바람",연중무휴,,
2373360,12,우당 이회영 선생 흉상,서울특별시 중구 명동11길 20,(명동1가),24,126.9861287059,37.5648934636,,http://tong.visitkorea.or.kr/cms/resource/94/3412194_image2_1.JPG,Type3,VE,VE01,VE010500,"우당 이회영 선생 흉상은 대한의 독립을 위해 앞장섰던 애국지사 이회영 선생을 기억하기 위해 건립된 흉상이다. 이회영은 이조판서 이유승의 4남으로 태어나 성장했다. 1905년에 을사늑약 체결의 음모를 저지하고 무효로 하는 운동을 주도하였고, 고종황제를 설득하여 헤이그 만국평화회의에 밀사 파견을 주장하기도 했다. 그러나 1910년 경술국치 때, 6형제 전원과 일가족 50여 명이 전 재산을 정리하여 망명을 떠났다. 만주에서 신흥무관학교의 전신인 신흥강습소를 개소하였고, 1912년에는 합니하로 이전하여 본격적인 무관학교 교육을 시작했다. 신흥무관학교는 1920년 폐교할 때까지 독립군 간부 3,500여 명을 양성하는 성과를 이루고 독립전쟁을 주도하였을 뿐만 아니라 광복군을 창설하는 밑거름이 되었다. 상해 임시정부가 구성됐을 때는 의정위원으로 참여했고, 이후 아나키즘 운동과 의열단 조직을 지원함과 동시에 항일구국연맹을 결성하여 흑색공포단을 산하에 두고 의열투쟁에 매진했다. 중국의 항일부대와 독립군 부대가 연합하여 항일투쟁을 하도록 현지 지도 차 잠입하던 중 대련에서 체포되어 뤼순 감옥으로 이송됐다. 이곳에서 모진 고문과 굶주림으로 순국하는데 이때가 선생의 나이 66세였다. 흉상은 이회영 선생의 공적을 기려 기념사업회에서 건립하였으며, ‘이회영·이시영 6형제 집터’ 표지석이 위치한 서울 YWCA 앞에 함께 놓여 있다.","<a href=""http://www.woodang.or.kr/main""target=""_blank"" title=""새창 : 우당기념관 홈페이지로 이동"">http://www.woodang.or.kr/main</a>",상시 개방,매주 월요일,,
2756589,12,우리유황온천,"서울특별시 광진구 자양로5길 33 (자양동, 와이엠프라젠스파)",지하 2층,6,127.0841596279,37.5309880533,,,,EX,EX05,EX050100,"우리유황온천은 서울 도심 속에서 온천욕을 즐길 수 있는 곳이다. 강남과 강북의 접점인 잠실대교 북단 인근에 위치하고 있다. 우리유황온천은 지하 1,040m에서 분출된 천연유황온천수를 매일 신선하게 공급하고 있다. 주요 시설로는 온천욕 시설인 유황대온천탕, 유황열탕, 바가지탕과 부대시설인 토굴방, 동굴방, 아이스방, 히노끼탕 등이 있다.",,05:30~21:00,연중무휴,,
2779508,12,우면산 소망탑,서울특별시 서초구 서초동 419-3,,15,127.0181503561,37.4820092204,,http://tong.visitkorea.or.kr/cms/resource/59/3467859_image2_1.jpg,Type3,VE,VE01,VE010200,"서울 서초구와 경기도 과천시의 경계를 이루는 우면산은 소가 잠자는 모습을 닮았다고 해서 붙여진 이름이다. 우면동과 서초동, 양재동 등 도심에서 쉽게 오를 수 있는 산이라 새벽부터 늦은 밤까지 등산객들의 발길이 끊이지 않는다. 굳이 등산화가 필요 없을 만큼 경사도 완만한 편이라 초보 등산객들에게 특히 사랑받는 코스다. 성인 기준으로 대부분 1시간 남짓이면 정상인 소망탑까지 오를 수 있다. 우면산 소망탑은 이곳을 찾은 사람들이 각자의 소망을 담아 하나둘 돌을 올리기 시작한 것이 지금과 같은 큰 돌탑이 되었다. 소망탑 근처에 조성된 전망대는 우수경관 조망명소로 선정될 만큼 탁월한 전망을 자랑한다. 이곳에서 바라보는 야경은 손에 꼽을 만큼 화려하게 반짝인다. 선사시대 유적인 지석묘를 비롯해 백제 시대 사찰인 대성사 등 다양한 역사유적도 자리한다.","<a href=""https://www.seocho.go.kr/site/seocho/04/10405010900002015070703.jsp"" target=""_blank"" title=""새창 : 서초구청 홈페이지로 이동"">https://www.seocho.go.kr/</a>",상시 개방,연중무휴,,
2757831,12,우면산자연생태공원,서울특별시 서초구 우면동,산 34-1,15,127.0171146993,37.4692523493,,http://tong.visitkorea.or.kr/cms/resource/96/3540696_image2_1.jpg,Type1,NA,NA04,NA040500,"우면산은 높이 293m로 서초구 우면동과 서초동, 양재동 등지의 도심에서 쉽게 오를 수 있는 산이다. 산모양이 소가 졸고 있는 모양이라 하여 우면산이라 이름이 붙여졌다. 우면산의 남쪽 기슭은 청동기시대 유적인 지석묘가 있어 이 지역이 오래전부터 우리 조상들의 삶의 터전이었음을 알 수 있다.
우면산은 서울시 도시자연공원으로 지정, 관리되고 있다. 산책로 및 등산로가 태극, 유점사, 서초약수터 등 약수터와 대성사, 정도전의 묘, 이존오의 사당, 예술의 전당 등 문화유적과 사찰, 문화공간이 부합되어 있어 도시주민의 아늑한 휴식처를 제공하고 있다. 깔끔하게 정돈된 학습장이라기보다 자연 그대로를 즐길 수 있게 되어 있다.","<a href=""https://www.seocho.go.kr/site/seocho/04/10405010900002015070703.jsp"" target=""_blank"" title=""새창 : 서초구청 홈페이지로 이동"">https://www.seocho.go.kr</a>",상시 개방,연중무휴,,
758299,12,우이동계곡,서울특별시 강북구 삼양로181길 141-5 (우이동),,3,127.0076182199,37.6694622455,,http://tong.visitkorea.or.kr/cms/resource/54/3568554_image2_1.jpg,Type1,NA,NA01,NA010400,"우이동계곡은 강북을 대표하는 계곡으로 도봉산과 북한산 사이에 있다. 북한산에서 우이동을 흐르는 아홉 구비 계곡을 [우이구곡]이라 부른다. 1762년부터 이곳에서 살았던 이계 홍양호가 붙인 이름으로, 홍양호은 우이동계곡을 돌아보며 아홉 곳에 이름을 붙이고 [우이동구곡기]를 지을 만큼 이곳을 사랑했다. 우이동구곡기는 서울의 유일한 구곡문학으로 남아 있다. 계곡 주변으로 계단과 산책로 등 편의시설이 잘 갖추어져 있어 편리하며, 녹음 속에서 산책을 즐기거나 계곡에서 즐기는 물놀이는 여름의 찌는 더위를 잊게 해준다. 또한, 계곡의 맑고 시원한 냇물을 끼고 있는 음식점 등을 이용할 수 있으며 특히 여름철 닭죽은 진미이다. 민박도 가능하며 3, 4월에는 대학생들의 MT 장소로 선호된다. 우이동계곡을 따라 20분가량 올라가면 원불교 수도원, 성불사, 용덕사, 선운사, 광명사 등 사찰을 찾을 수 있으며 입구에서의 들뜬 분위기는 이내 차분해지며 또 다른 운치를 느낄 수 있다. 서울 도심과도 가깝고 대중교통으로 접근도 용이해서 서울의 시민들이 휴식과 힐링을 위해 부담 없이 찾아오기 좋은 곳이다.","<a href=""https://korean.visitseoul.net/nature/%EC%9A%B0%EC%9D%B4%EB%8F%99%EA%B3%84%EA%B3%A1_/29798/"" target=""_blank"" title=""비짓서울에서 열림"">https://korean.visitseoul.net/</a>",,연중무휴,,
3065955,12,우이동만남의광장,서울특별시 강북구 우이동,186-5,3,127.0077295370,37.6618909066,,http://tong.visitkorea.or.kr/cms/resource/52/3065952_image2_1.jpg,Type3,VE,VE03,VE030400,우이동만남의광장은 북한산 아래에 위치한 계곡이 있는 산책 공원이다. 놀이터와 산책로가 조성되어 있는 우이동만남의광장에는 가족이 함께 방문하기 좋은 둘레길과 인근에 계곡이 있다. 3·1 만세운동을 주도한 의암 손병희 선생이 천도교 지도자 양성을 위해 설치한 봉황각이 자리 잡고 있으며 한국전쟁에 참전한 강북구 출신 88인을 기리는 6·25 현충비도 건립되어 있다. 또한 강북구 북한산 왕관봉 부근의 근사한 모습을 한눈에 담을 수 있는 장소이기도 하며 북한산 둘레길을 이용할 수도 있다. 입구에는 간단하게 차와 커피를 즐길 수 있는 카페가 조성되어 있다. 별도의 주차 공간이 없으며 수도권 지하철 북한산우이역 2번 출구에서 약 500m 떨어진 곳에 있다.,,상시 개방,연중무휴,,
126495,12,우이령 숲속문화마을(구 우이동 먹거리마을),서울특별시 강북구 삼양로181길 202 (우이동),,3,127.0062266164,37.6717008489,,http://tong.visitkorea.or.kr/cms/resource/31/3393931_image2_1.JPG,Type3,VE,VE04,VE040100,"우이령 숲속문화마을은 북한산 자락에 자리하고 있어 수려한 자연환경과 옛 정취를 간직한 곳이다. 우이동과 우이동공원유원지 일대를 말하는데, 이 일대에 많은 음식점들이 즐비해 있다. 우이신설경전철 종점인 북한산 우이역에서 우이령길 쪽 약 1.2㎞ 구간이 우이령 숲속문화마을(구 우이동 먹거리마을)이다. 우이신설경전철이 개통되어 접근성이 향상되면서 방문객도 많아졌다. 주변에 휴양콘도미니엄, 우이동 가족캠핑장, 북한산 인수봉 등 다양한 시설과 자연경관이 어우러져 있다.",,점포 별로 상이함,점포 별로 상이함,,
2675091,12,원당샘공원,서울특별시 도봉구 해등로32가길 16 (방학동),,10,127.0222810312,37.6603441259,,http://tong.visitkorea.or.kr/cms/resource/36/3567836_image2_1.jpg,Type1,VE,VE03,VE030100,원당샘공원은 서울시 도봉구 방학동에 위치한 공원으로 약 600년 전 파평 윤씨 일가가 정착한 원당마을의 역사를 지니고 있다. 이곳의 주요 시설인 원당샘은 원당마을의 이름을 딴 것으로 수백 년 동안 생활용수로 공급되었다고 한다. 현재는 지하수를 연결하여 원당샘이 마르지 않고 흐를 수 있도록 전통 연못으로 복원하였다. 전통 연못 원당샘과 그 곁에 있는 정자 사모정이 어우러져 고즈넉한 산책코스가 된다. 복원 공사를 하며 심어진 13000여 그루의 나무들이 시원한 쉼터를 마련해 준다. 가을이면 원당샘공원 내 서울특별시 기념물로 지정된 800살이 넘은 아주 큰 은행나무에 단풍이 물들고 나무 주위로 데크길이 있어서 둘러보기 좋다.,"<a href=""http://tour.dobong.go.kr/Contents.asp?code=10003486"" target=""_blank""   title=""원당샘공원 홈페이지로 이동"">http://tour.dobong.go.kr/</a>",상시 개방,연중무휴,,
346995,12,원통사(서울),서울특별시 도봉구 도봉로169길 520 (도봉동),,10,127.0116396916,37.6829135306,,http://tong.visitkorea.or.kr/cms/resource/16/3467616_image2_1.jpg,Type3,HS,HS03,HS030100,"원통사[圓通寺]는 서울시 도봉구 도봉산에 자리한 대한불교 조계종 1 교구인 조계사의 직할사찰이다. 원통사는 예로부터 좌우에 수락산과 삼각산을 거느리고 한강을 바라보는 도봉산의 최고 길지에 자리 잡은 수행기도처로 알려져 왔다. 조선초기의 무학대사를 비롯해서 근대에는 만공·동산·춘성스님 등 선지식이 이곳에 머물면서 큰 깨달음을 얻었으며, 많은 사람들에게 있어서는 관음기도 도량으로도 유명하다. 또한 조선 영조 때 영의정을 지냈던 조현명, 서명균 등이 나라의 일을 이야기하며 심신을 닦았던 곳으로 당대 유학자들 사이에 명소로 이름 높았다. 현재 경내에는 조선 태조 이성계가 기도했다는 석굴이 있으며, 약사전 아래 큰 바위에는 태조가 기도를 마치던 날 천상의 상공(정승)이 되어 옥황상제를 배알 하는 꿈을 꾸었다 하여 새겼다는 상공암 [相公岩]이라는 글씨가 있다. 그런가 하면 절 뒤쪽에 있는 우이암으로 불리는 바위는 관음보살이 부처님을 향해 기도하는 형상을 하고 있어 원래는 ‘관음봉’으로 불리었다고 한다. 주변의 자연 지세를 자세히 살펴보면 호랑이·코끼리·학 등 여러 동물 모습을 한 바위들이 이 바위를 향해 머리를 조아리고 있는 형상이다. 그래서인지 사람들은 이곳을 천혜의 관음성지라고 믿고 있다.","<a href=""https://tour.dobong.go.kr/Contents.asp?code=10005992"" target=""_blank"" title=""새창 : 도봉구 문화관광 홈페이지로 이동"">https://tour.dobong.go.kr/</a>",상시 개방,연중무휴,,
2993194,12,위라이드 서울전차,서울특별시 종로구 종로 19 (종로1가),,23,126.9799374337,37.5708982096,,http://tong.visitkorea.or.kr/cms/resource/11/2987811_image2_1.jpg,Type1,EX,EX07,EX070200,"“돌아온 전차가 여행에 감성을 더한다!” 위라이드 서울전차는 오직 페달과 배터리로만 달리는 레트로 스타일의 15인승 차량으로, 이를 타고 탁 트인 시야를 유지한 채 서울의 도로와 골목을 체험할 수 있는 이색 여행법이 큰 인기를 모으고 있다. 서울역사문화박물관에 전시되어 있는 20세기 마지막 전차인 ‘381호 전차’를 모티브로 만든 위라이드 서울전차는 마치 전차 시대의 서울을 다시 만나기라도 한 듯 향수를 불러일으킨다. 운행 시간은 총 1시간 30분이며, 네이버 예약을 통해 날짜와 좌석을 지정해 예매해야 이용이 가능하다. 이미 해외에서 큰 인기를 끌고 있는 페달 펍(pedal pub, 배터리와 페달로 동력을 얻어 움직이는 투어 프로그램) 여행의 서울 버전으로 차장이 운행을 멈추고 종을 흔들면 페달을 밟아 동력을 보태야 한다. 여럿이 함께 페달을 굴리는 색다른 재미가 있는 데다가 검표원 겸 가이드의 문화해설까지 곁들여지기 때문에 여행의 즐거움이 배가 된다. 어른들에게는 지난 추억을 소환하는 시간을, 아이들에게는 색다른 문화체험을 해보는 소중한 시간을 선사하는 특별한 여행을 즐길 수 있다.",,"- 평일 08:30~17:00<br>
- 주말 08:30~16:30<br>
※ 자세한 사항은 유선 문의",,,
1829586,12,윌리엄해밀턴쇼 동상,서울특별시 은평구 녹번동,153-59 (은평평화공원 내),22,126.9235138297,37.6051543264,,http://tong.visitkorea.or.kr/cms/resource/84/3571684_image2_1.jpg,Type1,VE,VE01,VE010500,"이곳은 미국 선교사 윌리엄 얼 쇼(William Earl Shaw, 서위렴)의 아들로 평양에서 태어나 한국인 친구들과 자라난 윌리엄 해밀턴 쇼(William Hamilton Shaw, 서위렴 2세)가 목숨을 바쳐 한국을 사랑한 이야기가 서려있는 곳이다. 그는 한국 선교사로 일하기 위해 하버드에서 박사 학위 과정을 밟던 중 한국 전쟁이 일어난 소식을 듣자 자기 가족들의 안위와 젊은 자신의 빛나는 미래를 뒤로 하고 해군 대위로 자원 참전하였다. 인천상륙작전 시 정보장교로서 작전 성공에 기여하였으며, 서울 탈환 부대를 이끌며 진격하던 중 1950년 9월 22일 서울 은평구 녹번동에서 기관총으로 중무장한 북한군의 공격을 받고 28세 일기로 전사하였다. 윌리엄 해밀턴 쇼 대위를 우리 정부로부터 을지무공훈장을, 미국 정부로부터는 은성무공훈장을 각각 추서 받았으며, 2023년 윌리엄 해밀턴 쇼 대위는 한국전쟁 시 군목으로 참여한 그의 아버지 윌리엄 얼 쇼(목원대학교의 전신인 ‘감리교대전신학원’의 창립이사이자 신약학 교수)와 함께 ‘한·미 참전용사 10대 영웅’으로 선정되었다. 숭고한 희생을 널리 전하고자 조형물을 건립하였다.","<a href=""http://mfis.mpva.go.kr/memorial/movementView.do?sid=280&memorialType=true&gubunCode=ALL&pageIndex=1&searchCondition=%EC%A0%9C%EB%AA%A9&searchKeyword=%EC%9C%8C%EB%A6%AC%EC%97%84"" target=""_blank"" title=""새창 : 국가보훈부 현충시설정보서비스로 이동"">http://mfis.mpva.go.kr</a>",상시 개방,연중무휴,,
2743740,12,육영재단 어린이회관,서울특별시 광진구 광나루로 441,,6,127.0781902704,37.5470527467,,http://tong.visitkorea.or.kr/cms/resource/37/3393937_image2_1.JPG,Type3,EX,EX07,EX070200,"어린이회관은 어린이들의 복지 증진과 보육 환경을 조성하는 것을 목적으로 재단법인 육영재단이 설립한 복지 회관이다. 어린이를 위한 다양한 교육, 전시, 문화, 체육 시설들이 갖춰져 있으며, 10,000㎡ 규모의 과학관(지하 1층, 지상 4층)과 6500㎡ 넓이의 문화관(지상 2층)으로 나뉘어 다양한 어린이 관련 행사와 체험전이 운영되고 있다. 실내 놀이터를 무료로 이용할 수 있으며, 겨울에는 눈썰매장을 개장 운영한다. 1970년 서울 남산에 설립 개관되어 운영되었다가 1975년에 현재의 위치로 이전했다.","<a href=""http://www.yookyoung.org/"" target=""_blank"" title=""새창 : 어린이회관 홈페이지로 이동"">www.yookyoung.org</a>",09:00~18:00,"매주 토요일, 일요일",,
2777943,12,윤극영가옥,서울특별시 강북구 인수봉로84길 5 (수유동),,3,127.0108963517,37.6465233063,,http://tong.visitkorea.or.kr/cms/resource/75/3467875_image2_1.jpg,Type3,HS,HS01,HS010500,"서울특별시에선 근현대 문화유산 중 미래 세대에게 전달할만한 가치가 있는 보물을 ‘서울 미래유산’으로 선정·관리하고 있다. 국립 4·19 민주묘지, 문익환 가옥 등이 여기에 꼽혔는데, 윤극영 가옥은 그 가운데 가장 먼저 선정됐다는 점에서 각별한 의미를 지닌다. 1920~30년대에 활발하게 활동했던 윤극영은 동요 ‘반달’, ‘설날’, ‘우산 셋이 나란히’, ‘고드름’ 등을 작곡했다. 우리나라 최초의 동요집인 ‘반달’을 제작해 '반달 할아버지'로도 불린다. 생전에 그가 머물렀던 가옥은 현재 반달 문화원으로 쓰이며 방문객들을 반갑게 맞이한다. 윤극영의 유품들이 전시된 공간은 오랜 세월의 흔적이 더해져 마치 할아버지댁에 온 것처럼 마음이 편안해진다. 은은하게 흐르는 동요 멜로디는 어린 시절 추억을 떠올리게 만든다.","<a href=""https://yoonkyhouse.com/"" target=""_blank"" title=""새창 : 윤극영가옥 홈페이지로 이동"">https://yoonkyhouse.com/</a>","- 화요일~토요일 10:00~18:00<br>
- 일요일 10:00~17:00",매주 월요일 / 설·추석 당일,,
2993372,12,윤동주 하숙집 터,서울특별시 종로구 옥인길 57,,23,126.9656884317,37.5815022773,,http://tong.visitkorea.or.kr/cms/resource/61/3536361_image2_1.jpg,Type1,HS,HS01,HS011200,"비운의 천재 시인 윤동주가 머물렀던 하숙집 터이다. 시인은 1938년 연희전문학교(현 연세대학교)에 입학하면서 학교 기숙사, 북아현동, 서소문 일대에서 하숙을 했는데 1941년 5월부터 9월까지 ‘종로구 누상동 9번지’에서 살았다고 전해진다. 이곳은 평소 시인이 존경하던 소설가 김송의 집으로 불과 다섯 달 정도의 짧은 기간 머물렀지만, 이 하숙집에서 ‘별 헤는 밤’과 ‘자화상’을 포함해 주옥같은 열 편의 시를 써냈기에 오늘날 의미가 있는 공간으로 되새겨지며 방문객의 발길이 끊이질 않는다. 
실제 윤동주 시인이 머물던 당시에는 기와로 된 한옥이었으나 지금은 옛 모습은 사라지고 다세대주택 담벼락에 ‘윤동주 하숙집’이라는 안내판만 붙어 있다. 하숙집에서 180미터 정도 들어가면 인왕산 입구인 수성동 계곡이 나온다. 훗날 시인의 벗이자 당시 룸메이트였던 정병욱 서울대 교수는 “아침 식사 전에 누상동 뒷산 인왕산 중턱까지 산책을 하고, 산골짜기 아무 데서나 세수를 하고 방으로 돌아와 청소를 끝내고 조반을 마친 후 학교에 갔다.”라고 이 시절을 회고하기도 했다. 한국인이 사랑하는 국민 시인 윤동주의 속살을 잠시나마 엿보는 듯한 기분과 무엇이 어린 시인에게 영감을 주었을까 하는 호기심이 사람들의 발길을 붙잡는 이색 명소다.","<a href=""https://tour.jongno.go.kr/tourMain.do"" target=""_blank"" title=""새창: 종로 문화관광 홈페이지로 이동"">https://tour.jongno.go.kr/tourMain.do</a>",상시 개방,연중무휴,,
2787181,12,윤동주시인의언덕,서울특별시 종로구 청운동,,23,126.9662158908,37.5910539539,,http://tong.visitkorea.or.kr/cms/resource/39/3354039_image2_1.jpg,Type3,VE,VE03,VE030500,"한국인이 가장 좋아하는 일제 강점기 저항 시인 윤동주(1917~1945) 시인을 기리는 이 언덕은 서울 종로구 청운동 인왕산 자락 청원공원 내에 자리해 있다. 시인 윤동주는 연희전문학교에 다니던 1941년 종로구 누상동에 있는 후배 소설가 김송의 집에서 하숙했었는데 그는 이때 청운동과 누상동 일대를 산책하며 시상을 가다듬으면서 <서시>, <별 헤는 밤>, <또 다른 고향> 같은 대표작을 썼다고 한다. 청운동에 윤동주 시인의 언덕이 들어선 이유이다. 저녁 무렵 하숙집 근처 이 언덕에서 해지는 서울 풍경을 바라보며 조국의 어두운 현실에 가슴 아파하면서 시상을 떠올렸을 것으로 생각된다. 서시의 시비를 비롯해 가수 이승환과 그의 팬들이 기증한 소나무 10그루, 시인의 주옥같은 시를 새겨 넣어 눈으로 감상할 수 있게 한 돌계단 등으로 모습을 갖추고 있다. 서시의 시비 앞에는 ‘서울 밤 경’ 표지판이 세워져 있는데 윤동주 시인의 언덕에서 야경 보기 좋은 곳임을 안내하고 있다. ‘윤동주 소나무’로 불리는 소나무가 위치 한 곳도 해넘이 구간으로 일몰을 감상하며 사색하기 좋은 곳으로 이름나 많은 사람들이 혼자서도 찾는 곳이다. 윤동주 시인의 언덕은 2012년 7월 용도 폐기된 청운 수도가압장을 리모델링해서 조성한 윤동주문학관과도 이어져 있으며, 맞은편에 창의문이 있다.",,상시 개방,연중무휴,,
250134,12,율곡로,서울특별시 종로구 율곡로,(원남동) 일대,23,126.9944914897,37.5769838749,,http://tong.visitkorea.or.kr/cms/resource/06/3568306_image2_1.jpg,Type1,HS,HS01,HS011200,"율곡로는 고궁 돌담과 가로수가 어우러진 도로이다. 원래는 창경궁과 종묘가 붙어 있었으나 1931년 일제강점기 일본이 민족 말살 정책의 하나로 창경궁과 종묘를 나누어 그 가운데 길을 냈는데 그것이 바로 율곡로이다. 아픈 역사를 간직한 율곡로는 지금 고풍스러운 돌담과 도로를 따라 늘어선 가로수가 어우러져 고즈넉한 분위기를 자아낸다. 이 길이 지나는 관훈동에 조선의 대표적인 유학자 율곡 이이가 살았던 곳이 있어 그의 호를 붙여 율곡로라는 이름으로 부르게 되었다. 동십자각에서 이화동 사거리를 거쳐 동대문에 이르는 폭 30m, 연장 3㎞의 동서를 잇는 주요 간선도로로 미관이 우수하다.",,상시 개방,연중무휴,,
2751890,12,은곡마을공원,서울특별시 강남구 세곡동 369-3,,1,127.1004821483,37.4681123124,,http://tong.visitkorea.or.kr/cms/resource/60/3397460_image2_1.JPG,Type3,VE,VE03,VE030100,"서울 강남구 세곡동 자연마을인 은곡마을에 위치한 근린공원으로, 어린이 놀이시설과 다양한 운동시설, 분수가 있다. 은곡마을은 과거에 막은골이라고 한 것에서 유래했는데, 막은골은 나무를 심어서 마을 입구를 막은 데서 유래되었다고 한다.
공원에 들어서면 다양한 나무와 꽃들이 반겨준다. 봄에는 벚꽃이 만개하고 여름에는 시원한 그늘을 제공하며, 가을에는 다채로운 단풍잎들을 구경할 수 있다.
사진 촬영을 하기에 정말 좋은 장소이다. 또한 이곳은 tvN 드라마 <또 오해영> 촬영 장소이기도 하다.",,상시 개방,연중무휴,,
2724392,12,은평한옥마을,서울특별시 은평구 연서로50길 7-10 (진관동),,22,126.9392252587,37.6413948373,,http://tong.visitkorea.or.kr/cms/resource/24/3530324_image2_1.JPG,Type1,HS,HS01,HS010600,"은평한옥마을은 은평구 진관동에 있는 현대식 한옥마을이다. 북촌과 서촌에 이어 새롭게 만들어졌다. 국립공원 북한산, 그리고 진관사와 어우러진 역사 문화 마을이다. 
은평한옥마을은 개인에게 한옥만을 지을 수 있게 토지를 분양해서 소유주의 취향에 따라 한옥마다 모양과 나무색이 달라서 보는 즐거움이 있다. 또한, 산책로와 카페 등 편의시설을 갖추고 있어 나들이를 즐기기에 적당하다. 
이곳은 주민들이 거주하는 민가 지역이므로 상업시설을 제외한 대부분의 곳은 한옥마을 주민들이 거주하거나 개인 사유지이기에 한옥 내부 관람은 불가하다. 다만 일부 가옥의 경우 소유주의 허락을 받으면 내부 관람이 가능하다.","은평문화관광 <a href=""https://eptour.kr/v2/layout/contents.php?b_um=02&m_um=01&s_um=01"" target=""_blank"" title=""새창: 은평문화관광 홈페이지로 이동"">https://https://eptour.kr</a>",상시 개방,연중무휴,,
2591826,12,음식문화특화거리(깔깔거리),서울특별시 구로구 디지털로32길 97-21,,7,126.9008665369,37.4838874594,,http://tong.visitkorea.or.kr/cms/resource/54/3392954_image2_1.JPG,Type3,VE,VE04,VE040100,"지하철 2호선 구로디지털단지역 인근에 형성 음식 거리이다. 청결하고 간소한 상차림으로 낭비적인 음식문화 개선에 앞장서고 있는 구로구의 우수음식점들이 밀집되어 있다.
깔깔거리의 의미는 음식점은 깔끔하게 음식을 차리고 이용객은 깔끔하게 남기지 않고 먹고 간다고 해서 이 독특한 이름이 붙여지게 되었다고 한다. 이곳의 음식점 중 손님이 안심하고 믿고 먹을 수 있는 음식을 제공하는 음식점으로 구청에서 인증한 깔깔가맹점에서는 깔끔하게 식사를 마친 손님들에게는 음식값의 2%를 할인(포인트 적립)해 준다. 또 손님이 먹고 남긴 음식은 포장 용기에 싸갈 수 있게 하는 등 음식 문화개선을 위해 노력하고 있다.
깔깔거리 내에는 유명한 맛집들도 많고 주변 사무실에서 근무하는 회사원들도 많이 찾아오는 곳으로 저녁 시간대에는 많은 유동 인구로 붐비는 곳이다.","<a href=""https://www.guro.go.kr/health/contents.do?key=1407"" target=""_blank"" title=""새창 : 구로구청 홈페이지로 이동"">www.guro.go.kr</a>",점포 별로 상이함,점포 별로 상이함,,
2757822,12,응봉체육공원,서울특별시 성동구 응봉동,,16,127.0374160667,37.5519542217,,http://tong.visitkorea.or.kr/cms/resource/53/3455553_image2_1.JPG,Type3,VE,VE03,VE030500,"서울 성동구 응봉산 아래 중랑천 변에 위치한 체육공원으로 축구, 테니스, 야구 등 다양한 종목의 스포츠를 즐길 수 있는 시설이 있다. 시원하게 뚫린 천변에 인조 잔디가 깔린 축구장과 화려한 색깔로 새롭게 변신한 농구장이 인기가 많으며, 운동에 관심 있는 구민들의 이용이 나날이 늘어가고 있다. 개보수를 하면서 안전 펜스와 안전 패드를 설치해 더욱 안전하게 농구를 즐길 수 있다. 축구장, 풋살장, 족구장은 성동구도시관리공단 홈페이지를 통해 대관 신청을 해야 사용할 수 있다.","<a href=""https://sports.happysd.or.kr/fmcs/184"" target=""_blank"" title=""새창 : 성동구도시관리공단 공식 홈페이지로 이동"">https://sports.happysd.or.kr</a>",06:00~22:00,1월 1일 / 설·추석 연휴,,
713110,12,응암동 감자국 거리,서울특별시 은평구 응암로 172 (응암동),,22,126.9167149563,37.5872673957,,http://tong.visitkorea.or.kr/cms/resource/38/3465038_image2_1.jpg,Type3,VE,VE04,VE040100,"장충동에 족발이 있고 청진동엔 해장국이 있다면 응암동엔 감자탕이 있다. 응암동 대림시장에 있는 응암동 감자국 거리에 가면 어느 집에 들어가도 실패하지 않을 감자국 전문점들이 버티고 있다. 응암동에서는 감자탕을 감자국이라고 하는데 감자탕은 올림말이고 감자국은 내림말이라고 한다. 누구나 즐길 수 있는 서민적인 음식이라는 의미를 강조하기 위해 응암동에서는 감자국이라고 한다. 응암동에서 감자국을 팔기 시작한 것은 1980년대 중반부터 라고 한다. 대림시장에 있던 식당에서 돼지 뼈를 우린 국물에 감자, 우거지 등을 넣고 끓인 감자국을 팔기 시작했고, 인기가 알려지자 1980년대 후반부터는 타 지역에도 감자국(감자탕) 전문 식당이 생기기 시작했다. 제대로 된 국물 맛을 내기 위해 많은 돼지뼈와 감자를 갖다 버렸다는 원조의 감자육수 제조비법은 절대 다른 곳에서는 흉내 낼 수 없을 것이다. 원조 감자국의 차이를 체감하고 싶다면 오늘 당장 응암동 감자국 거리로 떠나보자.","<a href=""https://korean.visitseoul.net/attractions/%EB%8C%80%EB%A6%BC%EC%8B%9C%EC%9E%A5-%EA%B0%90%EC%9E%90%EA%B5%AD%EA%B1%B0%EB%A6%AC_/32546"" target=""_blank"" title=""새창 : 서울 공식 관광정보 홈페이지로 이동"">https://korean.visitseoul.net/</a>",10:00~24:00 <br> ※ 점포별 상이,,,
1829827,12,의열사(용산),서울특별시 용산구 효창원로 177-18,,21,126.9605427036,37.5452647296,,http://tong.visitkorea.or.kr/cms/resource/79/3550679_image2_1.jpg,Type1,HS,HS01,HS010900,"의열사는 효창공원 내에 묘역이 있는 애국 선열들의 영정을 모신 사당으로, 대한민국 임시정부 주석 김구, 임시정부 요인(임정 의정원 초대 의장 이동녕, 군무부장 조성환, 비서장 차이석), 3의사(이봉창, 윤봉길, 백정기 선생) 등 7인의 영정이 모셔져 있다. 대한민국 임시정부 수립 60주년인 1979년 4월 13일 합동 추모제전을 봉행하였으며, 해마다 임시정부 수립 기념일에 연례적으로 제전을 봉행해 오고 있다.",,09:00~18:00,주말 / 공휴일,,
2667611,12,이대거리,서울특별시 서대문구 대현동,,14,126.9424606606,37.5579323782,,http://tong.visitkorea.or.kr/cms/resource/29/3467629_image2_1.jpg,Type3,VE,VE04,VE040100,"이화여대 정문에서 신촌 기차역까지 사이사이 이어지는 골목거리이다. 패션산업 부진으로 한때 공실이 많았으나 2017년 청년창업가 중심의 감각 있는 점포가 입점하기 시작하면서 되살아난 골목이다. 테이크아웃 가능한 카페 및 작은 음식점이 골목골목 이어져 있고 패션의 메카답게 의류, 미용실, 화장품, 구두, 액세서리, 네일숍 등 특색 있는 점포들로 볼거리가 풍부하다. 

(출처 : 서대문구청 홈페이지)","<a href=""https://www.sdm.go.kr/culture/attraction/sub2050.do#subContents""target=""_blank"" title=""새창: 서대문구 문화관광"">https://www.sdm.go.kr/culture/index.do</a>",상시 개방,연중무휴,,
126701,12,이랜드크루즈(한강유람선),서울특별시 영등포구 여의동로 280 (여의도동),,20,126.9390341239,37.5250139197,,http://tong.visitkorea.or.kr/cms/resource/80/3567180_image2_1.jpg,Type3,EX,EX07,EX070100,"한강유람선은 1986년 10월 26일에 서울특별시의 중심부를 동서로 가로지르는 유람선을 첫 취항하여 운항을 개시하였다. 현재 ㈜이랜드크루즈에서 여의도와 잠실을 중심으로 2개의 터미널을 운영하고 있다. 이랜드크루즈에서는 한강의 아름다운 낮 경치를 관람할 수 있는 스토리크루즈와 야경과 함께 반포대교 달빛무지개분수를 관람할 수 있는 뮤직크루즈, 야경과 감미로운 재즈 공연이 함께하는 달빛크루즈와 같은 상품을 만나볼 수 있다. 이 밖에도 고품격 선상 뷔페 상품인 런치 뷔페크루즈와 디너 뷔페크루즈에서 이랜드크루즈 수석 셰프의 다양한 호텔식 식사를 즐길 수 있다. ㈜이랜드크루즈는 한강이라는 천혜의 도심 속 자원을 문화와 관광이 어우러진 복합적인 테마파크로 개발, 서울을 상징하는 명소로 발전시키고자 하는 의지를 가지고 있다. 또한 한강을 전 세계적인 관광명소로 육성, 발전시키기 위하여 외국인들에게도 친근하게 다가갈 수 있도록 운영되고 있다.","<a href=""http://www.elandcruise.com/"" target=""_blank"" title=""새창: 이크루즈 공식 홈페이지로 이동"">http://www.elandcruise.com</a>","- 월요일 15:00~22:00<br>
- 화요일~금요일 13:00~22:00<br>
- 주말 11:00~22:00",연중무휴,,
1835201,12,이원등 상사상,서울특별시 용산구 양녕로 446 (이촌동),,21,126.9592824935,37.5174179428,,http://tong.visitkorea.or.kr/cms/resource/72/3517372_image2_1.jpg,Type1,VE,VE01,VE010500,"한강의 노들섬에 있는 이원등상사상은 거룩한 전우애와 희생정신을 보여준 이원등 상사의 정신을 본받기 위해 세운 동상이다.이원등 상사는 1966년 2월 4일 공수특전단 고공 침투 낙하 조장으로 고공강하 훈련 중 동료의 낙하산이 기능 고장을 일으키자, 전우의 낙하산을 개방시켜주고 자신은 한강에 추락하여 순직하였다. 그의 거룩한 전우애와 희생정신을 길이 본받기 위하여 육군에서 1966년 2월 16일 이원등상사 기념사업위원회를 구성하여 전 장병의 정성어린 성금으로 동상을 세웠다. 이후 오랜 세월 속에 훼손된 동상을 특수전부대 전 장병의 뜻을 모아 1998년 6월 5일 새롭게 단장하였다. 노들섬은 복합문화공간으로 라이브하우스, 노들서가, 노들갤러리, 노들라운지, 다목적홀 등의 많은 즐길거리가 있다.","<a href=""http://mfis.mpva.go.kr/memorial/movementView.do?sid=1564&memorialType=true&gubunCode=ALL&pageIndex=1&searchCondition=%EC%A0%9C%EB%AA%A9&searchKeyword=%EC%9D%B4%EC%9B%90%EB%93%B1"" target=""_blank"" title=""새창: 현충시설정보서비스 홈페이지로 이동"">http://mfis.mpva.go.kr/memorial/</a>",상시 개방,연중무휴,,
2373363,12,이재명 의거지,서울특별시 중구 명동길 74,(명동2가),24,126.9866120317,37.5636019553,,http://tong.visitkorea.or.kr/cms/resource/05/3412205_image2_1.JPG,Type3,HS,HS01,HS011200,"이재명 의거지는 1909년 12월 22일, 청년지사 이재명이 친일 매국노 이완용을 처단하기 위해 의거한 곳이다. 매국노 이완용이 거만한 모습으로 인력거를 타고 앞으로 지나갈 때 비수를 들고 이완용에게 달려들어 이완용의 허리를 찌르고, 대한독립만세를 외치던 중, 경호하던 일경들의 칼에 하체가 상하게 되어 붙잡혀 1910년 9월 30일 순국하였다. 이에 이재명 지사를 기리기 위하여 서울시에서 표지석을 설치하였다. 

(출처 : 국가보훈부)","<a href=""http://mfis.mpva.go.kr/memorial/movementView.do?sid=725&memorialType=true&gubunCode=ALL&pageIndex=1&searchCondition=%EC%A0%9C%EB%AA%A9&searchKeyword=%EC%9D%B4%EC%9E%AC%EB%AA%85&searchSido=%EC%84%9C%EC%9A%B8&searchSigungu=%EC%A4%91%EA%B5%AC"" target=""_blank"" title=""새창 : 국가보훈처 현충시설 홈페이지로이동"">http://mfis.mpva.go.kr</a>",상시 개방,연중무휴,,
2373364,12,이충순 자결 터,서울특별시 중구 서소문로 88 (순화동),,24,126.9710107321,37.5616074626,,http://tong.visitkorea.or.kr/cms/resource/13/3385013_image2_1.JPG,Type3,HS,HS01,HS011200,"이충순 자결 터는 일본군과 대치하던 중 자결하여 순국한 곳이다. 이충순 지사는 충청남도 홍성 출신이다. 일찍이 군대에 들어가 1902년 7월에 육군보병 참위로 임관되었다. 1905년에 군인구락부를 조직하고 구국운동을 전개하였다. 1907년 정미7조약이 체결되고 이어서 비밀각서에 의하여 한국군마저 강제 해산되기에 이르렀다. 8월 1일 시위대가 전격적으로 해산당하자 이를 거부하였고 미리 파견된 일본군과 경성에서 접전하던 중 크게 상처를 입었다. 일본군에게 사로잡히게 될 위기에 처하자, 그는 자결하여 체포당하는 수모를 받지 않았다. 정부에서는 고인의 공훈을 기리어 1990년에 건국훈장 애국장(1977년 건국포장)을 추서 하였다. 중앙일보 빌딩 앞 화단에 서울시에서 설치한 표지석이 자리하고 있다.","<a href=""http://mfis.mpva.go.kr/memorial/movementView.do?gubunCode=ALL&sid=2202&pageIndex=1&searFacilgubun=&searTopicsort=&searAddr_sigun=&searMpvabranch=&searVR=&searInfo=&searGbn=tit&searTxt=%EC%9D%B4%EC%B6%A9%EC%88%9C"" target=""_blank"" title=""새창 : 국가보훈처 현충시설 홈페이지로이동"">http://mfis.mpva.go.kr</a>",상시 개방,연중무휴,,
1835206,12,이탈리아 의무부대 6·25전쟁 참전기념비,서울특별시 영등포구 신길로 190 (신길동),,20,126.9110621200,37.5091235992,,http://tong.visitkorea.or.kr/cms/resource/62/3476962_image2_1.JPG,Type3,HS,HS02,HS020100,"6·25전쟁 당시 이탈리아는 UN의 비회원국이었지만 국제적십자연맹의 구조 도움 호소로 1951년 10월 16일 의무장교 6명, 행정관 2명, 약제사 1명, 군목 1명, 간호사 6명, 하사관 6명, 사병 45명 등 67명을 우리나라에 파견, 서울우신초등학교에 의무부대를 주둔시켰다. 이탈리아 의무부대는 전사상자뿐 아니라 민간이 치료까지 담당하여 1955년 1월 30일까지 군인과 우리 국민 등 23만 명을 치료하였고, 특히 민간인 기생충 박멸에 심혈을 기울였으며, 1952년 9월 17일 영등포 열차 사고 때에는 신속하게 조치하여 인명 피해를 최소화하였다. 1989년 6월 2일 주한 이탈리아 대사 그라치엘라 심볼로띠가 이탈리아 의무부대의 숭고한 헌신을 기리기 위해 당시 주둔지였던 서울우신초등학교 교사 벽면에 기념표석을 설치하였으나, 1999년 7월 말 등 건물이 철거되자 대한민국 국가보훈부의 지원으로 1999년 8월 10일 현 위지에 비를 세워 이전 설치하였다.","<a href=""http://mfis.mpva.go.kr/memorial/movementView.do?sid=1276&memorialType=true&gubunCode=ALL&pageIndex=1&searchCondition=%EC%A0%9C%EB%AA%A9&searchKeyword=%EC%9D%B4%ED%83%88%EB%A6%AC%EC%95%84+%EC%9D%98%EB%AC%B4%EB%B6%80%EB%8C%80"" target=""_blank"" title=""새창 : 국가보훈부 현충시설정보서비스로 이동"">http://mfis.mpva.go.kr</a>",상시 개방,연중무휴,,
2650771,12,이태원 우사단길,서울특별시 용산구 한남동,763-7,21,126.9984451642,37.5326085465,,http://tong.visitkorea.or.kr/cms/resource/39/3467539_image2_1.jpg,Type3,VE,VE04,VE040100,"우사단길은 한국적 정서와 이국적인 분위기가 어우러진 곳이다. 파키스탄, 터키, 이집트, 레바논, 인도 등지의 음식점과 아랍어로 적힌 간판, 히잡과 터번을 쓴 이방인이 어우러져 이국적인 분위기가 짙으며, 오래된 집과 골목이 오밀조밀 이어지는 주택가로 한국적 정서와 분위기를 간직하고 있다. 2010년대 초반부터는 젊은 예술가와 청년 창업자들이 우사단길로 들어와 개성 넘치는 공간을 만들어냈다.",,점포별 상이,점포별 상이,,
2946228,12,익선동 한옥거리,,서울시 종로구 익선동,23,126.9901419773,37.5737675037,,http://tong.visitkorea.or.kr/cms/resource/22/2947522_image2_1.jpg,Type1,VE,VE04,VE040100,"'플레이 서울' NCT 편
'플레이 서울'에서 NCT의 제노와 천러가 익선동 한옥거리에서 SNS 감성 핫 플레이스 투어를 선보였다. 골목과 한옥이 어우러진 익선동에서 감성 식당 포토존, 운세 알아보기, 독특한 체험으로 익선동 여행의 재미를 전달했다. 오래된 숙박업소를 개조한 카페로 층마다 분위기가 달라 재미있는 공간인 '호텔 세느장'과 플라워 디퓨저를 만들어 선물하면 좋은 향수 공방 '아씨방앗간'에 들려보자.",,,,,
264353,12,인사동,서울특별시 종로구 인사동길 62 (관훈동),,23,126.9835230884,37.5754616322,,http://tong.visitkorea.or.kr/cms/resource/03/3412103_image2_1.JPG,Type3,EX,EX07,EX070200,"인사동은 도심 속에서 낡지만 귀중한 전통의 물건들이 교류되는 소중한 공간이다. 인사동에는 큰 대로를 중심으로 사이사이 골목들이 미로처럼 얽혀 있다. 이 미로 속에는 화랑, 전통공예점, 고미술점, 전통찻집, 전통음식점, 카페 등이 밀집되어 있다. 특히 인사동의 가게들은 저마다의 독특한 멋으로 젊은이들은 물론 중년층에게까지 매우 인기가 많다. 그중에서도 화랑은 인사동의 맥을 이어온 중심이다. 이곳에는 100여 개의 화랑이 밀집되어 있는데 한국화에서 판화, 조각전까지 다양한 전시회를 감상할 수 있다. 대표적인 화랑으로는 민중미술의 중심역할을 했던 학고재, 재능 있는 작가들의 터전이 되었던 가나화랑, 가나아트센터 등이 있다. 만약 인사동의 유명한 화랑만을 골라서 편하게 구경하고 싶다면 미술관 순화버스를 이용해 보자. 저렴한 가격으로 유명 화랑 10여 곳을 둘러볼 수 있다. 화랑과 함께 인사동 거리를 메우고 있는 것은 바로 전통 찻집과 음식점이다. 처음에는 찾기가 힘들지만, 산책하듯이 천천히 골목골목을 둘러보면 매우 재미있다. 인사동은 매주 토, 일요일마다 차 없는 거리로 지정되어 시민과 함께 하는 문화공간으로 다시 태어났다. 이날은 기존 가게는 물론 거리에는 전통공연과 전시는 물론 엿장수, 사주와 궁합을 보는 할아버지가 함께 한다. 이 속에서 즐거움을 찾는 이들은 바로 각국에서 몰려든 외국인들이다. 한국의 전통문화를 보기 위해 찾아든 외국인 관광객들은 전통가게에서 고물건을 보거나 고미술을 산다. 그리고 거리에 있는 엿을 사고 전통 파전을 먹는다. 도심에서 느끼는 전통의 멋에 빠진 외국인들의 모습도 많이 볼 수 있다.","<a href=""http://www.hiinsa.com/index.php"" target=""_blank"" title=""새창: 인사동 홈페이지로 이동"">http://www.hiinsa.com/index.php</a>",상시 개방,연중무휴,,
1835256,12,일성이준열사동상,서울특별시 중구 동호로 257-8 (장충동2가),,24,127.0038300502,37.5585528510,,http://tong.visitkorea.or.kr/cms/resource/04/3077804_image2_1.JPG,Type3,VE,VE01,VE010500,"일성이준열사동상은 이준 열사의 애국 항일 정신을 기리기 위해 장충단 공원 내에 건립되었다. 이준 열사는 1859년 함남 북청 출신으로 독립협회에 가입하여 1898년 11월의 만민공동회에서 가두연설을 하는 등 적극적으로 활동했다. 1904년 대한보안회를 조직하여 일본의 황무지 개간권 획득을 저지하는 운동을 전개하였으며 일진회에 대항하여 공진회를 조직하고 친일적인 대신들을 규탄했으며 애국계몽 운동에 힘썼다. 1907년 광무황제로부터 네덜란드 헤이그에서 개최되는 만국평화회의에 참석하라는 밀령을 받고 이상설, 이위종과 함께 헤이그에 도착하여 황제의 친서를 전달했으나 일제의 방해로 회의에 참석하지 못하게 되자 일제의 한국 침략을 폭로하고 을사늑약이 무효임을 선언하는 공고사를 공개하여 세계 언론의 여론을 환기했다. 그러나 각국의 언론들이 협조적인 데 비해 열강들이 냉담한 반응을 보이자 이에 분개한 열사는 연일 통탄하다가 순국하였다.","<a href=""http://mfis.mpva.go.kr/memorial/movementView.do?gubunCode=ALL&sid=1560&pageIndex=1&searFacilgubun=&searTopicsort=&searAddr_sigun=&searMpvabranch=&searVR=&searGbn=tit&searTxt=%EC%9D%B4%EC%A4%80/"" target=""_blank"" title=""새창: 국가보훈처 현충시설 정보서비스 홈페이지로 이동"">http://mfis.mpva.go.kr</a>",상시 개방,연중무휴,,
331506,12,자매공원,서울특별시 영등포구 여의대방로 372-1,(여의도동),20,126.9310100514,37.5180729154,,http://tong.visitkorea.or.kr/cms/resource/07/3526907_image2_1.jpg,Type1,VE,VE03,VE030100,"자매공원은 서울시와 터키 앙카라시의 자매결연을 기념하여 터키의 풍물을 주제로 조성된 공원으로, 1977년 5월 개원하였다. 공원 내 앙카라하우스는 앙카라 전통 포도농장 주택 형태의 2층 건물로, 1992년 건립되어 1995년 민속 전시관으로 개관하였다. 내부에는 터키의 전통 생활공간이 재현되어 있으며, 오토만 시대 전통의상과 수공예품을 포함한 800여 점의 민속품이 전시되어 있다. 1층에는 기도실, 거실, 주방이, 2층에는 응접실, 객실, 침실 등이 구성되어 있어 터키의 주거문화를 체험할 수 있다. 공원 곳곳에 설치된 벤치는 도심 속 직장인들에게 인기 있는 휴식 공간으로 활용되고 있다.","<a href=""https://parks.seoul.go.kr/parks/detailView.do?pIdx=73"" target=""_blank"" title=""새창: 홈페이지로 이동"">https://parks.seoul.go.kr/</a>",상시 개방,연중무휴,,
2401757,12,자양동 양꼬치거리 (중국음식문화거리),서울특별시 광진구 자양동,,6,127.0629835156,37.5402227106,,http://tong.visitkorea.or.kr/cms/resource/63/2372563_image2_1.jpg,Type3,VE,VE04,VE040100,"지하철 2호선 · 7호선 건대입구역 5번 출구로 나와 로데오거리를 지나 한강 둔치 방향으로 50m 정도 걸어 내려가면 일명 ‘양꼬치 거리’로 유명한 중국 음식문화거리를 만나게 된다. 중국 교포들이 운영하는 양꼬치 전문점들이 즐비한 이곳은 ‘신 차이나타운’이라고 부르기도 한다. 한국어보다 중국어 간판이 더 많은 곳으로, 양꼬치 전문점이나 퓨전 중국 요리점 등이 있어 서울에서 다양한 음식문화를 느낄 수 있는 명소이다.",,점포별 상이,점포별 상이,,
2611601,12,장수공원(열녀문),서울특별시 양천구 신월동,893,19,126.8476147422,37.5227542163,,http://tong.visitkorea.or.kr/cms/resource/90/3467790_image2_1.jpg,Type3,VE,VE03,VE030100,"신월동 지역의 랜드마크 중 하나인 장수공원은 신정 네거리 ‘물이 흐르는 거리’를 기점으로 신월동 복개도로까지 조성되어 있으며 곳곳에 건강지압로, 배드민턴장 등이 있어 산책과 운동을 겸할 수 있는 공원이다. 물이 흐르는 거리의 해누리 분수광장은 도심 속 아이들의 즐거운 놀이터가 되어주는 친수공원으로 시원함을 선물한다. 장수공원 중앙광장에는 6.25 전쟁 및 월남전에 참전한 국가유공자를 위한 참전유공자명비도 건립되어 있다. 장수공원의 걷고 싶은 길을 따라 걷다 보면 열녀문이 나온다. 이 열녀문의 주인공인 부인 이 씨는 전의 이 씨 명문의 귀한 딸로 태어났으나 일찍 남편과 사별하였는데 사별한 남편에 대한 애통함 때문에 밥을 먹지 않고 단식하여 이십 대 후반에 사망하였다. 이러한 사실을 보고받은 조정에서는 1729년(영조 5년)에 전의 이 씨의 높은 뜻을 기리기 위하여 ‘열녀 학생 원정익 처 전의 이 씨의 문’이라 기록된 현판의 열녀문을 하사하였다.","<a href=""https://www.yangcheon.go.kr/site/yangcheon/ex/bbs/View.do?cbIdx=353&bcIdx=1825"" target=""_blank"" title=""새창: 양천구 "">http://www.yangcheon.go.kr/</a>",상시 개방,연중무휴,,
126491,12,장충단공원,서울특별시 중구 동호로 261 (장충동2가),,24,127.0048160637,37.5588195041,,http://tong.visitkorea.or.kr/cms/resource/56/3077756_image2_1.JPG,Type3,VE,VE03,VE030100,"장충단공원은 항일운동과 관련된 애국충정이 깃든 민족공원이다. 남산의 동북쪽 기슭에 있는 이 공원은 조선 영조 때 도성의 남쪽을 수비하던 남소영이 있던 자리이다.
1895년 8월 20일, 명성황후가 일본의 자객들에 의해 경복궁에서 시해당하는 사건이 발생했다. 당시 궁내부 대신 이경직, 시위대장 홍계훈 등 많은 장병이 일본인들을 물리치다가 죽음을 맞았다. 이에 고종 황제는 그들의 영령을 위로하고자 1900년 11월 장충단이라는 사당을 짓고 1908년까지 매년 춘추로 제사를 올렸다.
원래 장충단은 지금의 신라호텔 영빈관 자리에 있었다. 그러나 사당은 한국전쟁 중 소실되었고 장충단에 세워졌던 비만 남아 1969년 현재의 자리로 옮겨졌다. 1919년 일제가 민족정기를 말살하기 위해 박문사라는 절을 세우고 장충단 자리에 공원을 조성했는데, 광복 후 모두 철거되었다.
1984년 9월 22일 근린공원이 된 장충단공원은 자연공원인 남산공원의 일부로 흡수, 합병되었다. 나머지 구역은 장충단공원이라는 예전의 이름 그대로 불리고 있다. 장충단공원 일대는 장충단비, 수표교, 승정전, 관성묘, 와룡묘 등 문화재를 비롯하여 3·1운동 기념비, 한국유림독립운동파리장서비, 만해 한용운 시비와 유관순, 이준, 김용환 선생 동상 등이 있다.",,상시 개방,연중무휴,,
699279,12,장충동 족발 골목,서울특별시 중구 장충단로 174 (장충동1가),,24,127.0058964795,37.5602915750,,http://tong.visitkorea.or.kr/cms/resource/72/3589072_image2_1.jpg,Type1,VE,VE04,VE040100,"52년 전 지금의 장충동 족발거리에서 조금 떨어진 곳에 만정 빌딩이라는 건물이 있었는데 그곳에 두 개의 족발집이 문을 열면서 장충동 족발집의 역사는 시작됐다. 그 두 족발집은 1년 터울을 두고 문을 열었고 지금까지 족발거리에서 장사를 하고 있다. 맨 처음 문을 연 한 식당에서 처음부터 족발을 메뉴에 올린 것은 아니다. 빈대떡과 만두를 주메뉴로 식사와 술을 팔던 그 식당에서 손님들이 든든하면서도 싸게 먹을 수 있는 술안주를 원했고 주인 아주머니는 어릴 때 기억을 되살려 족발을 안주에 올리게 됐던 것이다. 그 집 아주머니의 고향은 평북 곽산, 그러니까 평안북도에서 먹었던 족발 요리가 장충동에 터를 잡게 됐다. 그 아주머니의 어머니가 겨울이면 돼지를 통째로 잡아 걸어 놓고 고기 요리를 해줬는데 그중 꼬들꼬들하게 마른 족발 요리의 맛이 아주머니의 입맛과 마음에 남아있었다. 이렇게 시작된 장충동 족발은 70년대 후반과 80년대 초반을 거치면서 이름을 타게 되고 덩달아 지금의 족발거리에 식당들이 줄지어 생기기 시작했다. 이렇게 만들어지기 시작한 게 장충동 족발거리다. 지금도 큰길과 좁은 골목에 10여 집이 옹기종기 모여 옛 맛을 지켜가고 있다. 그때부터 지금까지 사람들의 변치 않는 사랑을 받으며 수십 년 동안 족발거리의 명성을 지켜온 것은 푸짐하고 맛 좋은 족발 때문일 것이다. 족발을 만드는 집마다 그 맛의 차이가 조금씩 난다는 게 이 거리의 아주머니들 설명이다. 족발 거리에서 족발과 함께 빈대떡과 파전 등 곁들여 나오는 다른 음식도 즐겨볼 만하다.","비짓서울 <a href=""https://korean.visitseoul.net/restaurants/%EC%9E%A5%EC%B6%A9%EB%8F%99-%EC%A1%B1%EB%B0%9C%EA%B3%A8%EB%AA%A9_/29047"" target=""_blank"" title=""새창 : 비짓서울 홈페이지로 이동"">https://korean.visitseoul.net/restaurants</a>",점포 별로 상이함,점포 별로 상이함,,
126528,12,절두산 순교성지,서울특별시 마포구 토정로 6 (합정동),,13,126.9118749340,37.5446417087,,http://tong.visitkorea.or.kr/cms/resource/76/3571776_image2_1.jpg,Type1,HS,HS03,HS030200,"절두산은 원래 누에의 머리와 비슷하다고 하여 잠두봉이라 불렀다고 한다. 1866년 2월 프랑스군함이 천주교탄압을 문제 삼아 한강을 거슬러 양화진과 서강까지 진입하였다. 이에 격분한 대원군은 수많은 천주교인들을 잠두봉에서 목을 베어 참수케 한다. 그 뒤로 머리를 잘랐다 하여 절두산(切頭山)이라는 지명을 얻게 되었다. 한국 천주교회에서는 병인박해(1866년) 순교 100주년을 기념하여 1967년 10월 순교 기념관을 개관하였다. 현재 절두산성지 내에는 한국 천주교회 관련 사료와 유물·유품전시관, 28위의 성인유해를 모신 유해실, 순례성당, 순교자 교육관을 비롯하여, 야외 전시관이 있다. 절두산 순교 성지는 생명을 바쳐 믿음을 증거 한 한국 천주교회 신앙 선조들의 순교정신이 살아 숨 쉬는 뜻깊은 성지이다.","<a href=""http://www.jeoldusan.or.kr/renew/"" target=""_blank"" title=""새창 : 절두산 순교성지 홈페이지로 이동"">http://www.jeoldusan.or.kr/renew</a>",09:30~17:00,매주 월요일,,
127308,12,정몽주 동상,서울특별시 마포구 합정동,,13,126.9097666887,37.5483329084,,http://tong.visitkorea.or.kr/cms/resource/92/3401392_image2_1.JPG,Type3,VE,VE01,VE010500,"정몽주동상은 1970년 10월 16일 건립되었으며 합정동 양화대교 입구 녹지대에 있다. 포은 정몽주는 고려 말 문신 학자(1337~1392)로 1360년 문과에 장원하였고 우문관 대제학을 지냈다. 명나라와 일본과의 외교에 능했고 왜구, 여진족 토벌 등 공로가 혁혁하였을 뿐 아니라 의창을 세워 빈민을 구제하고 유학을 보급했으며 성리학에 밝았다. 사회윤리와 도덕의 합리화를 기하며 고려에 충성했으나 국운이 다하고 국가를 이끌 신흥 세력이 등장함에 따라 희생되었다. 단심가 외 많은 한시가 전하며, 서화에도 출중하여 고려 3 은의 한 사람으로 태종 1년(1401)에 영의정에 추증되고 익양부원군에 추봉 되고 중종 때 문묘에 배향되었다.",,상시 개방,연중무휴,,
2591833,12,정선옹주 묘역,서울특별시 구로구 궁동,산1-66,7,126.8278087964,37.5020034970,,http://tong.visitkorea.or.kr/cms/resource/33/3570433_image2_1.jpg,Type1,HS,HS01,HS010800,"구로구 궁동에 있는 조선 후기 정선옹주가 출가했던 안동권씨의 묘역이다. 정선옹주는 조선 14대 임금 선조의 7녀로, 세도가인 안동권씨 집안의 권대임과 결혼해 지금의 구로구 궁동 67번지 일대에서 살았다. 궁동이라는 명칭도 그들이 궁궐 같은 기와집에서 살았던 것에서 유래되었다. 정선옹주 묘역에는 정선옹주 남편 권대임의 묘를 비롯해 여러 기의 안동권씨 무덤이 자리하고 있으며 이 묘역은 흔히 풍수가에 의해 명당 중의 명당으로 꼽힌다. 이들의 묘는 조선 공신 묘역 조성 방식의 귀중한 사례가 되고 있으며, 묘역의 신도비와 묘비는 당시 묘제 연구에 귀중한 자료로 평가받고 있다. 정선옹주묘역 옆에 있는 궁동생태공원은 생태탐방로, 산책로, 쉼터정자, 운동기구 등이 있어 산책하기 좋으며 25,000여 본의 다양한 꽃과 나무가 식재되어 있고 100여 마리의 비단잉어들이 저수지에 노닐고 있는 등 서울에서 보기 드문 아름다운 풍광과 생태 환경을 자랑한다. 정선옹주묘역과 함께 연계하여 방문해 보는 것도 좋다.","<a href=""https://www.guro.go.kr/www/contents.do?key=2994&"" target=""_blank"" title=""새창 : 구로구청 홈페이지로 이동"">https://www.guro.go.kr/www/index.do</a>",상시 개방,연중무휴,,
750927,12,정암사,서울특별시 노원구 덕릉로94길 127 (중계동),,9,127.0849947091,37.6619784001,,http://tong.visitkorea.or.kr/cms/resource/13/3566913_image2_1.jpg,Type1,HS,HS03,HS030100,"정암사는 서울 노원구와 경기 남양주시 별내면 경계에 위치한 불암산 내에 있는 사찰로 대한불교 태고종이다. 정암사에는 조선시대 문화재자료로 서울시 유형문화재 자료 제54호 아미타칠전도와 제322호 예념미타도량참법이 있다고 안내가 되어 있지만 여러가지 이유로 인하여 현재는 문화재 관리청에서 관리를 하고 있다. 다른 사찰들과는 다르게 일주문이 없다. 대웅전을 중심으로 왼쪽에는 불암산이, 오른쪽으로는 도봉산 자운봉이 마주보고 있으며, 앞쪽으로는 노원구 시내를 내려다 볼 수 있다. 비와 물을 다스리는 용신을 모셔놓은 신당인 용왕당에 약사여래불이 모셔져 있고 식수도 있다. 대웅전 뒤 산길을 오르다 보면 둥글게 파여진 석굴 안에 산신전과 관음전이 있다. 불암산 등산로에 있어서 등반 중에 방문할 수 있다.",,,연중무휴,,
128144,12,조계사(서울),서울특별시 종로구 우정국로 55 (견지동),,23,126.9827509785,37.5739784579,,http://tong.visitkorea.or.kr/cms/resource/13/3533413_image2_1.jpg,Type1,HS,HS03,HS030100,"조계사는 대한불교조계종의 총본산 사찰이다. 조계사의 전신 각황사가 1910년 서울 종로 중심지에 창건된 이래 백여 년 동안 조계사는 ‘한국불교 일번지’라는 상징성으로 불자들의 마음속 의지처가 되어 왔다. 
서울 종로 한복판에 자리한 조계사는 시민들에게 도심 속 평화로운 휴식과 여유를 제공하고 있다. 전통을 이어가는 불자들과 도시의 하루를 살아가는 현대인들의 발길 또한 끊이지 않는다. 정갈하게 정돈된 도량은 봄에는 연등, 여름에는 연꽃, 가을에는 국화로 가득 메워진다.
1층의 불교회관은 전시회나 각종 행사 장소로 이용되고 있으며, 이 건물 안에 자리한 불교 신문사에서는 주간으로 불교 신문을 발행하고 있다. 법당 앞에는 1930년에 조성된 7층 석탑이 있다. 석탑 안에는 부처님의 사리가 봉안되어 있는데, 이 사리는 스리랑카의 달마바라 스님이 1914년 한국에 모셔 온 것이다. 이 석탑 양편에는 석등이 자리하고 있으며 법당을 바라보면서 왼편으로 종각이 보인다. 종각에는 큰북과 범종, 운판과 목어가 있어 아침, 저녁 예불 때마다 울린다. 이는 비단 사람들뿐만 아니라 부처님의 깨달음의 말씀을 듣고자 하는 모든 중생들을 위한 것인데 큰북은 네발 달린 짐승을, 범종은 타락하거나 지옥의 고통을 받는 이들을, 운판은 하늘의 날짐승을, 목어는 물에 사는 짐승을 제도하기 위한 것이다.","<a href=""https://www.jogyesa.kr/"" target=""_blank"" title=""새창 : 조계사 홈페이지로 이동"">https://www.jogyesa.kr</a>",상시 개방,연중무휴,,
2553942,12,조선일보 뉴지엄,서울특별시 동작구 현충로 124,,12,126.9671293186,37.5061749444,,http://tong.visitkorea.or.kr/cms/resource/74/3414974_image2_1.jpg,Type3,EX,EX06,EX061000,"조선일보는 1920년 창간된 조선일보 100여 년 역사의 발자취를 한눈에 정리하고, 미디어 체험교육을 할 수 있는 뉴지엄(Newseum)을 개관했다. 뉴스(News)와 박물관(Museum)의 개념을 함께 아우른 공간으로, 2층의 미디어체험관과 3층의 조선일보 역사기념관으로 구성되어 있다. 
역사기념관은 창간호를 비롯한 수많은 유물과 자료를 통해 조선일보의 역사를 보여준다. 한국 신문 발달사 교육장이자 조선일보가 이겨냈던 수많은 시련과 발전과정을 음미하게 해주는 의미 있는 전시공간이다. 그 시대의 사회를 고스란히 담고 있는 신문의 역사를 살펴보고 오늘날 뉴미디어의 지표가 되는 과정을 체험할 수 있다.
미디어 체험관은 미디어 스퀘어, 기자 연수실, AR 활용 취재현장, 방송 스튜디오, VR 뉴스센터, 뉴스 갤러리 등의 코너로 구성되어 있어 체험을 통해 청소년들이 신문, 방송의 제작 현장을 체험해 보며 미디어에 대한 이해를 높일 기회를 갖게 했다. 신문과 방송, VR입체영상 등 첨당정보기술을 접목시킨 복합미디어체험관은 조선일보 뉴지엄이 국내 최초이다.","<a href=""https://newseum.chosun.com/index.jsp"" target=""_blank"" title=""새창 : 조선일보 뉴지엄 홈페이지로 이동"">https://newseum.chosun.com</a>",10:00~18:00 (입장마감 17:30),매주 월요일 / 1월 1일 / 설·추석 연휴,,
1836254,12,존비코올터장군상,서울특별시 광진구 천호대로 662 (능동),,6,127.0888336152,37.5516468495,,http://tong.visitkorea.or.kr/cms/resource/79/3569079_image2_1.jpg,Type1,VE,VE01,VE010500,"서울 어린이대공원 후문 입구 을지문덕장군 동상 맞은편에 있는 존 비 코올터 장군 동상이다. 6·25 전쟁이 끝난 후 초토화된 우리나라의 재건에 힘쓴 공로로 1959년 10월 이태원에 동상을 건립했다. 이후 1977년 서울 어린이대공원으로 이전하였다. 6.25전쟁에서 위기일발의 포항 전투에서 미 제8군 부사령관이었던 존 비 코올터 장군(1891~1983)은 1950년 전쟁 발발 당시 제1군단의 지휘를 맡아 8군의 일부로 활동을 재개하여 북한의 전진을 정지시키는 데 큰 역할을 했으며, 9월 북한에 대해 반격을 위한 지원부대를 통솔했다. 1952년부터 1958년까지 퇴역 이후 국제 유엔 한국 재건단의 단장으로 한국의 재건을 위한 2억 달러 이상의 지출에 대한 감독했다.","<a href=""http://mfis.mpva.go.kr/memorial/movementView.do?gubunCode=HG&sid=577&pageIndex=2&searFacilgubun=&searTopicsort=&searAddr_sigun=&searMpvabranch=&searVR=&searInfo=&searGbn=tit&searTxt=%EC%9E%A5%EA%B5%B0"" target=""_blank"" title=""새창 : 홈페이지로 이동"">http://mfis.mpva.go.kr</a>",05:00~22:00,연중무휴,,
3424542,12,종로 무계원,서울특별시 종로구 창의문로11길 4-1 (부암동),,23,126.9627744300,37.5948701151,,http://tong.visitkorea.or.kr/cms/resource/35/3424735_image2_1.jpeg,Type1,HS,HS01,HS010600,"무계원은 서울 종로구 부암동에 위치한 전통문화 공간으로, 과거 안평대군의 별장이 있던 자리이다. 한옥으로 조성된 이곳은 전시, 공연, 교육 등 다양한 전통문화 프로그램을 통해 한국의 아름다움을 체험할 수 있는 장소이다.",https://www.jfac.or.kr/site/main/content/moogw01,,"월요일, 1월 1일, 설날, 추석날",,
126492,12,종묘광장공원,서울특별시 종로구 종로 157,(훈정동),23,126.9944166605,37.5711956572,,http://tong.visitkorea.or.kr/cms/resource/98/3413898_image2_1.jpg,Type3,VE,VE03,VE030500,"종묘는 조선 왕조의 왕과 왕비, 그리고 사후에 추존된 왕과 왕비의 신주를 모신 사당이다. 종묘 건축물은 문화적, 건축적 가치를 인정받아 1995년 12월 유네스코 세계유산위원회의 정기총회 의결을 거쳐 세계문화유산으로 등록됐다. 공원 안에는 조선왕조 역대 임금들이 종묘를 드나들 때 물을 마셨다는 우물이 다시 만들어졌고 월남 이상재 선생의 동상과 편의시설을 갖춘 녹지대가 만들어져 있다.
종묘 앞 일대 39,669m㎡(1만 2천여 평)의 마당에 주차시설을 갖춘 종묘광장공원은 서울시민들의 휴식 공간으로 널리 이용되고 있다.",,상시 개방,연중무휴,,
1017547,12,중명전,서울특별시 중구 정동길 41-11 (정동),,24,126.9725521115,37.5667846662,,http://tong.visitkorea.or.kr/cms/resource/97/3578397_image2_1.jpg,Type3,HS,HS01,HS010100,"중명전은 대한제국의 중요한 현장이다. 1904년 경운궁(현 덕수궁) 대화재 이후 중명전으로 거처를 옮긴 고종황제의 편전으로 사용되었다. 1905년 11월 을사늑약이 이곳에서 불법적으로 체결되었으며 그 후 을사늑약의 부당함을 국제사회에 알리고자 1907년 4월 20일 헤이그 특사로 이준 등을 파견한 곳도 바로 중명전이다. 한편 중명전은 1925년 화재로 외벽만 남기고 소실된 뒤 재건하여 외국인을 위한 사교클럽으로 주로 쓰이다가 자유당 정부가 들어서면서 국유재산으로 편입되었다. 그러나 1963년 박정희 대통령은 영구 귀국한 영친왕과 이방자 여사에게 중명전을 돌려주었다. 1977년 중명전은 다시 민간에 매각되었고 2003년 정동극장에서 매입한 뒤 2006년 문화유산청에 관리 전환하여 2007년 2월 7일 사적으로 덕수궁에 편입되었다. 2009년 12월 복원을 거쳐 2010년 8월부터 전시관 ‘대한제국의 운명이 갈린 곳, 덕수궁 중명전’으로 일반에 공개하고 있다. 덕수궁 돌담길을 돌아 뒤쪽으로 가면 정동극장이 있고 그 골목으로 들어가면 중명전이 있다. 중명전은 원래 정동지역 서양 선교사들의 거주지에 속해 있다가 1897년 경운궁(현 덕수궁)이 확장되면서 궁궐로 편입되었다. 이때 당호를 수옥헌이라 짓고 주로 황실 도서관 용도로 사용되었으나 1901년 화재로 전소된 후 재건되어 지금과 같은 2층 벽돌 건물의 외형을 갖추게 되었다. 건물의 설계는 독립문, 정관헌 등을 설계한 러시아 건축가 사바찐이 하였다.","<a href=""https://royal.khs.go.kr/ROYAL/contents/menuInfo-dsg.do?grpCode=dsg"" target=""_blank"" title=""새창 : 국가유산청 궁능유적본부 홈페이지로 이동"">https://royal.khs.go.kr/ROYAL</a>",09:30~17:30 (입장 마감 17:00),매주 월요일,,
252529,12,중앙고등학교,서울특별시 종로구 창덕궁길 164,,23,126.9868503170,37.5841440162,,http://tong.visitkorea.or.kr/cms/resource/11/3573511_image2_1.jpg,Type1,HS,HS01,HS011100,"중앙고등학교는 1908년 기호지방의 우국지사들에 의해 설립된 기호학교가 1910년 9월 흥사단이 설립한 융희학교를 합병하여 설립된 학교이다. 1910년 11월 모두 통합하여 중앙학교로 학교 이름을 개칭하였다. 1915년 김성수가 인수하였고, 1917년에는 계산 언덕에 교사를 신축하고 이전하였다. 본관, 서관, 동관 등의 건물을 12월에 준공하였으며 당시의 교사는 2층 벽돌집이었다. 1934년 본관이 화재로 소실되었으나, 1935년 6월 우리나라 근대 건축가이자 고려대학교 본관과 도서관, 조선일보 사옥을 설계한 박동진(1899~1980)의 설계로 다시 착공하여 1937년 9월에 준공하였다. 중앙고등학교 본관, 서관, 동관은 각각 사적으로 지정되어 있다. 본관은 학교 정문에서 바라볼 때 정면에 세워졌으며, 석조 콘크리트 철근 2층의 근대식 건물이다. 좌우가 대칭되는 H자형 평면의 중앙에는 중세 시대 고딕 성관풍의 4층 탑을 두고, 그 좌우로 1층에는 교무실, 2층에는 교실을 두었다. 서관은 1921년 10월에 2층 붉은 벽돌집으로 준공되었으며, 설계자는 확실치 않다. 1934년 화재로 없어진 구 본관 건물(지금의 동상이 있는 곳)을 중심으로 왼쪽에 동관이 있고, 오른쪽에 바로 서관이 자리 잡고 있다. 회백색의 화강암 돌과 붉은 벽돌로 엇물려 지은 이층집이다. 설계자는 일본인 중촌여자평이다. 평면은 T자형이며, 박공면이 돌출해 있다. 이곳에는 모두 교실을 배치하였다. 또한, 3·1운동 이후 조선 소년군 창설, 6·10만세운동, 광주학생운동을 시작한 곳이기도 하다. 동관은 1923년 10월 준공된 2층의 붉은 벽돌집으로 1934년 화재로 소실된 구 본관 왼쪽에 지어져 건너편의 서관과 마주 보고 있다. 서관과 마찬가지로 설계자와 시공자는 기록이 없어 확실하지 않다. 동관의 건물구조와 특징은 서관과 비슷하다. 붉은 벽돌집 슬레이트 이름의 고딕식이다. 평면은 T자형이며, 박공면이 돌출되어 있다.","<a href=""https://choongang.sen.hs.kr/"" target=""_blank"" title=""새창 : 홈페이지로 이동"">https://choongang.sen.hs.kr/</a>",,,,
2758161,12,증산체육공원,서울특별시 은평구 증산로5길 35-27 (증산동),,22,117.9925662504,19.6944274800,,http://tong.visitkorea.or.kr/cms/resource/88/3399888_image2_1.JPG,Type3,VE,VE03,VE030500,"증산체육공원은 서울 은평구에 위치한 종합 체육시설을 갖춘 공원이다. 지역 주민들의 건강 증진과 여가 활동을 위한 공간으로, 사람들이 활기차고 건강한 일상을 즐길 수 있도록 돕는다. 이곳은 다양한 스포츠 활동을 즐길 수 있는 축구장, 농구장, 풋살장, 다목적구장 등의 시설이 마련되어 있다. 또한, 아이들이 뛰어놀기 좋은 액티비티 놀이터, 맨발로 걸을 수 있는 황톳길 등 다양한 휴식공간이 있어 여유로운 시간을 보낼 수 있다.","<a href=""https://www.ep.go.kr/www/contents.do?key=1426"" target=""_blank"" title=""새창 : 은평구청으로 이동"">https://www.ep.go.kr</a>",상시 개방,연중무휴,,
2612198,12,지양산,서울특별시 양천구 지양로7길 28-29 (신월동),,19,126.8296969684,37.5214151638,,http://tong.visitkorea.or.kr/cms/resource/28/3539028_image2_1.jpg,Type3,NA,NA04,NA040500,"지양산은 모든 주민들이 편리하게 산을 산책하며 숲을 이용할 수 있다. 이곳에는 휠체어 순환 구간 570m, 휠체어 회차 구간 210m의 무장애숲길과 아이들이 마음껏 뛰어놀 수 있는 유아숲체험원이 있다. 출입로를 따라 조금 걸어가면 휴식공간인 쉼터가 조성되어 있고, 유아숲체험원, 그리고 지양마을과 우정아파트 방면으로 연결된 무장애 숲길이 있다. 유아숲체험원은 도심 속 아이들이 자연에서 뛰놀며 자연을 체험할 수 있는 공간이다. 모래놀이터, 밧줄그물건너기, 통나무균형잡기, 흔들다리건너기 등의 다양한 체험시설이 마련되어 있다.",,상시 개방,연중무휴,,
126511,12,창경궁,서울특별시 종로구 창경궁로 185 (와룡동),,23,126.9964634775,37.5789336838,,http://tong.visitkorea.or.kr/cms/resource/94/3536794_image2_1.jpg,Type1,HS,HS01,HS010100,"창경궁(昌慶宮)은 성종이 세 명의 대비를 위해 옛 수강궁에 창건한 궁이다. 창경궁은 원래 1418년(세종 즉위) 세종이 상왕 태종을 위해 창건한 수강궁(壽康宮)이 있던 자리이다. 이후 1483년(성종 14) 성종이 세 명의 대비인 세조의 왕비 정희왕후, 덕종의 왕비 소혜왕후, 예종의 왕비 안순왕후를 위해 수강궁을 크게 확장하고 궁의 이름을 창경궁이라 하였다. 
창경궁은 창덕궁과 경계 없이 동궐(東闕)이라는 하나의 궁궐 영역이었으며,  주로 왕실 가족들의 생활공간으로 사용하였다. 창경궁은 1592년(선조 25) 임진왜란으로 소실된 것을 1616년(광해군 8) 중건하였으며, 1830년(순조 30) 대화재로 대부분의 건물들이 소실되었다가 4년 뒤에 중건하였다.
그러나 1907년 순종이 황위에 오른 후 창경궁 내에 동물원과 식물원을 조성하면서 궁궐로서의 모습을 잃기 시작하였다. 1911년에는 일제에 의해 궁의 이름마저 창경원(昌慶苑)으로 격하되어 궁궐이 아닌 공원화가 되어 훼손이 심하였다. 광복 후 1983년에 다시 창경궁으로 명칭을 회복한 후 궁궐 경내에 있던 동물원을 이전하고 본래 궁궐의 모습으로 복원공사가 진행되어 현재의 모습이 되었다. 창경궁은 남향으로 있는 다른 궁궐과 달리 정문과 정전이 동향으로 배치되어 있다.","<a href=""https://royal.khs.go.kr/ROYAL/contents/menuInfo-cgg.do?grpCode=cgg"" target=""_blank"" title=""새창 : 국가유산청 궁능유적본부 홈페이지로 이동"">https://royal.khs.go.kr</a>",09:00~21:00 (입장마감 20:00),"매주 월요일<br>※ 단, 정기휴일이 공휴일 및 대체공휴일과 겹칠 경우에는 개방하며, 그 다음의 첫 번째 비공휴일이 정기휴일임",,
1605009,12,창경궁 홍화문,서울특별시 종로구 창경궁로 185 (와룡동),,23,126.9964634775,37.5789336838,,http://tong.visitkorea.or.kr/cms/resource/96/3384896_image2_1.JPG,Type3,HS,HS01,HS010300,"홍화문(弘化門)은 창경궁의 정문으로 ‘홍화’는 “조화를 넓힌다”, 즉 “덕을 행하여 백성을 감화시키고 널리 떨친다”는 뜻이다. 홍화문은 창경궁 창건 당시에 처음 건립되었다가 임진왜란 때 소실되어 1616년(광해군 8)에 재건되었다. 같은 동궐인 창덕궁의 정문(돈화문)은 앞면이 5칸인데 비해 홍화문은 3칸의 작은 규모로 지었다.
홍화문은 국왕이 직접 백성들을 만났던 곳이기도 하다. 영조는 1750년(영조 26)에 균역법(均役法)을 시행하기 전 홍화문에 나가 양반과 평민들을 만나 세금제도의 개편에 대한 의견을 들었다. 또 정조는 1795년(정조 19) 어머니 혜경궁 홍씨(헌경황후)의 회갑을 기념하여 홍화문 밖에서 가난한 백성들에게 쌀을 나누어 주었다고 한다. 홍화문은 1963년 보물로 지정되었다.
규모는 앞면 3칸, 옆면 2칸의 2층 건물로 동쪽을 향하고 있는 점이 특징이며, 지붕은 앞쪽에서 볼 때 사다리꼴을 한 우진각지붕이다. 지붕 처마를 받치기 위해 장식하여 만든 공포는 기둥 위뿐만 아니라 기둥 사이에도 있는 다포 양식으로 꾸몄다. 아래층은 기둥 사이마다 2짝씩 문짝을 달아 사람이 드나들게 하였으며 위층은 마루를 깔고 앞뒤 벽면에 조그만 널문들을 달아 여닫을 수 있게 만들었다. 지붕 꼭대기 양끝의 조각과 부드럽게 굽어 내린 내림마루 부분의 조각상이 건물의 위엄을 한층 더 돋구고 있다.","<a href=""https://royal.khs.go.kr/ROYAL/contents/menuInfo-cgg.do?grpCode=cgg"" target=""_blank"" title=""새창 : 국가유산청 궁능유적본부로 이동"">https://royal.khs.go.kr/</a>",09:00~21:00 (입장마감 20:00),"매주 월요일<br>※ 단, 정기휴일이 공휴일 및 대체공휴일과 겹칠 경우에는 개방하며, 그 다음의 첫 번째 비공휴일이 정기휴일임",,
1604941,12,창덕궁 낙선재,서울특별시 종로구 율곡로 99 (와룡동),,23,126.9902446339,37.5777031595,,,,HS,HS01,HS010100,"낙선재는 창덕궁과 창경궁 경계에 위치하고 있다. 낙선재 일원은 조선 24대 헌종이 후궁 경빈 김씨를 맞이하면서 1847년(헌종 13)에 창경궁 낙선당 터에 낙선재를 지었고, 이듬해에 석복헌(錫福軒)과 수강재(壽康齋)를 지었다. 낙선재는 헌종의 서재 겸 사랑채로 사용하였고, 석복헌은 경빈의 처소, 수강재는 당시 대왕대비였던 순원황후 김씨(순조의 왕비)의 처소로 사용되었다. 특히 이곳은 대한제국의 마지막 황후 순정황후 윤씨와 의민황태자비(이방자 여사), 덕혜옹주 등 대한제국 마지막 황실 가족이 생활하다가 세상을 떠난 곳이기도 하다.
낙선재 일원은 단청을 하지 않은 소박한 모습이고, 낙선재 뒤로는 후원을 만들었다. 건물과 후원 사이에는 작은 석축들을 계단식으로 쌓아 화초를 심었고, 그 사이사이에 세련된 굴뚝과 괴석들을 배열했다. 궁궐의 품격과 여인의 공간 특유의 아기자기함이 어우러진 대표적인 정원이다.","<a href=""https://royal.khs.go.kr/ROYAL/contents/menuInfo-cdg.do?grpCode=cdg"" target=""_blank"" title=""새창 : 국가유산청 궁능유전본부로 이동"">https://royal.khs.go.kr</a>","[2월~5월] 09:00~18:00 (입장마감 17:00)<br>
[6월~8월] 09:00~18:30 (입장마감 17:30)<br>
[9월~10월] 09:00~18:00 (입장마감 17:00)<br>
[11월~1월] 09:00~17:30 (입장마감 16:30)","매주 월요일<br>※ 단, 정기휴일이 공휴일 및 대체공휴일과 겹칠 경우에는 개방하며, 그 다음의 첫 번째 비공휴일이 정기휴일임",,
1604953,12,창덕궁 인정문,서울특별시 종로구 율곡로 99,,23,126.9911806294,37.5787974932,,http://tong.visitkorea.or.kr/cms/resource/78/3384878_image2_1.JPG,Type3,HS,HS01,HS010300,"인정문(仁政門)은 창덕궁의 정전인 인정전의 정문이다. 인정문은 왕의 장례(국장)가 있을 때 다음 왕의 즉위식을 치렀던 곳으로 효종, 현종, 숙종, 영조, 순조, 철종, 고종 등 조선왕조의 여러 임금이 이곳에서 즉위식을 거행하고 왕위에 올랐다. 
건물은 앞면 3칸, 옆면 2칸 규모이며, 지붕은 옆면에서 볼 때 여덟 팔(八)자 모양을 한 팔작지붕이다. 지붕 처마를 받치기 위해 장식하여 만든 공포는 기둥과 기둥 사이에도 있는 다포 양식으로 꾸몄다. 건물 안쪽 천장은 천장 재료가 훤히 보이는 연등천장이며, 단청은 가장 소박하게 꾸몄다. 왕위를 이어받는 의식이 거행되던 곳으로, 정전인 인정전과 함께 조선왕조 궁궐의 위엄과 격식을 가장 잘 간직하고 있는 건축물이다.","<a href=""https://royal.khs.go.kr/ROYAL/contents/menuInfo-cdg.do?grpCode=cdg"" target=""_blank"" title=""새창 : 국가유산청 궁능유적본부로 이동"">https://royal.khs.go.kr/</a>","[2월~5월] 09:00~18:00 (입장마감 17:00)<br>
[6월~8월] 09:00~18:30 (입장마감 17:30)<br>
[9월~10월] 09:00~18:00 (입장마감 17:00)<br>
[11월~1월] 09:00~17:30 (입장마감 16:30)","매주 월요일<br>※ 단, 정기휴일이 공휴일 및 대체공휴일과 겹칠 경우에는 개방하며, 그 다음의 첫 번째 비공휴일이 정기휴일",,
2946517,12,창신동골목길,서울특별시 종로구 창신동 23-268,,23,127.0134286483,37.5771453074,,http://tong.visitkorea.or.kr/cms/resource/32/2947132_image2_1.jpg,Type1,VE,VE04,VE040100,"창신동 골목길은 종로 골목길 탐방 코스 중 일부로 주민들이 실제 생활하는 거주지이다. 아픈 역사의 흔적인 채석장 ‘창신동 절개지’, 새벽의 문을 여는 '문구 완구 시장&수족관 상가', 마을 곳곳에서 봉제 기계와 라디오 음악 소리를 들을 수 있는 살아있는 봉제거리박물관 등 볼거리가 있다. 또한 국민 화가 박수근과 미디어아트의 창시자 백남준의 사연이 담긴 골목길로 영화 기생충의 촬영 장소로 유명하다. 

◎ 한류의 매력을 만나는 여행 정보 - 영화 <기생충>
기택의 가족이 집으로 돌아가던 날, 억수같이 퍼붓던 비는 물줄기를 이루며 사납게 흘렀다. 폭이 좁고 가파른 계단이 있는 창신동의 골목길은 굴러 떨어질 것 같은 기택 가족의 상태를 시각적으로 나타내주는 좋은 배경이었다. 창신동은 7~80년대의 흔적이 느껴지는 따뜻하고 아기자기한 동네로 구석구석 정겨움이 묻어난다.","<a href=""https://tour.jongno.go.kr/tour/main/contents.do?menuNo=110758"" target=""_blank"" title=""새창 : 종로문화관광 홈페이지 이동"">https://tour.jongno.go.kr/tour/</a>",상시 개방,연중무휴,,
252547,12,창의문(자하문),서울특별시 종로구 창의문로 118 (부암동),,23,126.9665102630,37.5926565508,,http://tong.visitkorea.or.kr/cms/resource/88/3353988_image2_1.jpg,Type3,HS,HS01,HS010300,"서울성곽에는 동서남북에 4대문(四大門), 그 사이에 4소문(四小門)을 두었는데, 창의문은 서대문과 북대문 사이의 북소문(北小門)으로 ‘올바른 것을 드러나게 하다’는 뜻이 있다. 그러나 창의문은 북소문으로 불린 적은 없었고, 이곳 계곡의 이름을 빌어 ‘자하문(紫霞門)’이라는 별칭으로 불려 왔다. 
1413년(태종 13)에는 풍수학자 최양선이 “창의문과 숙정문은 경복궁의 양팔과 같으므로 길이 내어 지맥을 상하게 해서는 안 된다”라고 건의한 것을 받아들여 두 문을 닫고 소나무를 심어 통행을 금지하였다고 한다. 그러나 1422년(세종 4)에는 군인들의 출입통로로 이용할 수 있게 하였고, 1617년(광해군 9)에는 궁궐 보수 작업 때 석재의 운반을 위해 열어주도록 하였다는 『조선왕조실록』의 기록을 보면 당시에도 길 자체는 있었던 것 같다.
창의문이 서울성곽의 문루로서 제구실을 하게 되는 것은 1741년(영조 17)에 이곳을 수축할 때였다. 당시 훈련대장 구성임이 “창의문은 인조반정(1623년) 때 의군이 진입한 곳이니 성문을 개수하면서 문루를 건축함이 좋을 것”이라고 건의한 것이 받아들여져 비로소 세워지게 된 것이다. 이러한 사실은 1956년 창의문 보수 공사 때 천장 부재에서 묵서로 된 기록으로 확인되었고, 지금 창의문에는 인조반정 때 공신들의 이름을 새겨 놓은 현판이 걸려 있다.
창의문의 형태는 전형적인 성곽 문루의 모습으로, 서울의 4소문 중 유일하게 옛 모습을 간직하고 있고, 무엇보다도 수백 년간 사람의 발길에 길들여진 박석이 윤기를 발하고 있다. 특히 빗물이 잘 흘러내리도록 문루 바깥쪽으로 설치된 한 쌍의 누혈(漏穴) 장식은 연잎 모양으로 맵시 있게 조각되어 이 성문의 건축 단장에 매력을 더해주고 있다. 그리고 성문의 무지개 모양 월단 맨 위에는 봉황 한 쌍이 아름답게 새겨져 있는데, 속설에 의하면 닭 모양을 그린 것으로 창의문 밖 지형이 지네처럼 생겼으므로 지네의 천적인 닭을 그려 넣은 것이라고 한다.",,"[3월~4월] 07:00~18:00<br>
[5월~8월] 07:00~19:00<br>
[9월~10월] 07:00~18:00<br>
[11월~2월] 09:00~17:00",연중무휴,,
3456475,12,창천근린공원,서울특별시 서대문구 연세로2라길 19 (창천동),,14,126.9403164215,37.5575684928,,http://tong.visitkorea.or.kr/cms/resource/50/3456450_image2_1.jpg,Type1,VE,VE03,VE030400,"창천근린공원은 서울특별시 서대문구 창천동에 위치한 도심 속 공원이다. 이 공원은 창천동 주민들의 휴식과 여가를 위해 조성된 녹지 공간이다.
공원은 다양한 나무와 잔디밭이 있어 자연 속에서 산책하거나 피크닉을 즐길 수 있는 환경을 제공한다. 주요 시설로는 산책로, 벤치, 운동기구 등이 있으며, 주민들에게 건강과 여가를 동시에 제공하는 역할을 한다.
창천근린공원은 특히 가족 단위 방문객들에게 적합한 곳이다. 어린이들을 위한 놀이시설과 운동을 위한 공간이 잘 마련되어 있어 세대 간 소통과 여가를 누릴 수 있는 장소로 알려져 있다.
이 공원은 바람산어린이공원과 가까운 곳에 위치해 있으며, 신촌 지역의 생활권 공원으로서 주민들에게 편리한 접근성을 제공한다.
창천근린공원은 계절마다 다양한 풍경을 감상할 수 있는 곳으로, 봄에는 꽃이 만발하고 가을에는 단풍으로 물들어 방문객들에게 자연의 변화를 체험할 기회를 준다.",,,,,
2657713,12,채석장 전망대,서울특별시 종로구 낙산5길 51 (창신동),,23,127.0116121139,37.5783090280,,http://tong.visitkorea.or.kr/cms/resource/03/3384903_image2_1.JPG,Type3,VE,VE01,VE010200,"채석장 전망대는 창신동 채석장 정상에 지어졌으며 도시와 자연이 한눈에 보이는 전망대이다. 한양도성 낙산 자락에 있는 창신동에는 채석장이 있었다. 채석장 일대는 일제 강점기 조선총독부와 옛 서울역, 한국은행 등의 건물들이 지어지고 있어서 건물에 사용될 외장재 석재가 필요했다. 그래서 운송하기에도 가깝고 질 좋은 화강암으로 이루어진 낙산은 건축에 필요한 재료를 공급하기에 좋은 위치였다. 산의 단면을 뚝 잘라낸 듯한 수직 절벽과 잘린 땅이 이곳 창신동 낙산에 남아있는 이유는 이 시기 수탈의 흔적이다. 한국 전쟁 이후 채석장 사용은 중단되었고 이주민과 피란민이 모여 마을을 이루었다.
마을 위로 이어지는 계단을 따라 올라가다 보면 길쭉한 직사각형 건물이 나타나는데 이 건물이 채석장 전망대이다. 2019년 11월 채석장 상부에 문을 연 창신숭인 채석장 전망대는 시야에 걸리는 것이 없이 서울의 스카이라인이 한눈에 보인다. 2층은 실내로 커피숍(카페 낙타)이 있다. 계단이 없이 엘리베이터로만 올라갈 수 있다. 유리창으로 외부 풍경을 볼 수 있다. 3층은 실외로 시원한 바람을 맞으며 서울 도심의 풍경과 자연을 함께 즐길 수 있다. 해가 질 무렵이면 노을과 함께 펼쳐지는 멋진 야경이 한참을 이곳에 머무르게 한다.","<a href=""https://korean.visitseoul.net/attractions/2024-Chaeseokjangjeonmangdae_/45465"" target=""_blank"" title=""새창 : 비짓서울로 이동"">https://korean.visitseoul.net/</a>","- 화요일~목요일 / 일요일 10:00~20:00<br>
- 금요일~토요일 10:00~22:00",매주 월요일,,
2591838,12,천왕근린공원,서울특별시 구로구 천왕동,878,7,126.8418082369,37.4764678238,,http://tong.visitkorea.or.kr/cms/resource/16/3393016_image2_1.JPG,Type3,VE,VE03,VE030400,"천왕근린공원은 서울시 구로구 천왕동에 위치해 있다. 공원 내에는 연못이 있는데, 연꽃이 피는 시기가 되면 아름다운 경관을 보여준다. 여름철이 되면 무료로 물놀이장을 개장하여 아이들과 방문하기 좋다. 또한 공원의 녹지공간을 활용하여 캠핑 사이트를 조성하여 돗자리나 텐트를 가져와 캠핑을 즐길 수 있도록 만든 공간도 있다. 다만, 취사나 야영은 불가능하며, 캠핑장의 자세한 이용사항은 구청 홈페이지를 확인하면 된다. 온 가족이 함께 다양한 방법으로 휴식하기 좋은 도심 속 힐링 공간이다.",,상시 개방,연중무휴,,
482112,12,천축사(서울),서울특별시 도봉구 도봉산길 92-2 (도봉동),,10,127.0203413497,37.6943234707,,,,HS,HS03,HS030100,"천축사는 1,300여 년의 역사를 가진 대한불교조계종 직할교구 전통사찰(노원 제9-1호)이다. 통일신라시대 673년(문무왕 13)에 의상대사가 절을 창건하고 물이 너무 깨끗하여 옥천암이라고 불렀다. 고려시대 인도 승려 지공이 나옹화상에게 “이곳의 경관이 천축국(지금의 인도)의 영축산과 비슷하다.”하였다고 한다. 그 후 1398년 태조 이성계가 이곳 옥천암에서 백일기도를 올리고 조선을 건국하였으며, 태조 7년에 절을 중창하고 하늘 천(天) 나라이름 축(竺)을 써서 천축사라는 편액을 내렸다. ‘항상 부처님이 상주해 계시는 평안한 곳’을 뜻한다.
천축사는 왕실에서 직접적으로 관여하여 1474년 성종 5년 왕명으로 중창하였고, 명종 때 문정왕후가 화류용상(제366호, 불교중앙박물관 수장고에 보관 중)을 하사하여 불단으로 사용하였다. 1812년 순조 12년에 경학이 중창한 왕실 기도도량으로 1959년에 중수하여 그 뒤에도 여러 차례 중창되어 현재의 모습을 유지하고 있다.
천축사는 1964년 우리나라 최초의 무문관을 중수하여 청정수행 가풍을 이어온 근본 도량이다.","<a href=""http://cheonchuksa.kr"" target=""_blank"" title=""새창 : 천축사 홈페이지로 이동"">http://cheonchuksa.kr</a>",09:00~18:00,연중무휴,,
127376,12,천호공원,서울특별시 강동구 올림픽로 702,,2,127.1269358994,37.5447233407,,http://tong.visitkorea.or.kr/cms/resource/30/3393830_image2_1.JPG,Type3,VE,VE03,VE030100,"천호공원은 서울시 강동구 천호동에 위치하고 있으며, 1998년 6월 20일에 조성되었다. 이곳은 과거 만년필로 유명한 파이롯트 회사의 공장부지를 서울시가 매입하여 조성한 공원이다. 
공원 내에는 2008년 6월 26일 문을 연 강동구립 해공도서관이 있으며, ‘해공’이라는 이름은 인근에서 태어난 독립운동가 해공 신익희 선생의 호에서 유래되었다. 이외에도 지역 시민들의 여가생활 중심지로 야외무대, 연못, 농구장 등이 있으며, 매년 봄 철쭉이 만발한 풍경이 아름다운 공원이다.","<a href=""https://parks.seoul.go.kr/template/sub/cheonho.do"" target=""_blank"" title=""새창 : 서울의 공원 홈페이지로 이동"">https://parks.seoul.go.kr/</a>",상시 개방,연중무휴,,
2741610,12,천호자전거거리,서울특별시 강동구 천호동,,2,127.1221585024,37.5466313659,,http://tong.visitkorea.or.kr/cms/resource/76/3566876_image2_1.jpg,Type1,VE,VE04,VE040100,"한강으로 통하는 길목 천중로에 위치한 천호자전거거리에는 자전거 관련 상점들이 밀집되어 있어 자전거 애호가들로부터 오랫동안 사랑받아 온 강동구의 주요 테마거리라고 한다. 자전거 판매는 물론이고 자전거 관련 액세서리, 소품, 의류 등 다양한 제품을 판매하고 있는 자전거 판매점이 다양하게 성업 중이었다. 천호자전거거리에는 ‘자전거를 탄 사람’이라는 이색적인 작품이 전시되어 있고 이색적인 벽화가 그려져 있는 모습을 볼 수 있다. 단순히 자전거를 판매하는 것으로 끝나는 것이 아니라, 자전거를 편리하게 이용할 수 있도록 자전거도로를 조성하고 예술작품을 비롯해 재미있는 벽화 그림을 감상할 수 있는 곳이다.",,상시 개방,연중무휴,,
2765510,12,청계광장,서울특별시 중구 태평로1가,1,24,126.9775154812,37.5691539240,,http://tong.visitkorea.or.kr/cms/resource/55/3385055_image2_1.JPG,Type3,VE,VE03,VE030500,"서울 중구 청계천이 시작되는 세종로에 조성된 자연 친화적인 생태환경을 갖춘 광장이다. 다양한 볼거리를 제공하고 접근성이 좋아 시민들과 외국인 관광객들이 즐겨 찾는 서울의 대표적인 관광 명소이다. 삼색 조명의 캔들 분수와 2단 폭포에서 4m 아래로 떨어지는지는 물줄기, 폭포 양옆에는 전국에서 돌을 가져온 8 도석으로 제작된 ‘팔석담’을 깔아 놓았다. 밤에는 광장의 조명들과 물이 어우러지는 환상적인 모습을 연출하여 밤에도 찾는 사람들이 많다. 청계천 전 구간을 1/100로 축소한 미니어처도 볼거리로 제공하고 있으며, 연중 다채로운 시민 문화행사 및 축제가 진행되는 곳이다.","<a href=""https://sisul.or.kr/open_content/cheonggye/"" target=""_blank"" title=""새창 : 서울시설공단으로 이동"">https://sisul.or.kr/open_content/cheonggye</a>",상시 개방,연중무휴,,
125452,12,청계산,서울특별시 서초구 원지동,,15,127.0553147223,37.4437532162,,http://tong.visitkorea.or.kr/cms/resource/25/1796725_image2_1.jpg,Type3,NA,NA01,NA010100,"청계산은 서울특별시와 경기도 성남시, 과천시, 의왕시의 경계에 따라 위치해 있는 산이다. 산세는 서남쪽으로 의왕시에 소재한 백운산, 모락산, 오봉산으로 뻗쳐 있고, 서북쪽으로 과천시 옥녀봉 자락과 이어져 대체로 남북 방향으로 자리하고 있다. 
청계산은 청룡이 승천했던 곳이라고 해서 청룡산으로 불리기도 하며, 풍수지리학적으로는 관악산을 백호, 청계산은 청룡이라 하여 좌청룡 우백호의 개념으로 해석하기도 한다. 서울대공원과 서울랜드, 국립현대미술관을 둘러싼 푸른 산자락이 바로 청계산이다.
청계산은 울창한 숲과 아늑한 계곡, 서울대공원, 청계사, 산림욕장 등 다양한 볼거리가 있는 가족산행의 명소로서 수많은 등산로가 다양하게 형성되어 있다. 과천 쪽에서 바라보는 청계산은 산세가 부드럽고 온화해서 토산처럼 보이지만, 서울대공원 쪽에서 보이는 망경대는 바위로 둘러싸여 있어 거칠고 당당하게 보인다. 
망경대(618.2m)가 바로 청계산의 정상이나 정부시설이 있어 등산이 불가하다. 주암동 쪽에서 망경대 쪽으로 오르다 보면 추사 김정희의 생부 김노경의 묘터가 있던 옥녀봉이 나타난다. 조선시대의 학자인 정여창이 피눈물을 흘리며 넘었다는 혈읍재를 지나 망경대 바로 밑으로 가면 정여창이 은거했다는 금정수가 있다. 이 약수는 정여창이 사사되자 핏빛으로 변했다가 이내 금빛으로 물들었다는 말이 전해온다. 풀 향기 가득한 산길을 걷다 보면 야생밤나무와 도토리나무, 머루와 다래 등이 종종 눈길을 끈다.","<a href=""https://www.seocho.go.kr/site/seocho/04/10405010701002015072403.jsp"" target=""_blank"" title=""새창 : 서초구청 홈페이지로 이동"">https://www.seocho.go.kr</a>",상시 개방,연중무휴,,
127269,12,청담근린공원,서울특별시 강남구 청담동,66,1,127.0526155502,37.5213524935,,http://tong.visitkorea.or.kr/cms/resource/32/3397532_image2_1.JPG,Type3,VE,VE03,VE030100,"청담근린공원은 지극히 도시적인 청담동에 위치한 작고 아담한 공원이다. 대부분의 근린공원이 평지에 조성된 것과 달리 야산의 원형을 훼손하지 않고 산책길과 쉼터 등 인공 설치물과 자연스럽게 조화를 이루도록 조성되었다. 낮은 산책로를 따라 올라가면 간단한 운동기구가 비치된 놀이터가 있는데 아침이면 운동하는 사람들로 제법 붐비는 곳이기도 하다. 공원에는 체육시설, 배드민턴장, 농구장, 산책로, 정자, 실개천, 약수터 등이 있으며, 공원 지역에 청소년수련관과 청담지구대도 있다. 청담근린공원은 빽빽이 들어선 나무들로 도시에서는 드물게 맑은 공기를 느낄 수 있는 공간이다.","<a href=""https://parks.seoul.go.kr/parks/detailView.do?pIdx=1372"" target=""_blank"" title=""새창 : 홈페이지로 이동"">https://parks.seoul.go.kr</a>",상시 개방,연중무휴,,
3081985,12,청담도로공원,서울특별시 강남구 삼성동,80,1,127.0628118632,37.5206944200,,http://tong.visitkorea.or.kr/cms/resource/79/3081979_image2_1.jpg,Type3,VE,VE03,VE030400,,,,,,
1310950,12,청담패션거리,서울특별시 강남구 청담동,,1,127.0443161870,37.5255518567,,http://tong.visitkorea.or.kr/cms/resource/40/3397540_image2_1.JPG,Type3,VE,VE04,VE040100,청담역 사거리에서 갤러리아 백화점에 이르는 대로변에는 명품 브랜드 매장이 밀집되어 있다. 패셔니스타들의 주요 쇼핑 장소인 이름하여 청담동 명품 거리. 국내 유일의 패션특구로 최근 청담 패션 거리라는 공식 명칭을 갖게 되었다. 한류 열풍에 힘입어 일본 관광객들의 관광 코스로도 각광받고 있다. 대로의 안쪽 골목으로는 유명 레스토랑도 몰려 있다. 근래에는 편집 매장과 갤러리들이 대거 들어서면서 쇼핑과 문화를 동시에 즐길 수 있는 공간으로 사랑받고 있다.,"<a href=""https://korean.visitseoul.net/shopping/%EC%B2%AD%EB%8B%B4%ED%8C%A8%EC%85%98%EA%B1%B0%EB%A6%AC/KOP001307"" target=""_blank"" title=""새창 : 비짓서울로 이동"">https://korean.visitseoul.net/</a>",매장 별로 상이함,매장 별로 상이함,,
482126,12,청량사(서울),서울특별시 동대문구 제기로31길 10-3 청량사,,11,127.0472419344,37.5877085767,,http://tong.visitkorea.or.kr/cms/resource/67/3055867_image2_1.JPG,Type3,HS,HS03,HS030100,"청량사는 천장산 남쪽 기슭에 자리한 비구니 도량이다. 예로부터 4대 비구니 도량으로 유명한 돌꽂이 승방이 바로 이곳이다. 원래 청량사와 돌꽂이 승방은 별개의 절이었으나 1895년 일제의 조선 강점 흉계에 의해 명성황후가 시해된 이후 황후의 능인 홍릉이 조성되자 홍릉 자리에 있던 청량사를 현재의 위치로 옮기게 되었고, 때마침 돌꽂이 승방도 사세가 기울어 두 절이 병합되었다고 한다. 조선 말기에는 도성 사람들이 자주 몰려와 쉬던 휴양지였고 일제강점기에 나라가 어려웠을 때는 많은 애국지사, 고승들의 발길이 잦았던 곳이기도 하다. 특히 일제강점기 독립운동과 불교 운동에 앞장선 만해 한용운 선생이 한때 청량사에 머물렀다고 하며 1939년 7월 12일에 한용운 선생의 회갑연이 이곳에서 조촐하게 열렸다고 한다. 같은 시기에 불교계 학자인 박한영도 이 절에서 기거했으며 대방에 걸린 청량사 현판 글씨는 박한영의 글씨로 전해진다. 사찰 대문으로 들어서면 바로 나타나는 관음전 뒤로는 고층 아파트가 보인다. 주택가에 자리 잡고 있어서인지 청량사에서는 어린이집을 운영하고 있으며 아이들을 위한 놀이터도 있다. 청량사 건물 중 가장 오래된 극락보전은 지붕 위 중앙에 소탑 같은 보주가 박혀있다. 비탈에 세워진 사찰의 지세 때문인지 건물이 오밀조밀하게 복층구조처럼 지어져 있다. 작지만 관음전, 무량수전, 대웅전, 대방채, 설선당, 적묵당 등 사찰의 모습을 갖추고 있다.","<a href=""http://cafe.daum.net/buddha1080/"" target=""_blank"" title=""새창 : 청량사 다음카페로 이동"">http://cafe.daum.net/buddha1080</a>",상시 개방,연중무휴,,
482153,12,청룡사(서울),서울특별시 종로구 동망산길 65 (숭인동),,23,127.0168643719,37.5797783958,,http://tong.visitkorea.or.kr/cms/resource/73/3530773_image2_1.jpg,Type1,HS,HS03,HS030100,"청룡사(靑龍寺)는 대한불교조계종 직할교구 조계사의 말사로, 종로구 숭인동에 위치한다. 922년에 도선(道詵) 국사의 유언에 따라 태조 왕건이 어명을 내려 창건했다. 풍수지리적으로 한양의 외청룡(外靑龍)에 해당하는 산등에 지었다고 하여 사호를 청룡사라 하였다. 1036년에 만선 비구니스님이 퇴락한 절을 창건 이후 처음으로 중창하였고, 이후에도 여러 차례 중창하여 10차의 중창 역사를 갖고 있다. 1923년 다시 옛 이름인 청룡사로 불리게 되었고, 1950년대에 대대적인 중창이 있었으며, 1973년에 다시 중창하여 오늘에 이르고 있다.",,상시 개방,연중무휴,,
2031668,12,초안산,서울특별시 노원구 월계동,,9,127.0467405109,37.6392914596,,http://tong.visitkorea.or.kr/cms/resource/46/3466146_image2_1.jpg,Type3,NA,NA01,NA010100,"초안산은 서울특별시 노원구 월계동과 도봉구 창동에 걸쳐 자리하고 있는 산이다. 겉으로 보기에는 집 근처 동산처럼 보이지만 그 안에 들어서면 제법 우거진 수풀 사이로 여러 갈래의 길이 이어진다. 등산을 하기 위한 인근 주민들의 발길이 끊이지 않으며, 도자기 체험장, 캠핑장 등의 즐길거리도 다양하다. 또한 초안산 곳곳에 산재해 있는 조선시대 사대부·내시들의 묘를 살펴보며 역사 공부도 함께 즐길 수 있다.",,상시 개방,연중무휴,,
1395270,12,최순우 옛집,서울특별시 성북구 성북로15길 9 (성북동),,17,127.0003599434,37.5930654442,,http://tong.visitkorea.or.kr/cms/resource/31/3540431_image2_1.jpg,Type1,HS,HS01,HS010400,"성북동에 위치한 최순우 옛집은 우리 문화의 아름다움을 찾고 알린 혜곡 최순우(1916~1984) 선생이 1976년부터 1984년까지 거주한 주택이다. 1930년대 지어진 근대 한옥인 이 집은 곳곳에 선생의 자취가 고스란히 담겨 있다. 
현재 이곳은 2002년 내셔널트러스트 운동으로 확보하여 2004년 4월 일반 개방을 통해 공개되었다. 시민 모금으로 매입한 뒤 가족들이 살며 덧대어 쓴 공간을 덜어내고 낡은 곳을 보수하여 시민들에게 개방하였다. 최순우 선생이 쓰던 유품과 친필 원고, 문화예술인들이 보낸 연하장과 선물한 그림 등을 유족과 지인들에게 기증받아 상설 전시하고, 최순우 선생이 찾아 알린 우리 문화의 아름다움과 교유한 문화예술인을 소개하는 기획전시, 다양한 시민 참여 문화프로그램을 운영하고 있다. 안채는 전시공간으로, 동편 행랑채는 사무공간으로, 서편 행랑채는 회의실과 방문객의 휴게공간 등 서비스 공간으로 사용되고 있다.","<a href=""http://www.ntculture.or.kr/culturalHeritage/1"" target=""_blank"" title=""새창: 내셔널트러스트 문화유산기금으로 이동"">www.ntculture.or.kr</a>","화요일~토요일 10:00~17:00<br>
※ 4월 1일~11월 30일에만 개관",매주 일요일~월요일 / 설·추석 당일 / 동절기(12월~3월),,
1364975,12,충무공 이순신 동상,서울특별시 종로구 세종로,1-68,23,126.9769154822,37.5710536930,,http://tong.visitkorea.or.kr/cms/resource/45/3590045_image2_1.jpg,Type1,VE,VE01,VE010500,"광화문 광장에 위치한  충무공 이순신 장군 동상은 정부의 산하 단체였던 애국선열 조상건립위원회와 서울신문사의 공동주관으로 1968년 4월 27일 건립되었다. 전체 높이 17m(동상 6.5m, 기단 10.5m)의 청동 입상 형태로 건립되었으며, 주변 조형물로는 거북선 모형 1개와 북 2개가 설치되어 있다. 
국가의 심장부로 통하는 광화문 네거리에 위치할 애국선열동상의 인물지정에 관해 확인된 바에 따르면 세종로와 태평로가 뻥 뚫려 있어 남쪽 일본의 기운이 너무 강하게 들어오게 되는데, 이를 제어할 필요가 있다던 당시 풍수지리학자들의 주장을 배경으로 세종로 네거리에 일본이 가장 무서워할 인물의 동상, 국가를 수호하는 지킴이의 의미를 지닐 선열조상의 인물로서 왜적을 물리쳐 나라를 구하신 이순신 장군이 결정되었다고 한다. 
이 동상의 조각적 특징은 기념비적 상징성에 있다. 형상의 완전한 사실성보다는 그 인물이 지니는 역사적 의미를 강조하는 표현이다. 바다를 지킨 이순신 장군의 업적을 기리기라도 하듯이 이순신 장군 동상 근처에 분수대를 설치하였다.",,상시 개방,연중무휴,,
3427223,12,충무로영상센터 오재미동,서울특별시 중구 퇴계로 지하214 (필동2가),충무로역사 지하1층,24,126.9942225138,37.5613412436,,http://tong.visitkorea.or.kr/cms/resource/03/3430803_image2_1.jpg,Type1,VE,VE12,VE120300,"오!재미동은 충무로역 지하 1층에 위치한 공공문화 공간으로,
누구나 쉽고 편하게 다양한 영상 문화를 체험하고 즐길 수 있다.",https://www.ohzemidong.co.kr/main.php,월~토 11:00~20:00,,,
130284,12,코엑스 아쿠아리움,서울특별시 강남구 영동대로 513,(삼성동),1,127.0591318945,37.5118092746,,http://tong.visitkorea.or.kr/cms/resource/83/3081283_image2_1.jpg,Type3,VE,VE02,VE020400,"코엑스 아쿠아리움은 전시 수조 183개, 사육수조 90개, 수량 3,500톤에 이르는 대형수족관이다. ‘환상적인 물의 여행’을 테마로 16개 테마존에서 650여 종 4만여 마리의 수중생물들을 만날 수 있으며, 특히 국내 최다종과 개체 수의 상어가 서식하고 있다. 20곳의 휴식공간과 상부개방형 수조가 있는 힐링플레이스 코엑스 아쿠아리움은 매년 100만 명 이상의 국내·외국인들이 찾는 서울 강남 도심 속 관광명소로 자리잡았다.","<a href=""http://www.coexaqua.com"" target=""_blank"" title=""새창 : 코엑스 아쿠아리움 홈페이지로 이동"">http://www.coexaqua.com</a>",10:00~20:00 (입장 마감 19:00),,,
2759626,12,코엑스동측광장,서울특별시 강남구 영동대로 513 (삼성동),,1,127.0592179950,37.5119175967,,http://tong.visitkorea.or.kr/cms/resource/56/3467556_image2_1.jpg,Type3,VE,VE03,VE030500,"삼성역 트레이드 타워(무역센터)를 시작으로 코엑스 컨벤션센터를 지나 아셈타워에 이르는 보도 변 긴 광장을 말한다. 동측 광장의 다른 이름은 코엑스 어반파크(Coex Urban Park)라고 해서 K팝 공연, 야외 영화제 등 다양한 행사가 연중 수시로 열리고 있다. 이곳 코엑스 일대는 K-Pop ‘강남스타일’의 촬영지로 전 세계를 말춤 열풍으로 달구면서 강남을 전 세계에 알렸던 강남스타일 랜드마크로 ‘세계는 하나’라는 글로벌 마인드를 부각한 높이 5m, 폭 8m에 달하는 ‘말춤’ 청동 조형물도 설치되어 있어 세계적인 관광 명소로도 주목받고 있다.","<a href=""http://www.coex.co.kr/"" target=""_blank"" title=""새창 : 코엑스동측광장 사이트로 이동"">http://www.coex.co.kr/</a>",상시 개방,연중무휴,,
2451912,12,크라운해태 키즈뮤지엄,서울특별시 용산구 한강대로72길 3 (남영동),지하1층,21,126.9736583030,37.5407599328,,http://tong.visitkorea.or.kr/cms/resource/30/3399730_image2_1.JPG,Type3,EX,EX06,EX060800,"크라운해태 키즈뮤지엄은 제과 전문그룹 크라운 해태가 운영하는 어린이 체험공간이다. 부모와 아이가 함께 다양한 놀이를 통해 창의력과 사고력을 배우고 협력과 소통의 능력을 성장시키는 곳이다. 전시공간 상상놀이터는 총 8개의 공간으로 구성되어 있으며, 각 공간마다 각기 다른 테마의 체험을 할 수 있다. 상상놀이터 안에서 아이들은 스스로 놀이를 통해 예술경험, 신체운동, 의사소통, 사회관계, 자연탐구력과 상상력 등을 향상시킬 수 있다.
키네틱 아트는 움직이는 작품으로, 조지 로드즈의 작품을 감상하고 난 후 다양한 길을 만들어 롤링볼을 굴리고 놀 수 있는 곳이다. 미디어 플레이존은 바닥에 나타나는 영상이 아이들의 움직임에 반응하여 영상 속 축구공을 발로 차거나 물풍선을 밟아 터뜨리며 가상체험을 즐길 수 있다. 블록놀이터는 아이들이 만든 것을 관찰하고 어떤 것을 만들었는지 아이 스스로 스토리를 만들어 나가는 공간이며, 구름 상상놀이터는 벽에 만들어지는 구름 속 하늘마을을 통하여 아이들이 상상력을 키울 수 있게 조성했다. 바람 과학 연구소는 바람 터널 속 움직이는 종이로 바람 이동을 경험할 수 있으며, 암벽 등반존에서는 암벽에 직접 매달려 보기도 하고, 올라가 보기도 하며 신체놀이를 할 수 있다. 내 마음대로 그리는 드로잉존은 아이들이 원하는 곳에 마음껏 그림을 그릴 수 있는 공간이며, 사이언스 아트존은 라이팅 볼을 통해 감각 발달과 통합적 사고를 키울 수 있도록 하였다.","<a href=""https://www.instagram.com/chkidsmuseum/"" target=""_blank"" title=""새창 : 크라운해태 키즈뮤지엄 인스타그램으로 이동"">https://www.instagram.com/chkidsmuseum</a>",10:00~17:00,매주 월요일~화요일,,
2782132,12,클럽케이서울,서울특별시 강남구 선릉로 524 (삼성동),"(B101호, B102호, B201호)",1,127.0483691302,37.5066846760,,http://tong.visitkorea.or.kr/cms/resource/37/2782237_image2_1.jpg,Type3,VE,VE12,VE120300,"가치 있는 휴식과 균형 잡힌 건강을 지향하는 클럽케이서울은 피트니스, 골프, 필라테스, 커뮤니티, 뉴트리션센터 등이 한데 모인 도심 속 복합문화시설이다. 클럽케이서울 골프센터는 전타석 GDR, 비전 스크린 룸, 레슨 타석으로 구성되어 있으며, 원하는 경우 언제나 전담 프로를 통해 레슨을 받을 수 있다. 커뮤니티 센터에서는 러닝 크루, 골프 월례회, 와인 클래스 등의 활동을 통해 다양한 문화를 즐길 수 있으며, 뉴트리션센터는 스포츠 영양에 기초한 식단 및 일반 F&B를 경험할 수 있다.","<a href=""http://www.clubkseoul.com/"" target=""_blank"" title=""새창 : 클럽케이서울 홈페이지로 이동"">http://www.clubkseoul.com</a>","[피트니스센터] <br>
- 평일 05:00~23:00<br>
- 주말 및 공휴일 06:00~22:00<br>
[사우나 및 찜질방] 상시 개방<br>
[뉴트리션센터] 상시 개방",,,
753850,12,키즈오토파크,서울특별시 광진구 능동로 216,,6,127.0762931559,37.5493607781,,http://tong.visitkorea.or.kr/cms/resource/03/3567303_image2_1.jpg,Type3,EX,EX07,EX070200,"키즈오토파크는 서울 어린이대공원 내 상상나라 뒤편에 있는 어린이교통안전체험관이다. 어린이들이 체험을 통해 교통안전을 쉽고 재미있게 배울 수 있도록 교육함으로 선진 교통 시민을 육성하고자 NGO(한국생활안전연합)와 기업(현대자동차그룹)과 지자체(서울특별시)가 함께 설립하였다. 3,000㎡ 부지에 운전 코스와 신호등 등을 배치해 어린이들이 자동차를 운전하며 교통문화를 체험할 수 있는 시설이 마련되어 있다. 이곳에는 오토 가상체험시설, 보행교육장, 주행교육장, 교통안전 면허시험장, 오토부스 등 다양한 시설을 갖추고 있다. 입체 동영상을 통해서 가상 체험, 안전띠 체험, 보행 실습 등 다양한 교육프로그램을 체험할 수 있다. 키즈오토파크에서는 현대자동차의 과거 차종을 모델로 하여 안정적이고 편안하게 주행할 수 있도록 제작된 체험차를 이용하여 프로그램을 운영한다. 키즈오토파크를 방문하기 전 홈페이지에서 사전 예약은 필수이다.
초등 체험교육을 수료한 초등학생 1학년~4학년 어린이들에게는 시험(필기시험, 보행 시험, 주행 시험)을 치른 후 어린이 교통안전 면허증을 발급해 준다.","<a href=""http://kidsautopark.org/seoul"" target=""_blank"" title=""새창 : 키즈오토파크 홈페이지로 이동"">http://kidsautopark.org/seoul</a>",10:30~15:30<br>※ 홈페이지 사전예약 필수,매주 월요일 / 공휴일,,
3082465,12,탈영역우정국,서울특별시 마포구 독막로20길 42 (창전동),,13,126.9276400976,37.5470083819,,http://tong.visitkorea.or.kr/cms/resource/61/3082461_image2_1.JPG,Type3,VE,VE12,VE120300,"지하철 6호선 광흥창역 인근 주택가 한가운데에 있는 탈영역우정국은 (구)창전동 우체국 건물을 문화공간으로 탈바꿈시키는 [리이어콜렉티브]의 장기프로젝트이다. 우체국의 옛말인 우정국으로 공간의 이름을 명하고, 소통의 장소인 POST OFFICE의 [POST]의 다른 뜻인 [이후의], 장르와 영역을 벗어난다는 [탈]의미를 합쳐 [탈영역우정국]이라 명칭 하게 되었다. 탈영역우정국은 건물의 임대기간인 10년 동안을 공간 운영 목표로 물리적 플랫폼과 콘텐츠의 연계, 실험을 통해 경계 없는 예술을 지향한다. 우체국 업무공간이었던 1층과 관사로 썼던 2층의 공간이 있으며 1층은 주로 전시장, 공연장, 상영관, 기타 용도로 2층은 전시 및 소규모 프로젝트와 워크숍 등 프로젝트에 따라 다양한 행사가 진행된다. 탈영역우정국은 유휴공간을 재활용한 공간답게 건물 내부의 커다란 금고, 폐기물을 태우던 소각로 등 우체국 시절 흔적들이 고스란히 남아있다. 대관은 행사의 주최자와 기획내용에 따라 일반 대관과 협력 대관으로 차별화하여 진행된다.
탈영역우정국은 영상, 회화, 설치, 공연, 워크숍, 상영, 강연, 토크 등을 통해 미술계뿐만 아니라 퍼포먼스, 실험 사운드, 실험예술 등 다양한 영역 아티스트들의 실험적인 작품들을 꾸준히 선보이며 인근 학생들과 지역 주민들에게 다양한 문화예술을 선보이고 있다. 반려동물들과 함께 갤러리 관람이 가능한 흔치 않은 예술 공간이다.","<a href=""http://ujeongguk.com/"" target=""_blank"" title=""새창 : 홈페이지로 이동"">http://ujeongguk.com/</a>",프로그램별 상이,,,
1605933,12,탑골공원 팔각정,서울특별시 종로구 종로 99 (종로2가),,23,126.9886227626,37.5705539611,,http://tong.visitkorea.or.kr/cms/resource/19/3414019_image2_1.jpg,Type3,HS,HS01,HS011200,"탑골공원 팔각정은 종로2가 탑골공원에 있는 누정으로 1989년 9월 19일 서울특별시 유형문화재로 지정되었다. 고종 34년(1897) 도지부 고문인 영국인 브라운의 건의에 따라 탑골공원을 조성할 때 함께 건립하였다. 탑골공원은 서울 최초의 근대식 공원이며 팔각정은 1902년 고종 즉위 40년을 기념하는 대대적인 행사를 위해 군악대의 연주 장소로 지은 것으로 추정된다. 당시 이곳은 황실 관현악단이 음악 연주소로 사용했는데 일요일에만 공개로 관현악을 연주하다가 음악을 듣기 위해 많은 시민이 모여들자 1913년 7월부터 평일에도 일반인에게 공개하게 됐다. 건물은 팔각형 평면을 이루고 있으며 내부의 큰 기둥인 고주와 바깥쪽의 평주로 내외진을 형성하며 기둥열을 구성하고 있다. 지붕은 팔각지붕이며 겹처마로 되어 있다. 기단은 각 면을 둘러가며 장대석으로 5단의 층단식(層檀式)으로 쌓았다. 내부 바닥에는 박석을 깔았으며, 단청은 모루단청을 칠하였다. 건물 외관의 비례가 뛰어나 뒤에 건립한 남산 팔각정의 본보기가 되었다. 1919년 3·1운동 때에는 학생들과 시민이 이 누정 앞에 모여 독립선언문을 낭독하고 대한민국 만세를 외치며 시위 행진을 벌였던 곳이다.","<a href=""https://www.heritage.go.kr/heri/cul/culSelectDetail.do?ccbaCpno=2111100730000&pageNo=1_1_1_1&sngl=Y"" target=""_blank"" title=""새창 : 국가유산청 홈페이지로 이동"">https://www.heritage.go.kr</a>","- 3월~10월 09:00~18:00<br>
- 11월~2월 09:00~17:00",연중무휴,,
2606150,12,파크하비오 워터킹덤&스파,"서울특별시 송파구 송파대로 111 (문정동, 파크하비오)",,18,127.1232269102,37.4819416730,,http://tong.visitkorea.or.kr/cms/resource/43/3095643_image2_1.jpg,Type1,VE,VE02,VE020200,"워터킹덤은 서울시 송파구 문정동에 위치한 워터파크로 도심 속에 자리하여 멀리 나갈 필요 없다. 또한 실내형으로 운영하여 궂은 날씨에도 상관없이 사계절동안 워터파크를 즐길 수 있어 많은 시민들이 방문하는 곳이다. 높은 파도와 강한 물살로 즐기는 급류 타기, 길이 370m의 국내 최초 실내형 토렌토리버, 튜브, 볼, 바디, 레이싱 등 다양한 놀이기구를 이용할 수 있다. 또한 찜질과 스파를 이용하며 편안한 휴식을 취할 수 있다. 

◎ 한류의 매력을 만나는 여행 정보 - 예능 <런닝맨>
무더운 여름, 시청자 대신 바캉스를 떠나 준다는 내용의 ‘대행 바캉스’ 편에서는 런닝맨 멤버들이 시원한 풀장에서 수영을 즐기고 슬라이드를 타는 모습을 보여준다. 보기만 해도 시원해지는 이들의 바캉스 장소는  송파 파크하비오에 있는 워터킹덤&스파다. 이곳은 365일 날씨 상관없이 물놀이를 즐길 수 있는 실내 워터파크로 다양한 재미가 있는 공간이다. 종일 물놀이를 하다가 피곤해진 몸은 찜질방에서 휴식하며 에너지를 충전할 수도 있다.","<a href=""http://waterkingdom.habio.co.kr/"" target=""_blank"" title=""새창: 파크하비오 워터킹덤&스파 홈페이지로 이동"">http://waterkingdom.habio.co.kr/</a>","- 워터파크 10:00~18:00<br>
- 찜질스파 07:00~22:00",[워터파크] 매주 화요일~수요일<br> [찜질스파] 연중무휴<br>※ 매달 마지막 주 수요일은 전체(워터&찜질&스파) 휴장,,
2675098,12,푸른수목원,서울특별시 구로구 연동로 240,,7,126.8240846662,37.4830806290,,http://tong.visitkorea.or.kr/cms/resource/46/3545146_image2_1.jpg,Type1,NA,NA04,NA040700,"푸른수목원은 인적 없던 공터를 친환경 공간으로 탈바꿈시켜 조성된 서울시 최초의 시립 수목원이다. 2018년 서울시 제1호 공립수목원으로 지정되었으며, 다양한 식물유전자원을 수집·증식·보존하고 있다. 항동저수지 인근에 위치한 수목원에는 오색정원, 야생화원, 어린이정원 등 20개의 주제정원이 조성되어 있다. 안내센터와 숲교육센터 등에서 운영되는 생태교육 및 가드닝 프로그램을 통해 자연 속 배움의 장으로 활용되고 있다.","<a href=""https://botanicpark.seoul.go.kr/front/arboretum/arboretum.do"" target=""_blank"" title=""새창 : 홈페이지로 이동"">https://botanicpark.seoul.go.kr</a>",05:00~22:00,연중무휴,,
2745583,12,플로팅아일랜드,서울특별시 서초구 올림픽대로 2085-14 (반포동),,15,126.9965764639,37.5123025381,,http://tong.visitkorea.or.kr/cms/resource/50/3386650_image2_1.jpg,Type3,VE,VE12,VE120300,"한강의 랜드마크인 세빛섬에 자리 잡은플로팅아일랜드는 2014년부터 다양한 국제 행사와 기업연회 등을 유치해 왔다. 정상회담, 문화축제, 국제 전시와 패션쇼까지 아름다운 섬들과 어우러져 다양한 행사 유치가 가능한 서울시의 상징적인 장소로 자리 잡았다. 단순한 연회장이 아닌 창의성과 문화적 풍부함의 조화를 느끼실 수 있는 곳이다.","<a href=""https://www.ficonvention.com/main/index.php"" target=""_blank"" title=""새창 : 플로팅아일랜드 홈페이지로 이동"">www.ficonvention.com</a>",10:00~17:00,,,
485684,12,학도암(서울),서울특별시 노원구 중계로14다길 89,,9,127.0897584489,37.6519935361,,http://tong.visitkorea.or.kr/cms/resource/80/3465980_image2_1.jpg,Type3,HS,HS03,HS030100,학도암의 상징은 암자 뒤쪽 커다란 바위 면에 새겨진 높이 13.4m에 이르는 거대한 마애관음보살좌상이다. 이 마애관음보살좌상은 1870년(고종 7) 명성황후가 발원하여 조성했다고 하는 것으로 자비로운 미소로 중생을 굽어 살피고 있어 학도암뿐만 아니라 노원구의 명물이기도 하다. 바위에 새겨진 마애불은 전국적으로 많이 남아있지만 관음보살을 새긴 것은 많지가 않아 손에 꼽을 정도이다. 그중 학도암 마애관음보살좌상은 가장 크고 선명하게 남아있어 중요한 문화재로 여기고 있다. 이처럼 학도암은 학이 날아와 놀만큼 아름다운 경치를 주변에 두고 전국에서 가장 큰 마애관음보살상 아래에서 향화(香花)를 올리고 있는 소중한 도량이다.,,07:30~18:00,연중무휴<br>※ 종무소는 매주 월요일 휴무,,
822861,12,한강,서울특별시 성동구 강변북로 257,,16,127.0416216085,37.5389280323,,http://tong.visitkorea.or.kr/cms/resource/58/3564958_image2_1.jpg,Type1,NA,NA02,NA020100,"한강은 한반도 가운데를 가로지르는 강으로 강원도, 충청북도, 경기도, 서울특별시를 거쳐 서해로 유입하는 강이다. 반만년 유구한 역사를 우리 민족과 더불어 기쁨과 슬픔을 함께 해 온 우리 삶의 터전이며, 서울시민의 가장 대표적인 휴식공원이다. 한강의 본류인 남한강은 강원도 태백시 창죽동 검용소에서 발원한 하천으로서 삼척시 하장면 부근에서 골지천의 이름으로 북류하다가 광동댐을 지나 석병산에서 발원한 임계천과 합류해 서류, 정선군 북면 여량리에서 황병산을 발원지로 한 송천과 만나 조양강이 되어 흐르다가, 오대천과 합류한 후 남류하여 동강이 된다. 수운의 중심이었던 한강이 본격적인 산업화가 진행되면서 수질이 나빠졌지만 1988년 서울올림픽 개최권을 얻으면서 환경 개선의 필요성이 커지며 수질 개선과 함께 도시 인프라 확충으로 서울을 상징하는 랜드마크가 되었다. 지금은 한강을 중심으로 시민 휴식공원과 각종 체육시설, 수상 스키장, 요트장, 보트장, 낚시터 등을 갖추어 시민들의 오락, 휴양지로 이용되고 있다.","<a href=""http://hangang.seoul.go.kr/"" target=""_blank"" title=""서울시 한강사업본부 사이트로 이동"">http://hangang.seoul.go.kr</a>",상시 개방,연중무휴,,
1836261,12,한강방어 백골부대 전적비,서울특별시 영등포구 여의동로 지하343 (여의도동),여의나루역 2번 출구 근처,20,126.9328707368,37.5271413400,,http://tong.visitkorea.or.kr/cms/resource/08/3399708_image2_1.JPG,Type3,HS,HS02,HS020100,"한강방어선 전투는 6·25전쟁 초기 6월 28일부터 7월 4일까지 국군 3개 사단이 한강에 방어선을 구축하여 북한군의 공격을 저지한 전투이다. 당시 서울 삼각지에 주둔해 있던 제18보병연대(백골부대)는 6·25전쟁이 발발하자 2대대와 3대대를 동두천 일대에 투입하고, 1대대는 삼각이 일대에 배치하였다. 그러던 중 6월 28일 새벽, 한강인도교가 폭파되면서 1대대의 지휘체계가 분산되자 당시 3중대장 김상덕 중위를 삼각지에 진지를 구축하여 시가전을 전재했다. 하지만 수적 열세에 밀려 영등포 일대로 이동하여 한강방어선에 진지를 구축하고 전투를 수행했다. 제18보병연대는 열악한 장비와 병력에도 불구하고 북한군과 접전을 벌여 7일 동안 단독으로 영등포를 방어하였다. 한강방어 작전의 성공으로 국군은 전쟁 초기 피해를 수습하여 장비와 병력을 재편성할 수 있었으며, 미 지상군의 참전할 수 있는 시간을 확보하여 반격의 발판을 마련하였다.
백골부대 장병들의 이러한 희생과 공헌을 기리기 위해 50여 년이 지난 2003년 10월 1일, 백골전우회에서 양화인공폭포공원 내에 이 비를 세웠으나, 월드컵대교가 건설되면서 2020년 6월, 6·25전쟁 당시 백골부대 장병들이 사수하였던 이곳으로 이전하였다.","<a href=""http://www.ydp.go.kr/tour/viewTnTursmResrceU.do?resrceNo=70&key=4006"" target=""_blank"" title=""새창: 영등포구 문화관광으로 이동"">http://www.ydp.go.kr/tour/</a>",상시 개방,연중무휴,,
2390314,12,한복남 경복궁점,서울특별시 종로구 사직로 133-5,,23,126.9733212169,37.5762891312,,http://tong.visitkorea.or.kr/cms/resource/80/3553780_image2_1.JPG,Type3,EX,EX01,EX010100,"한복남은 함께 만들어가는 한복 놀이 문화를 만들어 가는 문화엔터테인먼트 기업으로, 새로운 프로젝트와 상품을 선보이기 위해 노력하고 있다. 한복남 경복궁점은 지하 1층부터 지상 3층까지의 규모에 1000여 벌의 한복을 다양한 디자인과 사이즈로 보유하고 있다. 또한 전문 스튜디오와 연계되어 있으며, 유료 스튜디오에서는 한복 전문 프로필촬영을 할 수 있고 연계 스냅 상품도 있어 홈페이지를 통해 예약이 가능하다. 한복 입혀주는 남자 '한복남'은 미처 몰랐던 한국의 재미있는 모습을 보여주는 공간이다.","<a href=""http://www.hanboknam.com/"" target=""_blank"" title=""새창: 한복남"">http://www.hanboknam.com/</a>",09:00~19:00 (입장 마감 18:30),연중무휴,,
2758809,12,한양공원,서울특별시 송파구 송파동 152,,18,127.1155492027,37.5040639670,,http://tong.visitkorea.or.kr/cms/resource/69/3401469_image2_1.JPG,Type3,VE,VE03,VE030100,"한양공원은 서울 송파구 송파2동에 위치한 곳으로, 송파한양 2차 아파트 옆으로 길게 조성된 공원이다. 이곳은 30년 넘게 한 자리를 지키며 인근 시민들에게 휴식 공간을 제공한다. 공원의 규모는 근린공원 중 소형에 속할 정도로 넓진 않지만 산책길과 벤치, 분수대, 운동시설 등 필요한 시설은 모두 갖추었다. 또한 아이들이 안전하게 뛰어놀 수 있는 어린이 복합놀이터가 있다. 공원 내에는 많은 종류의 나무들을 볼 수 있고 타 공원과 달리 향나무가 심어져 있다.",,상시 개방,연중무휴,,
1836300,12,해공신익희선생동상,서울특별시 강동구 천호3동 448-49호 (천호동 마을마당 내),,2,127.1318412470,37.5363494014,,http://tong.visitkorea.or.kr/cms/resource/36/3466036_image2_1.jpg,Type3,VE,VE01,VE010500,"독립운동가로 우리 민족의 자주독립과 민주주의 발전을 위해 헌신한 해공 신익희 선생의 공적을 기려 강동구청 주관으로 천호동에 동상을 건립하였다. 해공 신익희선생은 1894년 경기 광주 출신으로 1910년 한성관립외국어학교 졸업 후, 1912년 일본 와세다대학 정경학부에 입학하여 유학생 통합단체인 학우회를 조직하고 기관지 학지광을 발간하며 민족정신과 독립사상을 고취하였다. 1913년 귀국하여 고향에 동명강습소를 열어 신문화와 개화사상을 보급하였으며, 1919년 독립선언문을 배포하며 만세시위를 주도하였다. 그 해 일경의 체포령을 피해 상해로 망명, 임시정부 수립에 참여하여 내무차장, 국무원비서장, 외무총장 서리, 내무부장 등을 역임하시고 조국의 광복을 맞아 귀국하였다. 귀국 후 민주당 최고위원 및 국회의장을 역임하고 1956년 민주당 대통령 후보로 민주주의 실현을 위해 혼신의 힘을 기울이다 유세 가던 중 열차에서 뇌내출혈로 서거하였다.","<a href=""http://mfis.mpva.go.kr/memorial/movementView.do?sid=1663&memorialType=true&gubunCode=ALL&pageIndex=1&searchCondition=%EC%A0%9C%EB%AA%A9&searchKeyword=%EC%8B%A0%EC%9D%B5%ED%9D%AC"" target=""_blank"" title=""새창: 국가보훈처 현충시설 정보서비스 홈페이지로 이동"">http://mfis.mpva.go.kr/</a>",상시 개방,연중무휴,,
2761544,12,해방촌마을,서울특별시 용산구 신흥로3가길 66 (용산동2가),,21,126.9840128576,37.5427821054,,http://tong.visitkorea.or.kr/cms/resource/10/3568210_image2_1.jpg,Type1,VE,VE04,VE040200,"해방촌은 1945년 광복과 함께 고향을 떠나온 실향민과 해외에서 돌아온 사람들, 그리고 전쟁을 피해온 사람들이 남산 밑의 언덕에 정착하면서 해방촌이라 불리게 되었다. 서울 남산 주변으로 용산구 용산동 1가와 용산동2가에 걸쳐있는 마을로 서울의 대표적 달동네인 해방촌은 1979년에 용산재개발지구로 선정되어 주택건립사업을 하였으나, 좁은 골목과 언덕 등 달동네의 모습을 유지하고 있다. 2021년 용산구 도시재생사업을 통해 관광객들이 테마를 통해 마을을 들러볼 수 있도록 환경이 개선되었고, 해방촌 명소 ‘108계단’에는 경사형 승강기가 설치되었다. 드라마 <내 이름은 김삼순>, <이태원 클라쓰>. <동백꽃 필 무렵>, <소니 카메라 광고> 등 여러 촬영지로 알려지면서 많은 사람의 발길이 끊이지 않는다.","<a href=""https://www.yongsan.go.kr/portal/main/contents.do?menuNo=200314"" target=""_blank"" title=""새창 : 용산구청 홈페이지로 이동"">https://www.yongsan.go.kr/</a>",상시 개방,,,
1606001,12,해풍부원군윤택영댁재실,서울특별시 중구 퇴계로34길 28,,24,126.9944031366,37.5583638148,,http://tong.visitkorea.or.kr/cms/resource/48/3083948_image2_1.JPG,Type3,HS,HS01,HS010400,이 가옥은 순종의 장인인 해풍 부원군 윤택영이 그의 딸 순정황후가 1906년 황태자비로 책봉되어 창덕궁에 들어갈 때 지은 집이다. 건축자재는 경운궁을 헐 때 그 재목을 이용한 것으로 재질은 홍송이다. 동대문구 제기동 224번지에 있던 것을 이곳으로 이전·복원하였다. 가옥의 평면은 우리나라에서 보기 드문 으뜸 원(元)모양이다. ㅡ자형 인 사당은 원자의 머리에 위치하여 집의 제일 안쪽 높은 터에 자리 잡았다. 그 앞 남쪽 한단 낮은 터에 원자의 ㅠ형 몸채를 두었다. 몸채의 구조는 안채와 사랑채가 연속되어 ㅡ자형으로 ㅠ의 ㅡ를 이루고 그 앞 동서로 행랑채가 팔을 이루며 연속되어 있다. 사당은 1960년에 소실되었던 것을 복원하였으며 사당 앞에 두 단의 석축을 쌓아 화계를 구성하였다. 원형 평면의 중앙은 자연히 가운데 마당이 되는데 전면 동서 행랑채 벽선을 따라 담장을 치고 일각대문을 두어 마당으로 드나든다. 안마당은 서쪽 행랑의 중문을 통하고 사랑마당에는 동쪽 행랑 끝에 뻗어 나온 담장의 일각대문으로 드나들게 되어 있다. 지붕은 팔작 기와지붕으로 사랑채는 부연을 단 겹처마이고 나머지는 홑처마이다. 행랑채는 삼량가구로서 맞배지붕을 이루고 있다. 가옥 전체의 분위기는 살림집이라기보다는 재실 용도에 걸맞게 되어 있다. 때문에 대청을 중앙에 두고 안방과 사랑방이 마주한 것 등 특수한 요소가 많은 가옥이다.,"<a href=""https://www.heritage.go.kr/heri/cul/culSelectDetail.do?ccbaCpno=2441100240000&pageNo=1_1_1_1&sngl=Y"" target=""_blank"" title=""새창 : 국가유산청 홈페이지로 이동"">https://www.heritage.go.kr</a>","- 하절기 09:00~21:00<br>
- 동절기 09:00~20:00",매주 월요일,,
2946112,12,향기억,서울특별시 강남구 선릉로157길 23 (신사동),,1,127.0379584155,37.5261572277,,http://tong.visitkorea.or.kr/cms/resource/00/2947500_image2_1.jpg,Type1,EX,EX02,EX020400,"개인 맞춤으로 세상에서 단 하나뿐인 향수를 만들 수 있는 공방이다. 향수 외에도 디퓨저, 캔들 만들기가 가능하다. 향기억 공방은 원데이 클래스뿐만 아니라 취미반, 창업반 전문 클래스도 진행한다. 원데이 클래스는 소규모로 시간당 한 그룹만 진행하고 있어 편안한 분위기 속에서 향기에 집중하여 만들 수 있다. 매장 내 향료가 300가지 이상이라 어떤 향을 선호하고 어떤 향을 선호하지 않는지에 대해 자신만의 취향을 알게 되며 원하는 향료를 스스로 배합하는 시간을 통해 신기하고 흥미로운 시간을 보낼 수 있다. 향기억 공방에는 모모랜드 주이, 청하 등 다수의 유명 연예인이 방문한 바 가 있고, 매장 내에 향수는 물론 패브릭 퍼퓸, 반려동물 탈취 제품 등 다양한 향 제품도 구입할 수 있다.","<a href=""https://www.instagram.com/hyanggieok_official""target=""_blank"" title=""새창 : 향기억 인스타그램으로 이동"">https://www.instagram.com/hyanggieok_official</a>",11:00~21:00,연중무휴,,
126824,12,허준근린공원,서울특별시 강서구 허준로5길 42 (가양동),,4,126.8537434753,37.5676518844,,http://tong.visitkorea.or.kr/cms/resource/22/3400722_image2_1.JPG,Type3,VE,VE03,VE030100,"허준근린공원은 서울시에서 이 지역에 대단위 택지를 개발함에 따라 인근 주민을 위한 근린공원을 조성하면서 이 지방(공암)에서 출생하여 생을 마친 동의보감(25권 3106쪽)의 저자 허준(1539~1615)을 기려 허준근린공원이라 이름하였다. 이곳은 올림픽대로가 건설되기 전에는 탑산 절벽 아래까지 강물이 흐르고 강 중에 2개의 바위가 기둥처럼 솟아난 아름다운 강변이었다고 한다. 전설에 의하면 이 바위는 광주에서 떠내려 왔다 하여 광주암이라 불렸고, 이로 인해 광주군에서 이 바위의 소산으로 싸리비 몇 자루씩 양천으로부터 받아갔는데, 양천에서 이 바위는 필요 없으니 도로 가져가라고 한 다음부터는 그런 일이 없어졌다 한다.
택지개발로 매몰위기에 처한 이 광주암을 원형대로 보존하기 위해 새로운 호안을 구축하여 호수공원을 조성하였다. 공원 주변에는 전설과 유적지가 많은데, 탑산에는 공암 충탑과 소요정이 있었고, 여기서 바라보는 한강은 바다와 같이 넓고 다음다워서 많은 시인묵객이 풍진에 시달린 심신을 달래며 시제와 화제로 삼았다고 한다. 공원의 서문을 지나면 고려 말기의 명사인 이조년, 이억년 형제가 길가에서 주운 황금덩이를 형제의 우래를 해진다 하여 강물에 던져버린 투금탄의 전설이 어린 공암나루터와 양천(공암) 허씨의 시조 동굴인 허가바위가 있고, 약 1㎞를 더 가면 서울시에 유일하게 남아 있는 지방향교인 양천향교와 양천고성지, 소악루터 등이 있다.
허준근린공원 호수 북쪽 언덕에는 따뜻한 인간미를 지닌 대학자 허준 선생이 환자를 진료하는 모습의 동상을 건립하여 이곳이 강서의 역사문화 지역으로서 그 맥을 이어가고 있다는 것을 보여주고 있다.","<a href=""https://www.gangseo.seoul.kr/munhwa/mh050202/view?cltSn=27"" target=""_blank"" title=""새창 : 강서문화관광으로 이동"">https://www.gangseo.seoul.kr</a>",상시 개방,연중무휴,,
827642,12,헌인릉 생태경관보전지역(오리나무림),서울특별시 서초구 헌인릉길 36-10 (내곡동),,15,127.0810118065,37.4642401896,,http://tong.visitkorea.or.kr/cms/resource/20/3499820_image2_1.jpg,Type3,NA,NA04,NA040500,"헌인릉 생태경관보전지역은 대모산의 남사면 하단 산자락 헌인릉 아래쪽으로 17,000여 평의 오리나무가 군락을 이루고 있는 숲이다. 대모산 남사면의 넓은 유역으로부터 유입되는 지하수로 인해 수위가 높고, 저지대로 토심이 깊어 양호한 환경조건을 갖추어 서울시에서 보기 드문 대규모 오리나무 군집이 형성되어 있다. 또한, 오리나무가 자라는 지역 곳곳에는 물웅덩이와 소규모 수로가 잔재하여 다양한 습지성 초본식물들이 번성하고 서울시 보호종인 오색딱따구리, 제비, 꾀꼬리, 박새 등이 서식하는 등 생물다양성이 풍부하다. 오리나무림, 노란물봉선, 둥굴레, 붓꽃 등 다양한 습지식물이 살고 있고 걷기 쉽도록 목재 데크로 만들어 놓아 습지에 사는 식물들을 쉽게 관찰할 수 있다. 생태경관보전지역으로 지정되면 이 지역 내에서 야생 동식물을 포획하거나 토석을 채취하는 등 생태계 보전에 해를 끼치는 모든 행위가 금지된다.",,"[2월~5월] 09:00~18:00 (입장마감 17:00)<br>
[6월~8월] 09:00~18:30 (입장마감 17:30)<br>
[9월~10월] 09:00~18:00 (입장마감 17:00)<br>
[11월~1월] 09:00~17:30 (입장마감 16:30)","매주 월요일<br>※ 단, 월요일이 공휴일인 경우 개방하며, 그 다음 첫 번째 평일에 휴관",,
2763818,12,헬로애니멀,서울특별시 도봉구 마들로 650 (방학동),,10,127.0470813263,37.6680825612,,http://tong.visitkorea.or.kr/cms/resource/36/3467836_image2_1.jpg,Type3,VE,VE02,VE020300,"서울 도봉구 1호선 방학역 중랑천변에 위치한 실내 동물원이다. 작고 귀여운 파충류, 조류 등 50여 종의 작은 동물들이 있으며, 전문 사육사와 함께 동물들에 관해 설명을 들을 수 있고, 가까이에서 보고 만지면서 교감하고, 직접 먹이를 주며 관찰할 수 있다. 빌딩 지하에 주차공간이 있고 주말에는 도봉구청 주차장도 이용할 수 있다.","<a href=""https://www.instagram.com/helloanimal/"" target=""_blank"" title=""새창 : 헬로애니멀 홈페이지로 이동"">https://www.instagram.com/helloanimal/</a>",10:30~19:00 (입장 마감 18:00),연중무휴,,
1837037,12,호국무공수훈자공적비,서울특별시 성동구 용답동,237,16,127.0701156307,37.5602538457,,http://tong.visitkorea.or.kr/cms/resource/81/3465481_image2_1.jpg,Type3,HS,HS02,HS020100,"6.25 전쟁에서 나라를 지키고 베트남전에서 세계평화를 위해 용전분투한 무공수훈자들의 업적과 숭고한 호국정신을 기리기 위하여 성동구 및 무공수훈자회 성동구지회의 정성과 의지를 모아 6.25 전쟁 60주년이 되는 2010년에 건립되었다. 공적비는 원형좌대의 계단 위에 제1 탑(공적비명), 제2 탑(무공수훈자명단 279명), 제3 탑(취지문, 후원기관 등)으로 이루어져 있다. 규격은 가로 6.8m, 세로 6.8m, 높이 5m이다.","<a href=""http://mfis.mpva.go.kr/memorial/movementView.do?gubunCode=ALL&sid=59&pageIndex=1&searFacilgubun=&searTopicsort=&searAddr_sigun=%EC%84%9C%EC%9A%B8&searMpvabranch=%EC%84%B1%EB%8F%99%EA%B5%AC&searVR=&searInfo=&searGbn=tit&searTxt="" target=""_blank"" title=""새창: 국가보훈처 현충시설 정보서비스 홈페이지로 이동"">http://mfis.mpva.go.kr</a>",상시 개방,연중무휴,,
486625,12,호국지장사(서울),서울특별시 동작구 현충로 210 (동작동),,12,117.9925662504,19.6944274800,,,,HS,HS03,HS030100,"호국지장사는 670년 풍수지리설에 뛰어났던 도선국사가 창건하였다고 하지만 도선국사는 9세기 사람이나 7세기보다는 9세기 후반에 창건된 것으로 보는 것이 타당한 듯하다. 도선국사는 이곳이 칡덩굴이 엉켜있고 약수가 나는 명당이므로 갈궁사라 했다고 전한다. 그 후에는 폐허가 되다시피 한 갈궁사를 고혀 공민왕 때 보인스님이 중창하고 절 이름을 고쳐 화장암이라고 하였다고 한다.『봉은 본말 사지(奉恩本末寺誌)』에 의하면 1577년에 선조의 생조모인 창빈 안 씨(昌嬪 安氏)의 묘를 부근으로 옮기면서 이 절을 능침 사찰로 삼고 이름을 화장사로 바꿨고, 이후 1663년에 중수를 하였다고 전해진다. 그 뒤 1862년에는 운담과 경해 두 스님이 중건하였다. 1870년에는 운담과 경해 두 스님이 경 파루를 새로 지었으며, 1878년에는 주지 성월스님과 경해스님이 대방 등을 수리하였다. 1896년에는 칠성각을 새로 지었고, 1920년에는 주지 원옹스님과 명진스님이 큰방을 수리하였으며, 1936년에는 주지 유영송 스님이 능인전을 중수하였다. 한국 전쟁 이후에는 이곳에 국립묘지가 들어섰고, 1983년에는 호국지장사로 다시 사명을 바꾸어 오늘에 이르고 있다.","<a href=""https://blog.naver.com/jizangsa"" target=""_blank"" title=""새창 : 호국지장사 네이버 블로그로 이동"">https://blog.naver.com/jizangsa</a>",09:00~18:00,연중무휴,,
1116022,12,호암산성,서울특별시 금천구 시흥동,산83-1번지,8,126.9145135735,37.4462531839,,http://tong.visitkorea.or.kr/cms/resource/31/2675531_image2_1.jpg,Type3,HS,HS01,HS011000,"관악산에 위치한 삼국시대 신라 시기의 성곽으로 한우물, 석구상 등 문화재 및 관악산 둘레길 코스 중 하나인 전통사찰 호압사와 연계 관광 가능하다. 호암산성은 산마루를 둘러쌓은 통일신라시대의 테뫼식 산성으로 둘레는 1,250m이며, 그중 약 300m 구간에 성의 흔적이 남아있다. 한우물은 호암산 정상에 있는 길이 22m, 폭 12m의 연못으로 네 주변을 화강암으로 쌓았으며, 용보(龍洑)라는 별칭을 가지고 있다. 가뭄 때에는 기우제를 지내고 전시(戰時)에는 군용에 대비하였다 한다. 이 연못 모양의 우물이 만들어진 정확한 시기는 알 수 없으나 보수를 위한 발굴 당시 확인된 바로는 삼국시대에 만들어진 연못이 현재의 연못 밑에 묻혀 있었으며, 그 위에 어긋나게 축석 한 연못이 다시 조선 초기에 만들어졌음이 밝혀졌다. 한우물의 조선시대 석축지는 동서 22m, 남북 12m, 깊이 1.2m의 규모로 그 아래의 통일신라의 석출지도 확인되었다. 다른 우물지에서는 ‘잉벌내력지내미(仍伐內力只內未)’라는 글이 있는 청동숟가락이 나왔다. 우물지 근처에서 개 모양의 동물상(석수상, 길이 1.7m, 폭 0.9m, 높이 1.0m)이 발견되었는데, 이 것은 조선시대 서울에 화재가 생기는 것을 막기 위해 세웠다는 설화와 관련 있는 것으로 보인다. 한우물 근처에서 석구지(石拘池)라고 새겨진 돌이 발견되었는데, 아마도 이 연못이 석수상과 관련되어 석구지라고 불려진 것이라고 보인다.","<a href=""https://www.geumcheon.go.kr/portal/contents.do?key=953"" target=""_blank""   title=""호암산성 홈페이지로 이동"">https://www.geumcheon.go.kr/</a><br><a href=""https://www.heritage.go.kr/heri/cul/culSelectDetail.do?ccbaKdcd=13&ccbaAsno=03430000&ccbaCtcd=11&pageNo=1_1_1_0""target=""_blank"" title=""새창 : 국가유산청 이동"">https://www.heritage.go.kr/</a>",상시 개방,연중무휴,,
3452906,12,홍제천인공폭포,서울특별시 서대문구 연희로 248 (연희동),,14,126.9362995081,37.5792603445,,http://tong.visitkorea.or.kr/cms/resource/45/3452745_image2_1.jpg,Type1,NA,NA05,NA050100,"홍제천인공폭포는 도심 속 오아시스와 같은 곳이다. 25m 높이의 시원한 인공폭포가 쏟아져 내리는 장관은 더위를 식히고 일상의 피로를 잊게 해주는 멋진 풍경을 선사한다. 폭포 주변에는 산책로, 벤치, 카페 등 다양한 편의시설이 마련되어 있어 여유로운 시간을 보낼 수 있다.",https://www.sdm.go.kr/culture/index.do,,연중무휴,,
129506,12,홍지문 및 탕춘대성,서울특별시 종로구 홍지동,99-7,23,126.9586135629,37.5996528175,,http://tong.visitkorea.or.kr/cms/resource/03/3531403_image2_1.jpg,Type1,HS,HS01,HS010200,"탕춘대성은 조선 후기 도성방어체계를 보여주는 독특한 구조의 방어성으로, 한양의 도성과 북한산성을 연결하여 세운 성이다. 도성과 북한산성 사이 사각지대인 지형에 맞게 두 성 사이를 이어 성벽을 만든 일종의 관문성(關門城) 성격을 지녔다. 성곽 둘레는 약 4㎞로서, 성 안에 연무장(演武場)인 연융대(鍊戎臺)를 만들고 군량창고 등을 갖추었다. 성벽은 크기가 고른 정방형의 둘로 반듯하게 쌓아 숙종 때 성을 쌓는 기법을 잘 보여준다. 
홍지문은 홍예 위에 정면 3칸, 측면 2칸짜리 문루를 지었는데, 대개의 성문처럼 우진각지붕이다. 그 옆으로 이어진 수문(水門)인 오간수대문은 홍예 5칸을 틀어 수구(水口)로 썼다.
성의 이름은 연산군 때 세검정 동편 봉우리에 탕춘대(현재 세검정초등학교)를 쌓고 연회를 베풀었던 것에서 유래했는데, 홍지문은 한북문으로도 불렸다.
1921년 홍수로 인해 홍지문과 오간수대문은 무너졌으나 1977년 탕춘대성과 함께 다시 지어졌다.",,상시 개방,연중무휴,,
2654601,12,화랑대 철도공원,서울특별시 노원구 화랑로 608 (공릉동),,9,127.0931061506,37.6245051267,,http://tong.visitkorea.or.kr/cms/resource/16/3573216_image2_1.jpg,Type1,VE,VE03,VE030100,"서울의 마지막 간이역이던 옛 화랑대역이 화랑대 철도공원으로 재탄생했다. 1939년 경춘선 개통 후 2010년 운행이 중단된 경춘선 철로구간을 공원으로 꾸민 곳으로, 기존 폐선을 걷어내지 않고 그대로 살려 옛 경춘선의 추억도 살리고 산책로도 제공하는 낭만적인 공간으로 탈바꿈되었다. 폐노선에는 1950년대의 미카열차와 협궤열차, 그리고 체코와 일본 히로시마의 노면전차까지 실물 기차가 곳곳에 전시되어 있어 사진 애호가에게는 단골 출사지로, 지역 주민들에게는 호젓한 산책 공간으로 사랑받고 있다. 공원 내의 구 화랑대역은 전시관으로 조성되어 역사의 구조와 연대기, 경춘선의 역사를 디지털 화면으로 볼 수 있으며, 승차권 매표소, 철제 책상, 추억의 열차 공간이 아날로그의 정취를 더한다.",,상시 개방,연중무휴,,
1604450,12,황학정,서울특별시 종로구 사직로9길 15-32 (사직동),,23,126.9651024987,37.5771000006,,http://tong.visitkorea.or.kr/cms/resource/31/3350631_image2_1.jpg,Type3,HS,HS01,HS010100,"황학정(黃鶴亭)은 1899년(광무 3) 고종 황제의 명으로 경희궁 회상전 북쪽에 궁술을 연습하도록 지은 사정(射亭, 활터에 있는 정자)이다. 1894년 갑오개혁 이후 군대 제식무기에서 활이 제외되면서 전국의 사정이 거의 사라졌다. 이를 안타깝게 여긴 고종이 ‘국민들의 심신단련을 위하여 궁술을 장려하라’는 어명을 내렸고, 궁궐 내에 황학정을 지어 일반 백성들에게 개방하였다. 고종은 이곳을 자주 방문하여 직접 활쏘기를 즐겼다고 전해진다.
1922년 일제가 경희궁을 헐면서 황학정을 옛 등과정 터인 사직동 지금의 자리로 옮겼다. 등과정은 조선시대 인왕산 아래 웃대에 있던 다섯 곳 사정 가운데 하나였다.
건물은 앞면 4칸, 옆면 2칸 규모이며, 지붕 옆면이 여덟 팔(八)자 모양인 팔작지붕집이다. 
황학정은 활터 건물의 본보기로 현재까지도 활쏘기 행사가 열리며, 국궁문화를 이어가고 있는 역사적인 장소이다.","<a href=""https://hwanghakjeong.org/"" target=""_blank"" title=""새창 : 황학정 공식 홈페이지로 이동"">https://hwanghakjeong.org</a>",10:00~17:00,매주 월요일 / 1월 1일 / 설·추석 당일,,
126914,12,효민공 이경직 묘역,서울특별시 관악구 남현동,산 57-48,5,126.9756156509,37.4709514086,,http://tong.visitkorea.or.kr/cms/resource/84/3401684_image2_1.JPG,Type3,HS,HS01,HS010800,"신도비란 임금이나 고관의 평생업적을 기록하여 그의 무덤 남동쪽에 세워두는 것으로, 이 비는 조선 중기의 문신인 이경직 선생을 기리고 있다.
이경직은 이항복과 김장생의 제자로, 조선 선조 때 승문원에서 처음으로 벼슬을 시작하여 강화유수를 지내었고, 병으로 생을 마칠 때까지 도승지, 호조판서 등의 여러 관직을 맡아보았다. 1617년(광해군 9)에는 일본에 회답사의 종사관으로 다녀오고, 1642년(인조 2) 이괄의 난이 일어나자 전라절도사로서 커다란 공을 세웠다. 1627년(인조 5) 정묘호란 때에는 병조참판으로 청나라의 사신과 교섭하여 화의를 성립시키기도 하였다.
비는 네모난 받침돌 위에 비몸을 세우고 지붕돌을 올린 모습으로, 당시의 양식을 잘 따르고 있다. 1668년(현종 9)에 세운 것으로, 김류가 비문을 짓고 그의 셋째 아들인 이정영이 글씨를 썼다. 역사적·학술적으로 보존할 만한 가치를 지니며, 선생의 묘소 일대는 조선시대 당시의 묘제를 연구하는데 중요한 자료가 되고 있다.

(출처 : 국가유산청)","<a href=""https://www.gwanak.go.kr/site/gwanak/05/10505020300002016051205.jsp"" target=""_blank"" title=""새창 : 관악구청으로 이동"">https://www.gwanak.go.kr</a>",상시 개방,연중무휴,,
2767753,12,후암거실,서울특별시 용산구 두텁바위로1가길 47 (후암동),,21,126.9762495143,37.5484924136,,http://tong.visitkorea.or.kr/cms/resource/59/3542759_image2_1.jpg,Type1,VE,VE12,VE120300,"후암거실은 서울역 인근에 위치한 곳으로, 나만의 공간에서 영화를 볼 수 있는 아늑한 공간이다. 남산과 서울타워를 바라보며 홈 시어터 시설(4K 지원 빔과 5.1 채널 스피커)이 완비된 공유거실에서 연인이나 친구와 함께 우리만의 시간을 보낼 수 있는 공간이다. 내부는 청록색 소파와 원목의 가구들로 눈길을 이끄는 세련된 인테리어로 꾸며놨다. 
후암거실의 1층과 2층은 카페 후암연립으로 간단한 음료와 디저트, 주류를 주문할 수 있다. 남산타워가 한눈에 보이는 야경을 감상하며 조용하고 편안한 시간을 보낼 수 있다.",,09:00~24:00,연중무휴,,
2932122,12,후암별채,서울특별시 용산구 후암로35길 39,,21,126.9761522655,37.5497617088,,http://tong.visitkorea.or.kr/cms/resource/15/3542815_image2_1.jpg,Type1,EX,EX05,EX050400,"오롯이 한 사람만을 위해 준비된 프라이빗한 공간으로 혼자만의 물놀이와 휴식이 가능한 공간이다.
지친 일상 속 피로를 풀어줄 반신욕과 따뜻한 차 한잔의 여유를 즐길 수 있다.
예약제로 운영되는 공간이며 1인 전용 공간이다.","<a href=""https://www.project-huam.com/"" target=""_blank"" title=""새창"">https://www.project-huam.com</a>",13:00~24:00,연중무휴,,
1605966,12,훈련원공원,서울특별시 중구 을지로 227 (을지로5가),,24,127.0034353998,37.5670907411,,http://tong.visitkorea.or.kr/cms/resource/83/3077783_image2_1.JPG,Type3,VE,VE03,VE030500,"이곳 훈련원 터는 병사의 무술훈련 및 병서전투대형 등의 강습을 맡았던 훈련원이 있었다. 훈련원은 조선 태조 원년(1392)에 설치되어 처음에는 훈련관으로 불렀는데, 태종 때 이곳으로 옮겨 청사 남쪽에 활쏘기 등 무예를 연습하고 무과시험을 보는 대청인 사청을 지었으며, 세조 12년(1466)에 훈련원으로 고쳤다. 
현재의 훈련원공원 및 주차장이 건설되기 이전 이곳에는 적벽돌로 장식되고 내부구조는 백두산에서 벌목되어 압록강을 따라 황해로 운반된 육송으로 지어진 목조건물이 있었다. 이 건물 철거 시 회수한 목재를 가공하여 여기 안내판을 제막하는 데 사용함으로써 옛 내음을 보존하고자 하였다. 1997년 6월 30일 개원했으며, 잔디밭, 음수대, 안개분수 등의 조경시설과 관리실, 화장실, 벤치 등의 편익시설을 갖췄다.","<a href=""https://parks.seoul.go.kr/parks/detailView.do?pIdx=23"" target=""_blank"" title=""새창 : 서울의 공원으로 이동"">https://parks.seoul.go.kr</a>",상시 개방,연중무휴,,
126514,12,흥인지문,서울특별시 종로구 종로 288 (종로6가),,23,127.0097180432,37.5712209291,,http://tong.visitkorea.or.kr/cms/resource/27/2536327_image2_1.jpg,Type3,HS,HS01,HS010300,"흥인지문은 서울성곽 8개의 문 가운데 동쪽에 있는 문으로 서울성곽은 서울 한양도성의 옛 이름이며 옛날 중요한 국가시설이 있는 한성부를 보호하기 위해 만들었다. 동쪽에 있는 큰 문이라 하여 동대문이라고도 부른다. 조선 태조 5년(1396) 도성 축조 때 건립했으며 단종 원년(1453)에 고쳐 지었고, 지금 있는 문은 고종 6년(1869)에 새로 지은 것이다. 앞면 5칸, 옆면 2칸 규모의 2층 건물이고 지붕은 앞면에서 볼 때 사다리꼴모양을 한 우진각 지붕이다. 지붕 처마를 받치기 위해 장식하여 만든 공포가 기둥 위뿐만 아니라 기둥 사이에도 있는 다포 양식인데, 그 형태가 가늘고 약하며 장식한 부분이 많아 조선 후기의 특징을 잘 나타내주고 있다. 또한 바깥쪽으로는 성문을 보호하고 튼튼히 지키기 위하여 반원 모양의 옹성을 쌓았다. 이는 적을 공격하기에 합리적으로 계획된 시설이라고 할 수 있다. 흥인지문은 도성의 8개 성문중에서 유일하게 옹성을 갖추고 있으며, 조선 후기 건축 양식을 잘 나타내고 있다.
수도권 지하철 1호선, 4호선 동대문역 9번 출구 바로 옆에 있다. 도보로 5분 거리에 성곽공원과 한양도성박물관이 있고 DDP와 동대문시장 등의 서울 명소가 있어서 같이 돌아보면 좋다.",,상시 개방,연중무휴,,
2611482,12,150년 수령 느티나무,서울특별시 양천구 목동중앙본로1길 37 (목동),,19,126.8687762819,37.5376778592,,http://tong.visitkorea.or.kr/cms/resource/57/3396257_image2_1.JPG,Type3,NA,NA03,NA030200,"수령 150년 된 느티나무 고목으로 이 느티나무는 이곳이 대규모 주택단지로 변모하기 이전에도 마을이 존재했었다는 하나의 증표가 되고 있다. 지금으로부터 150년 전 뜻있는 나말(목4동의 옛 이름) 마을의 주민이 식재하여 현재에 이르고 있으며 6·25 전쟁 때는 폭격을 받아 고사상태였으나 새순이 움트는 등 각종 재해를 극복하고 잘 자라 현재의 모습을 갖추게 되었다. 전해 내려오는 말에 의하면 누구든 소원을 빌기만 하면 무엇이든지 이루어졌다고 하며, 함부로 훼손하면 저주를 받고 큰 재앙이 뒤따른다고 하여 살아있는 마을의 수호신으로 받들여지고 있다. 이 느티나무는 목4동 동민들이 함께 정성껏 잘 가꾸며 보호해오고 있다.","<a href=""http://www.yangcheon.go.kr/site/yangcheon/ex/bbs/List.do?cbIdx=353"" target=""_blank"" title=""새창:  양천구청으로 이동"">http://www.yangcheon.go.kr</a>",상시 개방,연중무휴,,
3432447,12,2025 서울 카페&베이커리페어,서울특별시 강남구 남부순환로 3104 (대치동),SETEC,1,127.0707673919,37.4960890861,,http://tong.visitkorea.or.kr/cms/resource/64/3432064_image2_1.jpg,Type1,EX,EX07,EX070200,"카페&베이커리페어는 카페 창업주와 바이어를 대상으로 한 전문 전시회로, 카페 운영에 필요한 원두, 로스팅 머신, 장비, 인테리어 소품 등 다양한 품목을 선보인다. 전시회에는 커피머신과 장비 판매업체, 원두 납품업체 등 관련 기업들이 주로 참가하며, 방문객은 전시 제품을 체험하고 구매할 수 있다. 카페 관련 최신 트렌드를 한자리에서 확인할 수 있어 카페 창업을 준비하거나 업계 종사자들에게 유익한 기회가 된다. 또한 바리스타 대회, 디저트 대회 등 다양한 부대행사가 진행되어 볼거리가 풍성하다. 매년 새로운 대회와 프로그램이 마련되니 미리 일정을 확인하고 방문하는 것이 좋다.",https://www.cafenbakeryfair.com/main,,,,
2992823,12,K-컬처 스크린(대한민국역사박물관),서울특별시 종로구 세종대로 198 (세종로),,23,126.9775736680,37.5741339024,,http://tong.visitkorea.or.kr/cms/resource/06/2987806_image2_1.jpg,Type1,EX,EX07,EX070200,"K-컬처 스퀘어는 우리나라의 매력적인 문화자원을 3차원 미디어아트 등 신기술 융합 콘텐츠로 구현해 광화문 일대에 전시하고 국내외 관람객들에게 문화체험을 제공하기 위해 조성된 공간이다. 
전 세계 창작자들을 위한 공공미디어 캔버스 문화와 예술자원, 기술력을 공공향유하는 디지털 사이니지 K-컬처 스크린은 사람이 모이고 드나드는 광화문 거리에 다양한 콘텐츠로 광화문의 역사, 시간, 이야기를 보여준다. 재미있는 상상력으로 가득한 입체감 있는 미디어아트와 관객들의 참여가 진정한 의미의 공공미디어 캔버스를 완성시킨다. K-컬처 스크린은 총 3곳으로, 대한민국역사박물관, 경복궁역 서울메트로미술관, 세종문화회관에서 만날 수 있다. 

세 곳 중 한 곳인 대한민국역사박물관 외벽 ㄴ자 형태 화면이 꺾어지는 곡면 지점에 스크린을 설치하고 다양한 미디어아트 콘텐츠를 선보이고 있다. 매일 오전 6시부터 밤 10시까지 다양한 콘텐츠의 미디어아트가 상영되는데, 영상은 한 시간 간격으로 반복되어 어느 시간대에 방문해도 K-컬처 미디어아트를 자유롭게 관람할 수 있도록 했다. 현재 K-컬처 스크린을 통해 선보이는 미디어아트는 총 16개의 테마로 검은 토끼의 모험, 더 키네틱, 광화 오브제, 광화 연대기, 광화 시계탑, 타이거, 소프트 보디, 웨일, 웨이브, 영원한 생명력, 리빙 몬스터, 디지털 퍼레이드, 애니멀 타임스, 인절미 3인방, 공중 정원, 라이트닝 등 제목만으로는 도저히 짐작할 수 없는 흥미로운 콘텐츠 일색이다. 광화문광장 잔디마당 인근에서 보면 아나몰픽 효과를 제일 실감 나게 관람이 가능하다.","<a href=""https://kculturesquare.kocca.kr/ko/main"" target=""_blank"" title=""새창 : K-컬처 스퀘어 홈페이지로 이동"">https://kculturesquare.kocca.kr/ko/main</a>",06:00~22:00,연중무휴,,
130446,14,가회민화박물관,서울특별시 종로구 북촌로 52 (가회동),,23,126.9852783115,37.5815442900,,http://tong.visitkorea.or.kr/cms/resource/90/3355090_image2_1.png,Type3,VE,VE07,VE070100,"우리 겨레는 반만년이라는 유구한 세월 동안 외래문화를 수용하면서도 전통문화의 주체성과 독자성을 잘 지켜왔다. 그러나 오늘날 산업이 발달하고 생활양식이 급변하면서 우리의 전통문화는 점차 퇴색되어만 가고 있다. 이러한 시점에서 우리 민족의 전통유산인 민화를 체계적으로 연구하고 전시하여 훌륭한 문화유산을 느끼는 일은 매우 중요하다.
가회민화박물관은 우리의 소중한 문화유산을 일깨우기 위해 선조들의 삶과 지혜가 담겨 있는 민화와 부적을 좀 더 깊이 있게 연구하여 그 소중함을 일깨우고자 하는 데 설립 목적을 두고 있다. 2002년에 문을 연 가회민화박물관에서 전시하고 있는 민화는 우리의 삶과 닮아 있는 그림이며, 무병장수(無病長壽), 부귀다남(富貴多男), 부귀공명(富貴功名) 등 인간의 소박한 바람이 담겨 있다. 한편 벽사적 의미를 담고 있는 민화를 통해 사람들은 그려진 소재의 주술적인 힘이 여러 가지 재앙으로부터 보호해 주고 소원도 이루어준다고 믿었다.","공식 홈페이지 <a href=""http://www.gahoemuseum.org/"" target=""_blank"" title=""새창 : 가회민화박물관 공식 홈페이지로 이동"">http://www.gahoemuseum.org</a><br>
네이버 블로그 <a href=""https://blog.naver.com/dbs1769"" target=""_blank"" title=""새창 : 가회민화박물관 네이버 블로그로 이동"">https://blog.naver.com/dbs1769</a>","[관람시간]<br>
- 3월~11월 10:00~18:00<br>
- 12월~2월 10:00~17:00<br>
※ 관람 시 종료 40분 전까지 입장<br>
[체험시간]<br>
- 10:00~16:00<br>
※ 체험 시 종료 1시간 전까지 입장",매주 월요일,"5,000원",
130511,14,간송미술관(서울 보화각),서울특별시 성북구 성북로 102-11 (성북동),,24,126.9973796423,37.5936764304,,http://tong.visitkorea.or.kr/cms/resource/43/3464643_image2_1.jpg,Type3,VE,VE07,VE070600,"간송미술관은 우리나라 최초의 사립미술관으로, 간송 전형필 선생이 1938년 ‘보화각(葆華閣)’이라는 이름으로 개관한 후 1966년 간송미술관으로 재편되었다. 설립자 간송 전형필은 일제강점기, 식민 지배를 위해 의도적으로 평가절하되고 말살되어 가던 우리나라 문화의 우수성과 아름다움을 후세에도 널리 알리고자 우리나라를 대표할 만한 유물들을 연구하며 지켰다. 간송미술관은 국보 11점, 보물 22점 등을 보유하고 있다.","<a href=""https://www.kansong.org/seoul/index.do"" target=""_blank"" title=""새창 : 간송미술문화재단 홈페이지로 이동"">https://www.kansong.org</a>","[정기전시]<br>
- 춘계전시 4월 말~5월 초<br>
- 추계전시 9월 말~10월 초<br>
[관람시간] <br>
- 10:00~18:00<br>
※ 일정은 미술관 및 재단 사정에 의해 변동 가능하므로 홈페이지 참조 또는 전화 문의 요망<br>
※ 전시 관람은 사전 예약제로 운영",매주 월요일 / 전시 또는 프로그램 운영 기간이 아닌 경우,※ 전시마다 상이,
130376,14,강동문화원,서울특별시 강동구 상암로 168 (천호동),,2,127.1412345681,37.5457706995,,http://tong.visitkorea.or.kr/cms/resource/98/3476898_image2_1.JPG,Type3,VE,VE09,VE090100,"강동문화원은 1999년 강동구 지역 문화의 개발, 보급, 보존, 전승 및 선양을 위하여 설립되었다. 1999년 설립되어 그동안 운영이 미진하였으나 2005년 새로운 임원진 구성과 함께 강동구 일원 지표조사를 실시하는 등 활발한 활동을 하고 있다. 
강동문화원은 많은 강동구민들을 위한 둔촌 백일장, 사생대회 및 작품전시회 또한 필하모닉 오케스트라와 혼성 중창단 등 다양한 문화활동을 진행하고 있으며, 사회배려계층을 위한 프로그램들과 서울 암사동 유적 관련 사업 등을 통해 지역 사회의 정서함양을 위한 노력을 하고 있다. 대표적인 문화강좌로는 고전 소설, 심리학 등 다양한 주제의 강의를 들을 수 있는 강동문화대학과 라인댄스가 있다.","<a href=""http://www.gdcc.or.kr/"" title=""새창 : 강동문화원 홈페이지로 이동"" target=""_blank"">http://www.gdcc.or.kr</a>","평일 09:00~21:00<br>
토요일 09:00~18:00",매주 일요일 / 법정공휴일 / 1월 1일 / 설·추석 연휴,프로그램별 상이,
2591878,14,갤러리 구루지,서울특별시 구로구 가마산로25길 21,,7,126.8894255436,37.4970135079,,http://tong.visitkorea.or.kr/cms/resource/14/3392914_image2_1.JPG,Type3,VE,VE07,VE070600,"구로구민회관 1층에 위치한 갤러리 구루지는 기획 및 대관 전시 등 주민들의 문화 향유 증대를 위한 구로구 대표 갤러리이다. 구루지란 구로구민회관 일대에 있었던 마을 이름이며, 구로동에서 가장 오래된 마을이다. 접시의 움푹 들어간 가운데 부분처럼 가장 지대가 낮은 곳에 위치했다고 하여 구루지 마을로 불렸다.","<a href=""https://www.guroartsvalley.or.kr/user/overall/overallArt3.do"" target=""_blank"" title=""새창: 구로문화재단 홈페이지로 이동"">www.guroartsvalley.or.kr</a>",10:00~18:00,연중무휴,무료,
130568,14,갤러리 미즈,서울특별시 종로구 삼일대로 461 (경운동),101동 B105,23,126.9862172830,37.5756088859,,http://tong.visitkorea.or.kr/cms/resource/11/3384811_image2_1.JPG,Type3,VE,VE07,VE070600,"갤러리 미즈는 한국의 현대미술을 세계 속에 소개하고 있는 갤러리이다. 이 외에도 뉴욕, LA를 비롯하여 북경, 홍콩 등 주요 아트페어에 참가하고, 기획전과 초대전을 비롯해 한국 미술의 발전을 위한 견인차 구실을 해오고 있다. 특히, 작가 발굴을 위한 일련의 MIZ Artists 프로그램은 젊은 작가를 지속해서 지원하는 것으로 이 제도를 통해 작가 김지현 등 20여 명이 배출되어 한국화단의 중추적 역할을 하며 활발한 활동을 해오고 있다.
갤러리 미즈는 제삼 세계 미술 소개 등 국제적 문화교류 협력 차원의 전시 기획과 21세기 정보화 시대에 따른 인터넷 미술 시장에 대한 점진적인 확대를 비전으로 두고 있다. 또, 21세기 문화 가족 만들기와 일련의 기획 시리즈 전시와 같은 다양한 프로그램도 기획하고 있다.","<a href=""http://gallerymiz.com/"" target=""_blank"" title=""새창 : 갤러리 미즈 공식 홈페이지로 이동"">http://gallerymiz.com/</a>",10:30~18:30,연중무휴,무료,
129927,14,갤러리 서림,서울특별시 강남구 학동로 523,,1,127.0560652706,37.5201388076,,http://tong.visitkorea.or.kr/cms/resource/72/3413872_image2_1.jpg,Type3,VE,VE07,VE070600,갤러리 서림은 강남구 학동로에 위치하고 있다. 1984년 시인 김성옥이 인사동에 서림화랑으로 처음 개관한 상업미술 전시판매장이다. 서림화랑의 대표 시인 김성옥은 인사동 시절인 1991년에 당시 문화의 불모지였던 강남에 박여숙화랑과 함께 청담미술제를 개최하는 주역으로 강남구 청담동 일대가 문화 예술적인 지역성을 갖게 되는데 역할을 하기도 했다. 2008년 4월에는 인사동에 있던 화랑을 청담동으로 이전하면서 화랑 이름도 갤러리 서림으로 바꾸었다. 지금도 다양한 작가들의 작품을 전시하면서 다양한 예술을 경험할 수 있는 기회를 제공하고 있다.,"<a href=""https://blog.naver.com/evenart"" target=""_blank"" title=""새창: 갤러리서림 블로그로 이동"">https://blog.naver.com/evenart</a>",11:00~18:00,매주 일요일,무료,
2642151,14,갤러리JJ,서울특별시 강남구 압구정로30길 63 (신사동),,1,127.0291676299,37.5232962909,,http://tong.visitkorea.or.kr/cms/resource/88/3558488_image2_1.jpg,Type1,VE,VE07,VE070600,"2013년 개관한 갤러리JJ는 국내외 미술계의 동시대적 변화를 조망하는 다양하고 심도 있는 기획전시와 아트 컨설팅을 진행해오고 있다. 역동적인 서울의 강남에 위치하여 동시대미술과 문화의 성장을 이끌어 나가며, 작품성 및 미술시장을 주시하여 키아프 등 국내외 아트페어를 통한 작가 프로모션, 미술강좌를 비롯한 각종 갤러리 프로그램으로 대중과 함께 한다. 시대의 이슈가 있고 예술을 중심으로 사람들이 교류하는 공간, 미술문화의 저변을 확대시키는 문화공간의 역할을 지속하고자 한다.","<a href=""https://www.galleryjj.org/""target=""_blank"" title=""새창: 갤러리JJ 홈페이지로 이동"">https://www.galleryjj.org/</a>",11:00~19:00,"매주 일요일, 월요일",무료,
130613,14,갤러리도올,서울특별시 종로구 삼청로 87 (팔판동),2층,23,126.9816952556,37.5832773580,,http://tong.visitkorea.or.kr/cms/resource/49/3540849_image2_1.jpg,Type1,VE,VE07,VE070600,"갤러리도올은 1995년 설립되어 매년 10회 이상의 기획전으로 새로운 시선을 지닌 신진작가를 소개하고, 오랜 시간 동안 예술활동에 매진해 온 중진작가의 작업을 지속적으로 살펴보는 기회를 통해 한국 미술계의 흐름을 파악할 수 있는 시선을 제공한다. 작가의 작품이 많은 설명이 필요치 않고 보편적인 주제와 표현으로 관람객에게 다가갈 수 있는지를 우선으로 한다. 훌륭한 작가를 찾고, 전시를 준비하여 관람객에게 작가의 독창적인 정신과 육체 활동의 결과를 경험할 수 있는 기회를 제공하며, 작가에게는 사회를 만나고 비춰볼 수 있는 상황을 제공하기 위해 노력하고 있다.","공식 홈페이지 <a href=""http://www.gallerydoll.com/"" target=""_blank"" title=""새창: 갤러리도올 공식 홈페이지로 이동"">http://www.gallerydoll.com</a><br>
공식 인스타그램 <a href=""https://www.instagram.com/gallery_dohl/"" target=""_blank"" title=""새창 : 갤러리도올 공식 인스타그램으로 이동"">https://www.instagram.com/gallery_dohl</a>",11:00~18:00 (점심시간 12:00~13:30),연중무휴,무료,
130573,14,갤러리에스피,서울특별시 용산구 회나무로44가길 30,,1,126.9943120449,37.5383633594,,http://tong.visitkorea.or.kr/cms/resource/03/3589603_image2_1.jpg,Type1,VE,VE07,VE070600,"갤러리에스피는 서울판화공방의 부설화랑으로 개관하여 초기에는 자체기획 제작한 판화를 위주로 보급하였다. 이후 1998년 청담동으로 자리를 옮겨 본격적인 화랑의 체계를 갖추어 회화, 조각, 판화, 도자기 등 다양한 장르의 현대 미술품을 전시, 기획, 판매하고 있다. 특히, 현재 활발히 활동하는 국내 중견, 젊은 작가를 중심으로 작품을 소개하고 있으며, 대외적으로도 국제아트페어에 참가함으로써 국내 작가들의 역량을 세계에 알리며, 활동의 폭을 꾸준히 넓혀가고 있다. 또한 미술 저변확대의 일환으로 판화를 기획, 서울판화공방을 통해 제작하여 국내, 외 화랑을 통해 폭넓게 보급해 왔다.","<a href=""http://www.gallerysp.com"" target=""_blank"" title=""새창 : 갤러리 S.P 홈페이지로 이동"">http://www.gallerysp.com </a>",10:00~18:00,"매주 일요일, 월요일 / 1월1일 / 설·추석",,
130587,14,갤러리조선,서울특별시 종로구 북촌로5길 64 (소격동),지하 1층,23,126.9814787020,37.5799860694,,http://tong.visitkorea.or.kr/cms/resource/77/3540977_image2_1.jpg,Type1,VE,VE07,VE070600,"갤러리조선은 2004년 개관 이래로 한국 미술계에서 중요한 흐름을 만드는 작가들의 작업을 소개해 왔다. 올해로 20여 년째 운영 중인 갤러리로 어떤 목소리를 낼 수 있는지 고민하며 작가를 선택하고 그들의 작업을 선보여 왔다. 
갤러리 조선은 자신이 다루는 매체의 확장성을 고민하고, 미술을 사회로부터 고립시키시 않기 위해 노력하는 작가들과 함께 일하면서 그들의 아름다운 예술 세계를 존중하며 지원한다. 2015년부터 갤러리조선과 함께 하는 작가들에 대한 영상 기록을 남기고 국제 교류 전시 등의 다양한 활동을 지원하면서 그들의 예술 세계를 조명하고 널리 알리기 위해 노력하고 있다. 우리는 그런 노력이 미술과 사회에 아름다운 흔적을 남기며 한없이 연약한 예술의 세계를 지탱하는 데 일조하는 것이라고 믿어 의심치 않는다.","<a href=""http://www.gallerychosun.com/"" target=""_blank"" title=""새창 : 갤러리조선 홈페이지로 이동"">http://www.gallerychosun.com</a>",10:30~18:30,매주 월요일,무료,
2552251,14,경기여고 경운박물관(서울),서울특별시 강남구 삼성로 29,,1,127.0656764529,37.4867511901,,http://tong.visitkorea.or.kr/cms/resource/99/3393799_image2_1.JPG,Type3,VE,VE07,VE070100,"경운박물관은 2003년 경기여고 동문이 뜻을 모아 2003년에 설립하였다. 개관 전 ‘근세복식과 우리 문화’를 시작으로 40회의 기획전을 통해 근세 왕실복식과 근·현대복식 및 직물 소장품의 아름다움과 학술적 역사적 가치를 알리려 노력해 왔다. 기획전시와 도록 발간 외에도 수준 높은 아카데미 강좌, 전시와 연계된 체험학습 교육, 대한제국 황제 12장복과 적의, 황룡포, 흑단령 재현 작업 등은 동문으로 구성된 자원봉사자들의 재능기부 결과물이다. 이처럼 경기여고 경운박물관은 역사와 전통이 숨 쉬고 세대 간 대화와 소통이 이루어지는 아름다운 문화공간이다.","<a href=""http://kwmuseum.org/"" target=""_blank"" title=""새창 : 경운박물관 홈페이지로 이동"">https://kwmuseum.org/</a>","[기획전시] 월요일~토요일 10:00~16:00<br>
[상설전시] 월요일~금요일 10:00~16:00",매주 일요일 / 공휴일,무료,
130920,14,경희대학교 자연사박물관,서울특별시 동대문구 경희대로 26 (회기동),,11,127.0527301456,37.5939357294,,http://tong.visitkorea.or.kr/cms/resource/01/3540401_image2_1.jpg,Type1,VE,VE07,VE070100,"경희대학교 자연사박물관은 오랜 시간 자연을 연구한 결과물을 토대로 경희대학교 창학정신인 문화 세계 창조를 실현하기 위해 1978년 개관하였다. 자연사박물관에 보존된 9만여 점의 표본은 1940년대부터 수집하였으며, 우리나라에서 이미 멸종되었거나 최근 자취를 감춘 멸종 위기 종들도 소장하고 있다. 각 분야 전문 교수진이 연구용으로 수집한 암석, 화석, 동식물 표본을 생물진화의 현재 상태와 그간의 생태변화를 쉽게 이해할 수 있도록 6개 층에 전시하고 있으며, 이 전시 표본을 기반으로 자연 보전과 생명의 중요성을 이해하고 실천할 수 있도록 관람 안내를 하고 있다. 
경희대학교 자연사박물관은 어린이부터 성인까지 동식물의 분류와 생태를 체계적으로 학습하면서 자연 탐구 의욕과 자연보호 의식을 높일 수 있도록 교육하고자 한다.","<a href=""https://nhm.khu.ac.kr/nhm_kor/user/main/view.do"" target=""_blank"" title=""새창 : 경희대학교 자연사박물관 홈페이지로 이동"">http://nhm.khu.ac.kr</a>","월요일~금요일 10:00~17:00<br>
※ 하계 및 동계방학 개관 시간 상이 (홈페이지 공지사항 참조)",매주 토요일~일요일 / 법정공휴일 / 개교기념일(5월 18일),무료,
129831,14,고려대학교 박물관,서울특별시 성북구 안암로 145 (안암동5가),,17,127.0340403438,37.5882471654,,http://tong.visitkorea.or.kr/cms/resource/24/3540424_image2_1.jpg,Type1,VE,VE07,VE070100,"고려대학교박물관은 우리나라 최초의 대학 박물관 중 하나로 1934년 도서관 일부 공간에 남창 손진태 선생이 수집한 민속품을 전시하면서 개관했다. 1936년 안함평 여사의 기부금으로 민속 유물을 수집하고, 신창재·박재표 등 뜻있는 분들의 유물 기증이 이어지면서 박물관으로서의 면모를 갖추기 시작했다.
1962년 5월에는 당시 우리나라 대학 박물관으로는 최대 규모인 연건평 851평(약 2813㎡)의 건물을 준공하여 새 보금자리를 틀었다. 1973년에는 국내 대학 최초로 현대미술실을, 1985년에는 현대도자기실을 설치하여 다양한 전시와 활발한 학술조사 및 발굴을 통해 대학 박물관의 중심으로 성장해 왔다.
2005년 5월에는 고려대학교 개교 100주년을 맞아 준공한 백주년기념관으로 이전·개관하면서 현재에 이르고 있다. 박물관 전시실에는 각각의 주제에 맞게 혼천시계, 동궐도를 비롯한 국보 문화재와 정선, 김홍도 등의 고회화 작품, 이중섭, 박수근, 권진규 등의 근현대 미술작품, 고려대학교 역사와 함께 해 온 근현대사 기록물에 이르기까지 약 600여 점이 전시되어 있다.
고려대학교박물관은 국보 3건, 보물 5건을 비롯하여 고고, 역사, 민속, 도자기, 서화, 현대미술 등 다양한 유물을 소장한 종합박물관으로서 다채로운 전시와 문화강좌, 교육 프로그램 등으로 대학과 지역사회의 문화적 플랫폼으로 거듭나고 있다. 더불어 소장품 수집과 보존, 학술조사연구뿐만 아니라 활발한 전시와 교육 활동으로 대학의 공간을 넘어, 지역사회와 교류하는 문화공간이 되고자 힘쓰고 있다.
한편 개교 100주년을 앞둔 2004년에 본교의 교사자료를 수집, 정리, 전시하는 기록자료실(현 대학기록파트)을 설치하여 고려대학교의 역사와 전통을 알리는 업무를 수행하기 시작했고, 현재는 본교의 모든 행정기록까지도 관리하는 대학기록관의 역할을 담당하고 있다. 대학기록의 체계적인 관리를 통해 본교의 정체성 확보와 정통성 확립에 힘쓰고 있다.","<a href=""http://museum.korea.ac.kr/"" target=""_blank"" title=""새창 : 고려대학교박물관 홈페이지로 이동"">http://museum.korea.ac.kr</a>",화요일~토요일 10:00~17:00 (입장마감 16:00),매주 일요일~월요일 / 법정공휴일 / 박물관 규정에 정한 휴관일,무료<br>※ 기획전시 및 특별전은 전시 별로 책정됨 (홈페이지 참조),
2739448,14,공근혜갤러리,서울특별시 종로구 삼청로7길 38 (삼청동),,23,126.9796815273,37.5840827831,,http://tong.visitkorea.or.kr/cms/resource/86/3095786_image2_1.jpg,Type1,VE,VE07,VE070600,"2005년 개관한 이래 세계적인 사진작가들을 국내에 본격적으로 소개하며 한국 사진계에 큰 영향력을 끼친 화랑이다. 2010년 삼청동 청와대 옆으로 신축 이전하면서 회화, 조각, 비디오, 설치 등 다양한 현대미술을 수용하는 갤러리로 영역을 확장하였다. 21세기 현대 미술의 흐름을 보여주는 다양한 작품들을 국내에 선보이고 있다. 또한, 국내 작가의 활발한 해외 활동을 돕는 등 한국 갤러리로서의 중요한 역할을 해나가고 있다.

◎ 한류의 매력을 만나는 여행 정보 - 드라마 <재벌집 막내아들>
<재벌집 막내아들>의 모현민이 운영하는 갤러리의 실제 배경지인 ‘공근혜 갤러리’는 국내 젊은 작가부터 해외 유명 작가까지 다양한 전시를 개최하는 화랑이다. K-DRAMA, K-POP에 이어 이제는 K-ART까지 한류의 중심이 된 지금, 서울의 화랑에서만 볼 수 있는 전시를 관람해 보는 것을 추천한다.","<a href=""https://konggallery.com/"" target=""_blank"" title=""새창 : 공근혜갤러리 공식 홈페이지로 이동"">https://konggallery.com/</a>",10:30~17:30,매주 일요일~월요일,전시 별로 상이함,
2606224,14,공평도시유적전시관,서울특별시 종로구 우정국로 26,,23,126.9835704148,37.5716231906,,http://tong.visitkorea.or.kr/cms/resource/18/3514018_image2_1.jpg,Type1,VE,VE07,VE070300,공평도시유적전시관은 서울시의 도시 유적을 원래 위치에서 전면적으로 보존하고자 2018년 9월 12일 개관하였다. 2015년 공평 1·2·4 지구 도시환경정비사업을 추진하는 과정에서 조선 한양에서 근대 경성에 이르는 역사도시 서울의 골목길과 건물 터가 온전하게 발굴되었다. 출토된 생활 유물을 이용한 다양한 콘텐츠와 전시기법을 통해 16~17세기 한양의 모습을 보여준다. 이와 함께 조선시대부터 현대까지 사용했던 골목길이 확인되어 이문안길과 전동 골목길을 직접 걸으면서 조선시대에 와 있는 느낌을 직접 체험할 수 있다.,"<a href=""https://museum.seoul.go.kr/www/intro/annexIntro/annex_gongpyeong/annex_gongpyeong_01.jsp?sso=ok"" target=""_blank"" title=""새창: 서울역사박물관 "">https://museum.seoul.go.kr</a>",09:00~18:00 (입장 마감 17:30),매주 월요일 / 1월 1일,무료,
130212,14,관악문화원,서울특별시 관악구 신림로3길 35 (신림동),,5,126.9448852069,37.4676512424,,http://tong.visitkorea.or.kr/cms/resource/07/3476907_image2_1.JPG,Type3,VE,VE09,VE090100,"서울대학교 정문 인근에 있는 관악문화원은 지역 사회 발전과 구민의 문화 욕구 충족에 기여하고 구민의 정서 함양과 삶의 질을 향상시키기 위해 설립되었다. 관악문화원에는 다양한 문화 학교 강습을 이용할 수 있다. 한글서예반, 사군자, 동양화, 서양화, 문학, 전통무용, 건강댄스, 요가, 판소리·남도민요, 소년소녀합창단, 예악(시조창) 등 다양한 문화 학교 강좌들이 마련되어 있다. 문화 학교 강좌는 3개월 단위로 운영이 된다. 또한, 2016년부터 개최하고 있는 관악 강감찬 축제는 고려의 명장 강감찬 장군을 기리기 위해 관악산과 낙성대 공원 일대에서 거리 퍼레이드, 구민 백일장 등 관악구와 서울시민이 함께 즐기는 주민 주도형 행사를 진행한다. 
관악문화원은 수도권 지하철 신림선 관악산역 1번 출구에서 약 280m 떨어진 곳에 위치하고 있다.","<a href=""http://gacc.or.kr/"" target=""_blank"" title=""새창 : 관악문화원 홈페이지로 이동"">http://gacc.or.kr</a>",09:00~17:00,연중무휴,"- 관악문화원 회원 30,000원<br>- 한글서예반 90,000원<br>- 동양화반 60,000원<br>- 민화반 90,000원<br>※ 자세한 사항은 홈페이지 참조",
130223,14,광진문화원,서울특별시 광진구 광나루로56길 67 (구의동),,6,127.0964944581,37.5365654055,,http://tong.visitkorea.or.kr/cms/resource/76/3539976_image2_1.jpg,Type1,VE,VE09,VE090100,"광진구 광진문화원 1996년 설립되어 지역문화를 계승 및 발전시키는 역할을 하고 있다. 지역 문화행사 개최, 문화예술강좌 진행, 향토사료 발굴 및 국악예술단 운영 등 광진구의 문화 진흥을 위한 다양한 활동을 하고 있다. 또한 나이와 계층을 초월하고 지역주민들 간의 만남과 원활한 소통 및 지역 문화교육 활성화를 위해 300여 개의 문화예술강좌를 운영하고, 다양한 동아리 활동을 지원하고 있다. 광진문화원에서는 광진구의 국악예술단을 운영하며 사물놀이패, 어린이 가야금, 어린이 난타 총 30명의 단원이 활동하고 하고 있다.
광진문화원은 수도권 지하철 2호선 강변역 1번 출구에서 약 330m 떨어져 있다.","<a href=""http://www.kjcc.or.kr"" target=""_blank"" title=""새창 : 광진문화원 홈페이지로 이동"">http://www.kjcc.or.kr</a>","- 월요일~금요일 09:00~22:00<br>
- 토요일 09:00~17:00",매주 일요일 / 법정공휴일,강좌 별로 상이함<br>※ 홈페이지 참조,
130285,14,교보문고,서울특별시 종로구 종로 1,(종로1가),23,126.9779820539,37.5709759433,,http://tong.visitkorea.or.kr/cms/resource/26/2721826_image2_1.jpg,Type3,VE,VE12,VE120100,"교보문고 광화문점은 국민교육 진흥의 실천적 구현, 독서인구 저변 확대를 통한 국민정신문화 향상, 사회적 기능을 살린 문화공간 창출이라는 창립이념을 바탕으로 서울의 중심부인 종로 1가 1번지에 1981년 개점한 우리나라 최초의 대형서점이다. 총면적 2,708평의 넓은 매장에 50만 종 230만 권의 책을 보유하고 있으며 단 일층 매장으로 완전 개가식으로 꾸며 독자들이 책을 손쉽게 접할 수 있도록 모든 시설을 고객 위주로 설계하였으며 매장을 10개 분야로 세분화하여 도서를 합리적으로 분류, 진열하여 독자들이 책을 손쉽게 찾을 수 있게 했다. 또한 각종 첨단 시설과 쾌적한 환경을 갖춰 단순한 서점이 아닌 도심 속의 종합문화공간으로 자리 잡았다. 2010년 꿈꾸는 사람들의 광장 ‘드림 스케어’로서 또 다른 변화를 꿈꾸는 교보문고 광화문점은 구나 서재 삼환재를 통해 책 읽기의 다양한 시각과 방법을 제공하고 배움 아카데미, 책 읽기 마법학교, 책공방(POD) 등을 통해 보다 전문적인 고객 맞춤 서비스를 구현하였으며 첨단 디지털 기기의 구축, 컨베이어시스템 등으로 21세기형 서점의 역할과 대안을 제시하는 대한민국 최고의 지식포털로 자리매김하고 있다.","<a href=""http://www.kyobobook.co.kr"" target=""_blank"" title=""새창 : 교보문고 홈페이지로 이동"">http://www.kyobobook.co.kr</a>",09:30~22:00,설·추석 당일,무료,
2591885,14,구로꿈나무장난감나라 오류점,서울특별시 구로구 경인로20가길 38 (오류동),,7,126.8460489851,37.4954101430,,http://tong.visitkorea.or.kr/cms/resource/34/3540334_image2_1.jpg,Type1,VE,VE07,VE070300,"장난감 놀이는 자라는 아이들이 숨을 쉬고 음식을 먹는 것만큼 자연스럽고 중요한 일이지만, 아이들의 놀이터가 점점 없어지고 유익하고 재미있는 놀잇감이 부족한 현실에서 장난감나라는 부모들의 재정적 부담을 덜어주고 다양한 장난감을 빌려줌으로써 가족이 함께 놀이하는 기회를 제공하고 있다. 자라는 아이의 신체발달과 정서함양, 그리고 두뇌 개발 등 자녀 양육을 지원하는 시설에 부모들의 관심이 모아지게 되었다. 전국 232개 자치구 중 최초로 문을 연 꿈나무 장난감나라는 서울시에 주민등록이 되어있거나 서울시 소재 기업체 직원, 자녀의 연령이 만 나이 기준 8세인 경우, 장애 아동의 경우 12세이면 1년 단위 연회비 15,000원이면 이용이 가능하다. 대여료는 무료이다. 아동 1인당 2점씩 14일 동안 대여가 가능하며, 1회 14일 연장이 가능하다. 대여 중인 장난감 1점 당 1인씩 예약도 가능하다.","<a href=""http://toy.guro.go.kr"" target=""_blank"" title=""새창: 구로꿈나무장난감나라 홈페이지로 이동"">http://toy.guro.go.kr</a>","- 하절기(3월~10월) 10:00~19:00<br>
- 동절기(11월~2월) 110:00~18:00<br>
- 주말 10:00~17:00",매주 화요일 / 법정 공휴일,"[연회비] 가족당 15,000원<br>[대여료] 무료<br>※ 무료 : 저소득주민등(국민기초생활보장수급자 / 한부모가정 / 장애아동가정)",
3455122,14,구로미래도서관,서울특별시 구로구 새말로 111 (구로동),,7,126.8914778520,37.5070512677,,http://tong.visitkorea.or.kr/cms/resource/75/3453375_image2_1.jpg,Type1,VE,VE09,VE090300,"구로미래도서관은 구로구 주민들의 지식 탐구와 문화 향유를 위한 새로운 공간이다. 단순한 도서관을 넘어, 미래 지향적인 시설과 다양한 프로그램을 통해 지역 사회의 문화적 허브 역할을 수행하고 있다. 또한 다양한 활동을 통해 구로구를 더욱 살기 좋은 도시로 만들어 나갈 것이다.",https://lib.guro.go.kr/#/,"월~금 09:00 - 20:00 / 토,일 09:00 - 17:00",매주 화요일 정기휴무,,
130198,14,국가무형유산전수교육관,서울특별시 강남구 봉은사로 406,,1,127.0446443698,37.5102008674,,http://tong.visitkorea.or.kr/cms/resource/60/3548960_image2_1.jpg,Type1,VE,VE09,VE090400,"국가무형유산전수교육관은 국가무형유산의 전승을 위해 1997년 국가유산청이 건립하여 국가무형유산전수교육관이 관리, 운영하고 있다. 국가무형유산 기·예능 보유자 및 단체의 전승활동이 이루어지는 공간으로, 다양한 전통공연과 전시, 체험 등 국민들이 우리의 아름다운 전통문화를 경험하고 향유할 수 있도록 만남의 장을 제공하고 있다. 국가무형유산전수교육관은 국가가 전통문화의 보존, 전승을 위해 건립한 건물이며 국가지정 국가무형유산 보유자를 입주시켜 전수교육, 일반인강습 등을 지원하고 있다. 예능종목은 8개 단체가 입주해 있으며 보유자를 중심으로 그 예능을 후세에 이어주기 위하여 전수교육과 일반인 강습을 연중 실시하고, 정기발표공연 및 국내,외 초청공연에도 참가하고 있다. 기능종목은 12개 공방이 입주해 있으며 국가무형유산 기능보유자가 공예품의 제작과정과 완성된 작품을 일반에 공개하고, 공예기능의 전수교육도 실시하고 있다. 주요시설은 민속극장 '풍류'와 전시장 '결'과 '올'이 있고, 국가무형유산 보유자 및 전승공예가들의 지원을 위한 세미나실, 예능연습실, 공예교육실기실 등이 있다.","<a href=""https://www.chf.or.kr/cms/content/view/421"" target=""_blank"" title=""새창 : 홈페이지로 이동"">https://www.chf.or.kr</a>","- 평일 09:00~21:00<br>
- 주말 09:00~20:00<br>
※ 변동 될 수 있으므로 전화문의 요망",설·추석 당일,무료,
596511,14,국기원(세계태권도본부),서울특별시 강남구 테헤란로7길 32 (역삼동),,1,127.0302403356,37.5027681388,,http://tong.visitkorea.or.kr/cms/resource/96/3567696_image2_1.jpg,Type3,VE,VE09,VE090400,"국기원은 1972년 11월 30일 대한민국의 문화유산인 태권도 정신과 기술을 계승, 발전시키고 그 확산을 도모하고 나아가 인류평화에 기여하기 위해 개원했다. 국기원의 명칭은 ‘國技’와 ‘院’의 합성어로 ‘국기’란 한 나라의 특유의 기예로서 태권도를 지칭하고 ‘원’은 집을 뜻하며 태권도를 주도하는 집으로서 세계태권도본부라 일컫는다. 국기원은 태권도가 전통무예이자 세계적인 스포츠로서 기반을 더욱 공고히 하고, 문화콘텐츠로 자리매김하는데 중추적인 역할을 담당하고 있다. 
국기원과 인접하여 있는 국기원 기념관은 1991년 11월 30일 개관했다. 태권도에 대한 역사 유물을 수집, 보존, 전시하여 태권도를 널리 홍보하며, 태권도 종주국으로써 국기원과 태권도를 세계적으로 홍보하고자 설립되었다. 
국기원은 수도권 지하철 강남역 12번 출구에서 약 500m 떨어진 거리에 위치해 있다.","<a href=""http://www.kukkiwon.or.kr/"" target=""_blank""title=""새창 : 국기원 홈페이지로 이동"">http://www.kukkiwon.or.kr</a>","[국기원]<br>
- 월요일~목요일 09:00~18:00<br>
- 금요일 09:00~16:00<br>
[기념관] <br>
- 09:00~17:30 (점심시간 11:30~13:00)",주말 / 공휴일<br>※ 기타 휴무일은 누리집 공지 참조,무료,
130125,14,국립국악박물관,서울특별시 서초구 남부순환로 2364 (서초동),,15,127.0090512856,37.4784066973,,http://tong.visitkorea.or.kr/cms/resource/74/3540474_image2_1.jpg,Type1,VE,VE07,VE070100,"국립국악박물관은 다양한 국악유물과 악기를 전시한 국내 유일한 국악 전문 박물관으로, 1995년에 개관하였다. 한국 전통음악의 역사와 갈래를 소개하는 상설전시와 더불어 해외 음악 유물 초청 전시, 국립국악원 악기연구 성과 전시, 국악아카이브 10주년 기념 전시 등 다채로운 특별전시와 행사가 열리고 있다. 2019년 새롭게 문을 연 상시전시실에서는 듣는 기능을 강화하여 음악박물관으로서의 특화된 기획과 자부심을 선보이고 있다. 국악박물관에서는 소장된 악기, 악보, 악서, 복식 유물 및 그 안에 담긴 음악의 아름다움을 오감으로 느끼고 체험해볼 수 있다.","<a href=""https://www.gugak.go.kr/site/homepage/menu/viewMenu?menuid=001013003002"" target=""_blank"" title=""새창 : 국립국악원 공식 홈페이지로 이동"">http://www.gugak.go.kr</a>",10:00~18:00 (입장마감 17:30),"매주 월요일 (단, 월요일이 공휴일인 경우 정상 운영 후 익일 화요일 휴관) / 1월 1일",무료,
130124,14,국립국악원,서울특별시 서초구 남부순환로 2364,,15,127.0088596528,37.4778373158,,http://tong.visitkorea.or.kr/cms/resource/46/3540546_image2_1.jpg,Type1,VE,VE09,VE090400,"국립국악원은 한국 전통 공연 예술을 계승하는 대한민국 대표 국립 예술 기관이다. 각종 공연을 비롯한 학술 연구, 국악 교육, 해외 교류 등으로 국민과 함께하는 국악, 세계 속의 우리 국악을 추구한다. 
국립국악원은 신라시대 이후 전승되어 온 궁중음악기관에 그 기원을 두며, 8·15 해방 후 궁중음악기관이 해체된 후 구왕궁아악부로 존속하다가 1951년 이후 국립국악원으로 이어졌다. 국립국악원의 직제는 1950년에 공표되었으나, 전쟁으로 인하여 1951년 부산에서 개원하였으며, 수복 후 운니동과 장충동 청사를 거쳐 1987년 현 서초동 청사로 이전하였다. 
2010년 현재 문화체육관광부 소속기관으로 국악연구실, 기획관리과, 장악과, 국악진흥과, 무대과를 두고, 정악단, 민속악단, 무용단, 창작악단 등 네 개의 연주단을 운영하고 있다.","<a href=""https://www.gugak.go.kr/site/main/index001"" target=""_blank"" title=""새창 : 국립국악원 홈페이지로 이동"">https://www.gugak.go.kr</a>",공연 별로 상이함,공연 별로 상이함,공연 별로 상이함,
130231,14,국립극장,서울특별시 중구 장충단로 59,(장충동2가),24,126.9996333755,37.5527228971,,http://tong.visitkorea.or.kr/cms/resource/10/3083810_image2_1.jpg,Type3,VE,VE06,VE060100,"국립극장은 1950년 4월 29일 아시아 최초의 국립극장으로 설립됐다. 전통예술을 동시대 예술로 창작하는 국내 유일의 제작극장으로, 대극장 규모의 '해오름극장(1,221석)'과 중극장 규모의 '달오름극장(512석)', 소극장 규모의 '별오름극장(100석)'을 비롯하여  원형무대 구조의 '하늘극장(627석)'을 가지고 있다.<br />전속 예술단체로는 국립창극단·국립무용단·국립국악관현악단이 소속해 있으며, 다양한 신작과 레퍼토리 작품으로 국민과 호흡하고 있다.<br />2012년 9월부터는 레퍼토리 시즌제를 도입한 이후 전속단체는 물론, 국내외 예술단체와의 협업을 통해 대한민국 대표 공연기관으로서 공연예술 생태계의 균형과 조화를 견인하고 있다.","<a href=""http://www.ntok.go.kr"" target=""_blank"" title=""새창 : 국립극장 홈페이지로 이동"">http://www.ntok.go.kr</a>",공연 별로 상이함,공연 별로 상이함,공연 별로 상이함,
3038260,14,국립기상박물관,서울특별시 종로구 송월동 1-1 국립기상박물관,,23,126.9666303489,37.5696203417,,http://tong.visitkorea.or.kr/cms/resource/38/3456038_image2_1.jpg,Type1,VE,VE07,VE070100,"울 국립기상박물관은 대한민국의 기상과 날씨에 관련된 다양한 정보와 자료를 전시하는 특별한 박물관이다. 서울시 종로구에 위치한 이 박물관은 기상학의 발전, 기후 변화, 날씨 예측 기술 등을 주제로 한 전시를 통해 방문객들에게 기상과 날씨의 중요성을 알리고 있다.
박물관은 기상과 관련된 역사적 자료와 최첨단 기상 관측 기술을 소개하며, 기후 변화와 자연재해에 대한 이해를 돕는 다양한 체험 프로그램도 제공한다. 전시물은 기상 장비, 예보 시스템, 세계 각국의 기상 사례 등을 포함하고 있으며, 어린이와 청소년을 위한 교육 프로그램도 마련되어 있어, 기상과 날씨에 대한 관심을 자연스럽게 키울 수 있는 장소이다.
특히, 기상 예보의 정확성과 기후 변화 대응에 대한 최신 정보를 제공하며, 과학적이고 교육적인 관점에서 기상에 대한 지식을 쌓을 수 있는 기회를 제공한다. 또한, 박물관 내에는 기상관측 체험을 할 수 있는 공간도 마련되어 있어, 관람객들이 실제 기상 데이터를 직접 체험하고 배우는 즐거운 경험을 제공한다.
서울 국립기상박물관은 날씨와 기후 변화가 현대 사회에 미치는 영향을 깊이 이해하고, 이를 해결하기 위한 과학적 접근을 배우는 중요한 교육의 장이다. 기상학에 대한 흥미를 높이고, 기후 문제에 대한 경각심을 일깨울 수 있는 특별한 공간으로 많은 이들에게 유익한 정보를 제공하는 곳이다.","관광지 공식 홈페이지 : https://science.kma.go.kr/museum/
관광지 공식 블로그 : https://blog.naver.com/museumkma",화요일~일요일 10:00~18:00 (입장 마감 17:00),매주 월요일 (공휴일인 경우 다음의 첫번째 평일)/ 1월 1일 / 설·추석 당일,무료,
2545920,14,국립어린이과학관,서울특별시 종로구 창경궁로 215 (와룡동),,23,126.9967994757,37.5818277974,,http://tong.visitkorea.or.kr/cms/resource/12/2545812_image2_1.jpg,Type3,VE,VE07,VE070500,"국내 최초의 어린이 전용 국립과학관은 미래사회를 이끌 창의 융합형 인재 양성을 목표로 2017년 12월 개관하였다. 이곳은 과학적 원리를 근간으로 놀이와 배움을 동시에 체험할 수 있는 감각놀이터, 상상놀이터, 창작놀이터 3개의 과학놀이터와 천체투영관 및 천체관측소, 그리고 오감으로 즐길 수 있는 4D 영상관 등 최신의 전시공간을 갖추고 있다. 또한, 아이들이 부모님과 함께 배울 수 있는 과학창작 교실과 지역사회와 협업하는 과학문화 축제 등 다양한 맞춤형 프로그램들을 기획 및 운영하고 있다.","<a href=""https://www.csc.go.kr/index.do"" target=""_blank"" title=""새창 : 국립어린이과학관으로 이동"">https://www.csc.go.kr</a>",09:30~17:30 (입장마감 16:30),"매주 월요일 (단, 월요일이 공휴일인 경우 개관하며, 화요일에 대체 휴관)  / 1월 1일 / 설·추석 당일","[상설전시관]<br>- 성인 2,000원<br>- 청소년 1,000원<br>- 초등학생 1,000원<br>※ 무료 : 6세 이하 / 우대고객<br><br>[천체투영관]<br>- 성인 1,500원<br>- 청소년 1,000원<br>- 초등학생 1,000원<br>- 유아(4~6세) 1,000원<br>- 우대고객 1,000원<br><br>[4D영상관]<br>- 성인 1,500원<br>- 청소년 1,000원<br>- 초등학생 1,000원<br>- 유아(4~6세) 1,000원<br>- 우대고객 1,000원<br>※ 자세한 사항은 홈페이지 참조",
3441464,14,국립항공박물관 항공도서관,서울특별시 강서구 하늘길 177 (공항동),,4,126.8088867586,37.5569217768,,http://tong.visitkorea.or.kr/cms/resource/71/3441671_image2_1.JPG,Type1,VE,VE09,VE090300,"국립항공박물관 항공도서관은 항공역사, 항공산업, 항공 전문 정보의 국내외 전문도서, 학술지 및 디지털 매체 등을 수집, 정리하여 제공한다. 또한 박물관학, 고고학, 도서관학 관련 자료를 제공하고 있다. 항공 전문 정보를 필요로 하는 모든 이용자들이 자유롭게 이용할 수 있는 공간이다.",https://library.aviation.or.kr/,화~토 10:00~17:00,일요일 및 공휴일 휴관,,
1934593,14,국립현대미술관 서울,서울특별시 종로구 삼청로 30,(소격동),23,126.9800038741,37.5786500878,,http://tong.visitkorea.or.kr/cms/resource/02/2991502_image2_1.jpg,Type3,VE,VE07,VE070600,"국립현대미술관(서울관)은 동시대 현대미술을 중점적으로 다루는 미술관이다. 1986년 개관한 과천관, 1998년에 개관한 덕수궁관에 이어 2013년 개관한 서울관은 조선시대 소격서, 종친부, 규장각, 사간원이 있던 자리에 자리 잡고 있다. [마당] 개념을 도입하여 건축한 국립현대미술관(서울관)은 누구나 즐기고 휴식을 취할 수 있는 공간으로 꾸며져 있다. 건물의 내외부가 유기적으로 연결되어 있으며, 주변 명소와도 조화를 이루도록 설계되었다. 국립현대미술관(서울관)은 전시실을 비롯하여 디지털정보실, 멀티미디어홀, 영화관 등 다양한 시설을 갖춘 복합예술문화센터로서 한국 현대 미술품 전시 및 신매체 융복합 전시를 진행한다.","<a href=""http://www.mmca.go.kr/"" target=""_blank"" title=""새창 : 국립현대미술관 홈페이지로 이동"">http://www.mmca.go.kr</a>","10:00~18:00<br>
수,토 10:00~21:00<br>
※ 발권시간 : 관람종료 1시간 전까지 가능",1월1일 / 설날 / 추석,상설전시 무료입장<br>* 기획전시는 홈페이지참고,
129918,14,국제갤러리,서울특별시 종로구 삼청로 54 (소격동),,23,126.9806426439,37.5807887397,,http://tong.visitkorea.or.kr/cms/resource/32/3384832_image2_1.JPG,Type3,VE,VE07,VE070600,"국제갤러리는 1982년 개관 이후 지금까지 대표적인 국내 화랑으로서 세계적으로 유명한 현대미술 작가의 작품과 그 흐름을 접하고 감상할 수 있는 기회를 제공한다. 헬렌 프랑켄댈러, 샘 프란시스, 짐 다인, 프랭크 스텔라, 로버트 맨골드, 안토니 카로와 같은 해외 주요 작가들의 작품을 소개하고 전시하는 선도적인 역할을 수행하여 그 중요성을 국내외에서 인정받고 있다.
국제갤러리는 세계 전역의 작가들과 그들이 속한 갤러리 및 아트딜러들과 직접 연계하여 전시기획 업무를 진행하며, 장래성 있는 작가 발굴, 지속적인 작품 제작 후원 및 국제무대 진출을 위한 중요한 통로와 지지기반 구축 등에 힘써왔으며, 한국 예술가들을 지원하고 세계 미술계에 소개하는 역할을 한다.","<a href=""https://www.kukjegallery.com/"" target=""_blank"" title=""새창 : 국제갤러리 공식 홈페이지로 이동"">https://www.kukjegallery.com/</a>","- 월요일~토요일 10:00~18:00<br >
- 일요일 및 공휴일 10:00~17:00",연중무휴,전시 별로 상이함,
2535347,14,근현대사기념관,서울특별시 강북구 4.19로 114 (수유동),,3,127.0028443946,37.6434957358,,http://tong.visitkorea.or.kr/cms/resource/35/3400835_image2_1.JPG,Type3,VE,VE07,VE070200,"근현대사기념관이 위치한 서울시 강북구는 3·1 운동의 발원지인 봉황각과 순국선열 애국지사의 묘역 그리고 국립 4·19 민주묘지가 자리 잡고 있는 독립정신과 민주주의의 성지로, 선열들의 높은 뜻을 제대로 기억하고 전파하기 위해 동학농민운동부터 4·19 혁명까지 자랑스러운 우리 역사를 전시에 담았다. ‘자유’, ‘평등’, ‘민주’의 이념이 선열들이 피땀 흘려 체득하고 축적해 온 소중한 가치임을 감동이 있는 서사로 전달함으로써 ‘독립운동가들이 꿈꾼 나라’, ‘사월혁명의 투사들이 소원했던 나라’가 바로 대한민국의 미래상임을 알리고자 2016년 5월에 개관하였다. 매해 새로운 기획전과 역사 체험 프로그램을 진행한다.","<a href=""http://www.mhmh.or.kr"" target=""_blank"" title=""새창 : 근현대사기념관 홈페이지로 이동"">http://www.mhmh.or.kr</a>",09:00~18:00 (입장마감 17:30),"매주 월요일(단, 월요일이 공휴일인 경우 그 다음날 휴관) / 1월 1일 / 설·추석 연휴",무료,
1105871,14,금나래아트홀,서울특별시 금천구 시흥대로73길 70 금천구청종합청사,,8,126.8955205706,37.4564933229,,http://tong.visitkorea.or.kr/cms/resource/45/3563345_image2_1.jpg,Type3,VE,VE06,VE060100,"금나래아트홀은 클래식, 연극, 뮤지컬 등 다양한 장르의 공연을 소화할 수 있는 다목적 공연장이다. 최신의 음향장비를 설비하여 객석 구석구석까지 소리가 잘 전달되는 탁월한 음향 수준을 구현했으며, 무대전환의 속도가 빨라 역동적인 무대를 연출할 수 있다. 
이 밖에도 미술전, 사진전, 체험전, 공예작품을 위한 전시공간인 갤러리가 있다.","<a href=""https://gcfac.or.kr/mpage"" target=""_blank"" title=""새창 : 금나래아트홀 홈페이지로 이동"">https://gcfac.or.kr</a>",공연장 및 갤러리 운영 프로그램별 상이,관공서의 공휴일에 관한 규정 / 대관규정에 근거한 휴무일 운영,공연마다 상이함,
3085035,14,금보성아트센터,서울특별시 종로구 평창36길 20 (평창동),,23,126.9780891951,37.6126738756,,http://tong.visitkorea.or.kr/cms/resource/53/3084453_image2_1.JPG,Type3,VE,VE07,VE070600,"금보성아트센터는 평창동에 위치한 미술관으로 지하 2층과 지상 2층의 건물로 되어있다. 금보성아트센터의 관장은 2012년 그로리치 화랑을 인수했다. 70년대 비구상 전문 상업 화랑이던 이곳을 [갤러리 평창동]으로 개명한 뒤 무명의 작가들을 초대하는 전시회를 열었다. 1년 뒤 문을 연 금보성아트센터는 원래 김흥수미술관이었다. 아트센터 입구에는 [창작의 짐을 짊어진 자유로운 영혼의 쉼터] 플랭카드가 늘 걸려있다. 이곳은 작가들에게는 [갤러리의 성지]라고 불리는데 형편이 어려운 화가나 신인 화가에게 아트센터를 무료로 빌려주고 홍보까지 대행하기 때문이다. 금보성 관장은 다른 나라와 협연을 하며 아크코리아 프로젝트도 추진하고 한국 작가의 위상을 위해 [한국작가상]을 제정헸다. 한국작가상은 국내외 60세 이상, 5,000점 이상의 작품을 만들어온 작가에게 주는 상으로 큰 금액의 상금도 주어진다. 여기에 그치지 않고, 신인 작가에게도 [올해의 창작상]을 수여하여 자유로운 창작활동에 도움을 주고있다.","<a href=""https://kimboseongart.com/40"" target=""_blank"" title=""새창 : 금보성아트센터 홈페이지로 이동"">https://kimboseongart.com/</a>",10:00~18:00,매주 일요일,프로그램별 상이,
130377,14,금천문화원,서울특별시 금천구 시흥대로38길 61,,8,126.9044367094,37.4463779899,,http://tong.visitkorea.or.kr/cms/resource/69/3540369_image2_1.jpg,Type1,VE,VE09,VE090100,"금천문화회관은 금천구청에서 직영운영하고 있으며 공연, 교육프로그램, 강연, 문화행사 등 다양한 문화·예술 활동이 이루어지고 지역 주민들이 참여할 수 있는 프로그램을 제공하여 지역 문화의 발전과 사람들 간의 소통을 촉진하는 역할을 하고 있다. 금천문화원(상주단체)이 상주하여 지역의 고유문화 보존 및 개발과 각종 문화프로그램 등을 운영하고 있고, 1층 로비에 금천구 상징인 은행나무가 있으며 일자리 창출을 위한 시니어 카페를 운영하고 있다. 지하 공연장과 강의실에서 지속적인 문화예술활동 프로그램의 시도와 시설 환경 개선으로 금천구 시흥권의 랜드마크로 도약하고자 한다.","<a href=""https://www.instagram.com/geumcheoncc/"" target=""_blank"" title=""새창 : 금천문화원 공식 인스타그램으로 이동"">https://www.instagram.com/geumcheoncc</a>",월요일~금요일 09:00~18:00,대관 없을 시 매주 토요일~일요일,프로그램 별로 상이함,
1019327,14,긱 라이브하우스,서울특별시 마포구 신촌로10길 7 (동교동),,13,126.9320588728,37.5564379211,,http://tong.visitkorea.or.kr/cms/resource/76/3401376_image2_1.JPG,Type3,VE,VE06,VE060100,"긱 라이브하우스는 대한민국 인디 문화와 그 맥을 함께 해 온 홍대 거리의 라이브클럽이다. 공연 위주의 전문 클럽으로, 2003년 2월 프로 뮤지션들이 뜻을 모아 만든 인디씬의 성지이다. 프로 뮤지션들이 주축이 된 만큼 무대, 음향, 조명 시설 모두 수준급이다. 인디밴드의 기획 공연은 물론, 프로에서 아마추어 대관 공연에 이르기까지 폭넓고 다양한 공연이 펼쳐지는 것이 특징이다. 좌석과 스탠딩 모두 합쳐 150여 명이 동시 수용되며 하루에 3~4팀의 인디밴드 공연을 감상할 수 있다.
한국 인디 음악의 현주소와 홍대 클럽 문화의 일면을 체험할 수 있는 곳으로 스트리밍 공연이 가능하도록 새로 단장하였다. 전문가 및 전문 장비를 보유하여 감각적이고 세련된 연출을 통한 새로운 경험을 제공한다. 음악 콘텐츠 제작은 물론 온라인 강의, 라이브 커머스 방송까지 가능한 다목적 공간으로 활용이 가능하다.","<a href=""https://blog.naver.com/geeklive"" title=""새창 : 긱 라이브하우스 네이버 블로그로 이동"" target=""_blank"">https://blog.naver.com/geeklive</a>",공연 별로 상이함,공연 별로 상이함,공연 별로 상이함,
2553377,14,김달진미술자료박물관,서울특별시 종로구 홍지문1길 4 (홍지동),,23,126.9566637277,37.6001055080,,http://tong.visitkorea.or.kr/cms/resource/70/3412170_image2_1.JPG,Type3,VE,VE07,VE070100,"김달진 미술 자료박물관은 ‘서울아트가이드’를 발행하는 김달진 관장이 40여 년간 수집해 왔던 자료 중 사료적 가치가 큰 기록물과 자료를 수집, 분류, 보존, 연구, 전시를 위해 2008년 3월 국내 최초의 미술 자료 전문 박물관으로 개관하였다. 예술 창작과 학술 연구의 가장 기초적인 작업이라고 할 수 있는 미술 자료를 효율적으로 관리하고, 더 나아가 연구된 자료들을 중심으로 전시회를 열어 소개하며 누구나 공유할 수 있는 전문 아카이브의 역할을 실천하고자 한다. 또한 미술 자료 수집 캠페인을 통해 소중한 자료가 공공의 문화유산으로 가치전환될 수 있다는 인식을 확산시키는 데 앞장서고 있다.","<a href=""http://daljinmuseum.com/"" target=""_blank"" title=""새창 : 김달진미술자료박물관 페이지로 이동"">http://daljinmuseum.com</a>","[평일]<br>
- 10:00~17:00<br>
※ 매월 말 마지막 평일은 15시부터 관람 가능<br>
[토요일]<br>
- 10:00~14:00",매주 일요일 / 공휴일,무료,
699241,14,김대중도서관,서울특별시 마포구 신촌로4길 5-26,,13,126.9295757507,37.5569933677,,http://tong.visitkorea.or.kr/cms/resource/53/3393053_image2_1.JPG,Type3,VE,VE09,VE090300,"김대중도서관은 2003년 11월 아시아 최초의 대통령도서관으로 개관하였다. 대한민국 제15대 대통령이자 노벨평화상을 수상한 김대중 전 대통령이 도서관 건물과 1만 6,000여 건의 자료, 10,000여 권의 장서, 그리고 노벨평화상 상금을 연세대학교에 기증한 뜻과 연세대학교의 건학 이념을 바탕으로 설립되었다. 김대중도서관은 민주주의와 인권, 평화 구현, 그리고 빈곤 퇴치를 위해 헌신한 김대중 전 대통령의 정신을 기리고 이를 위해 세계적 수준의 교육 및 연구활동, 그리고 사료 기관으로 거듭나고자 한다.","<a href=""http://www.kdjlibrary.org/""target=""_blank"" title=""새창 : 김대중도서관 홈페이지로 이동"">www.kdjlibrary.org</a>",10:00~16:00,매주 토요일~일요일 / 공휴일,무료,
3080721,14,김세중미술관,서울특별시 용산구 효창원로70길 35 (효창동),,21,126.9638980442,37.5420707165,,,,VE,VE07,VE070600,"김세중미술관은 해방 후 제1세대 조각가로서 한국 현대조각을 개척하고 한국 미술의 발전에 기여한 조각가 김세중의 치열했던 삶과 예술혼을 기리고자 설립되었다. 정식 등록인가를 받은 사립미술관으로서 유명 원로 작가들의 전시와 유망한 청년, 장년 미술가들을 발굴하고 전시를 통해 소개하는 공간이다. 또한, 사회를 향해 열려있는 미술관으로서 미술을 사랑하는 지역 주민들과 모든 시민들에게 미술과 예술의 기쁨을 맛보게 하는 곳이다. 조각가 김세중과 시인 김남조 부부가 거주하던 자택을 리모델링하여 처음 개관하였고, 2015년 '예술의 기쁨'으로, 2017년 '김세중미술관'으로 정식 인가를 받았다. 2개의 전시실과 야외조각실, 세미나실, 카페공간을 갖추고 있다. 미술관 중앙에는 수백년 된 상수리 나무가 자리잡고 있는데 기존 자택에 있던  나무를 그대로 살려 아름다운 풍경을 만들어냈다.","<a href=""http://www.kimsechoong.com/"" target=""_blank"" title=""새창 : 김세중미술관 홈페이지로 이동"">http://www.kimsechoong.com/</a>",11:00~17:00,매주 월요일 / 법정공휴일,무료,
3442973,14,김영삼 도서관,서울특별시 동작구 매봉로 1 (상도1동),,12,126.9499808987,37.5055274904,,,,VE,VE09,VE090300,"김영삼 도서관은 대한민국 전직 대통령 김영삼의 업적과 민주화 정신을 기리기 위해 설립된 공간이다. 서울 동작구 상도동에 위치하며, 그의 생애와 민주화 운동 자료를 아카이브화하여 보관하고 있다. 도서관에는 전시관, 열람실, 강연장 등이 마련되어 있으며, 역사 연구와 교육의 장으로 활용되고 있다.",http://lib.dongjak.go.kr/dj/index.do,화~금: 9:00~22:00 / 주말: 9:00~17:00,월요일,,
130699,14,나루아트센터,서울특별시 광진구 능동로 76,(자양동),6,127.0704301400,37.5374092825,,http://tong.visitkorea.or.kr/cms/resource/84/3588884_image2_1.jpg,Type3,VE,VE06,VE060100,"나루아트센터는 다양하고 수준 높은 공연을 통해 한국 문화예술 발전에 새로운 장을 열고 있는 복합 공연예술 공간이다. 이곳은 클래식, 콘서트, 무용, 연극, 뮤지컬, 오페라 등 다양한 장르의 공연들이 올려지고 있는 대공연장과 무대와 객석의 거리가 가까워 소규모 공연을 눈앞에서 생생하게 관람할 수 있는 관객 친화형 공간인 소공연장이 있다. 예술을 사랑하는 사람들을 위한 나루아트센터 전시실은 내벽과 이동식 파티션을 활용하여 다양한 스토리로 전시 구성이 가능한 공간이다. 2015년 11월 출범한 광진문화재단은 나루아트센터 및 광진어린이공연장을 기반으로 예술성과 대중성을 겸비한 공연, 전시 및 교육 프로그램을 기획·운영하고 있다. 나루아트센터는 수도권 지하철 2호선 건대입구역 5번 출구에서 약 250m 떨어진 곳에 위치하고 있다.","<a href=""http://www.naruart.or.kr"" target=""_blank"" title=""새창 : 나루아트센터 홈페이지로 이동"">www.naruart.or.kr</a>",09:00~18:00 (준비 시간 12:00~13:00),매주 월요일,※ 공연마다 상이하여 자세한 요금은 홈페이지 참조,
229910,14,남산골공원서울천년타임캡슐광장,서울특별시 중구 퇴계로34길 28 (필동2가),,24,126.9932865315,37.5597775194,,http://tong.visitkorea.or.kr/cms/resource/40/3528440_image2_1.jpg,Type1,VE,VE07,VE070300,"서울 정도(定都) 600년을 맞이한 오늘날의 시민 생활과 서울의 모습을 대표할 수 있는 문물 600점을 캡슐에 담아 400년 후인 서울 정도 1,000년에 후손에게 문화유산으로 전하고자 함이다. 400년간의 시간 여행을 위해 지금도 긴 잠에 빠져 있는 타임캡슐은 서울 정도 600년을 기념해 서울시가 1994년 11월 29일 보신각 종을 본뜬 모양의 직경 1.3m, 높이 1.7m, 무게 2.5t의 크기인 캡슐을 특수 제작하였다. 
이 캡슐에는 정치, 경제, 사회, 문화 등 현재 생활의 모든 것을 보여줄 문물 600여 점이 수장되어 있다. 캡슐이 묻힌 남산골 타임캡슐 광장은 1,500 평의 운석 분화구 모양으로 분지 형태를 이루고 있으며, 42m의 크기로 동그랗게 움푹 파인 곳에 타임캡슐이 묻혀있다. 또한 서울시는 세계 각국의 시장의 경축 메시지를 각국 언어로 새겨 넣은 대리석과 시간의 순환성을 의미하며 분지를 둘러서있는 12개의 기둥, 살아 있는 화석으로 불리는 은행나무 등으로 주변을 조경했다. 세계 각국의 언어로 축하 메시지가 쓰인 대리석 서울특별시장 ‘최병렬’ 글귀 두 차례의 시민공모를 통해 엄정하게 선정된  수장품들은 실물 30%,  축소모형 및 설계도 5%, CD롬 또는 마이크로필름 25%, 영상기록 40%의 비율로 매설됐다.
벼·보리 등의 씨앗을 비롯해, 서울시 항공사진필름 2,000장, 우황청심환, 초중고 교과서, 숟가락,  버스 토큰, 1회용 라이터 등과 성수대교 붕괴사고가 1면으로 장식된  신문의 마이크로필름 등  현재의 우리 생활상을 나타냈던 모든 문물들이 실물, 영상기록, 마이크로필름,  축소모형의 형태로 타임캡슐 안을 장식하고 있다. 실물로 수장된 문물의 경우 기저귀, 담배, 팬티스타킹, 남녀 수영복, 현미효소 등 건강식품, 신용카드, 부동산 매매 계약서, 주요 작물 씨앗,  피임기구, 인공심장, 상품권, 공무원 급여명세서, 자동차 면허증, 초중고 시험지, 무선전화기, 화투, 각종 복권 등이며 축소모형은 우리별 1호, 94년도 시판 승용차, 전동차, 퍼스널 컴퓨터, 굴착기 등이 매장되어 있다. 
또한 CD롬이나 마이크로필름에 담은 내용은 당시 많이 소비되었던 서울시민의 식탁 메뉴, 김치 유형 및 만드는 방법, 에이즈 실태, 시험관 아기, 낙찰계, 금융실명제, 증권 깡통계좌, 지하철 TBM 공법, 건축물 관리 대장, 세관적발목록, 토지매각 제도, 입시부정의 실체, 난지도 실태, 94년도 베스트셀러 목록, 신도시 개발, 서울 2000년 도시계획 등이 포함되어 있다. 이와 함께 CD.LD 등 영상기록에는 남녀 아동복, 남녀 한복, 각종 가정의례, 프로야구, 증권회사 객장, 용산 전자상가, 남대문시장, 백화점, 24시간 편의점, 구멍가게, TV 공익광고, 복덕방, 대통령 하루 일정, 오렌지족, 노래방, 씨름 등이 담기게 되어 타임캡슐 안은 그야말로 한국 역사의 본보기가 되고 있는 것이다.",,"- 하절기(4월~10월) 09:00~21:00<br>
- 동절기(11월~3월) 09:00~20:00",매주 월요일,무료,
3451241,14,내를건너서숲으로도서관,서울특별시 은평구 증산로17길 50 (신사동),,22,126.9080628412,37.5917500532,,http://tong.visitkorea.or.kr/cms/resource/73/3450473_image2_1.jpg,Type1,VE,VE09,VE090300,"내를건너서숲으로도서관은 서울특별시 은평구에 위치한 공공 도서관으로, 윤동주 시인의 시 '새로운 길'에서 영감을 받아 설립된 문화 공간이다.",http://www.nslib.or.kr,월~금 09:00~22:00 / 주말 09:00~18:00,매주 월요일 휴무,,
130371,14,노원문화원,서울특별시 노원구 동일로197길 24,,9,127.0697942642,37.6288069831,,http://tong.visitkorea.or.kr/cms/resource/97/3533997_image2_1.jpg,Type1,VE,VE09,VE090100,1997년 10월 22일 설립된 노원문화원은 문화예술활동과 향토사 조사연구 사업을 통해 지역구민들이 더욱 풍요로운 문화적 삶을 누릴 수 있도록 노력하는 비영리 특수 법인 단체이다. 문화로 삶의 가치를 실현한다는 비전 아래 지역네트워크를 통해 지역의 문화정체성 및 역량을 강화하고 공유하기 위한 다양한 문화강좌들을 운영하고 있다. 문화예술교육의 일상 속 생활문화를 실현하기 위해 강좌 운영과 함께 공간 대관 서비스도 한다. 노원구의 문화관광자원을 탐방객들에게 쉽고 재미있게 설명해 주기 위해 문화관광 해설사도 운영한다.,"<a href=""http://www.nwcc.or.kr/"" target=""_blank"" title=""새창 : 노원문화원 홈페이지로 이동"">http://www.nwcc.or.kr</a>",09:00~18:00,"매주 토요일, 일요일 / 법정공휴일",※ 프로그램에 따라 상이하므로 홈페이지 참조,
2745731,14,노원천문우주과학관,서울특별시 노원구 동일로205길 13 (중계동),,9,127.0652332268,37.6407999513,,http://tong.visitkorea.or.kr/cms/resource/24/3463124_image2_1.JPG,Type3,VE,VE07,VE070300,"노원천문우주과학관은 우주와 과학에 특화된 과학관으로 우주의 역사, 공간에 대한 체험 중심 전시물들로 구성되어 있다. 밤하늘의 별과 우주를 통해 과학을 탐구하고, 그 신비를 지역사회와 함께 나누는 공간이다. 아이부터 어른까지 누구나 과학을 쉽고 재미있게 경험할 수 있도록 다양한 프로그램이 마련되어 있고 천체 관측 행사, 유익하고 흥미로운 강연, 직접 참여하는 체험 활동 등을 통해 과학이 멀리 있는 것이 아닌 우리 일상과 가까이 연결된 것임을 느낄 수 있다. 전시는 빅히스토리관과 코스모스관에서 관람하고 북카페와 교육실을 이용할 수 있다. 또한 천체관측 프로그램을 운영하는데 매일 낮 시간에 천체 망원경으로 태양 관측 체험을 할 수 있다. 우주에 관심이 많다면 꼭 방문해 볼 만한 장소이다.","<a href=""https://www.nowoncosmos.or.kr"" target=""_blank"" title=""새창 : 노원우주학교 사이트로 이동"">https://www.nowoncosmos.or.kr</a>","[전시관] <br>
- 09:30~17:30 (입장마감 17:00)<br>
※ 전시물 점검 및 정비 시간 : 12:00~13:00<br>
<br>
[천문대 주간 관측] <br>
- 평일 13:30 / 14:30<br>
- 주말 10:00 / 11:00 / 13:30 / 14:30<br>
<br>
[천문대 야간 관측]<br>
- 금~토요일 19:30~21:00 (하절기 20:00~21:30)",매주 월요일 / 1월 1일 / 설·추석 당일,"- 성인(20세~64세) 2,000원<br>- 어린이·청소년(6세~19세) 1,000원",
3432213,14,논현문화마루도서관,서울특별시 강남구 논현로131길 40 (논현동),,1,127.0271208603,37.5139001229,,http://tong.visitkorea.or.kr/cms/resource/56/3431756_image2_1.jpg,Type1,VE,VE09,VE090300,"논현문화마루도서관은 서울 강남구에 위치한 전국 최초의 예술 특화 도서관으로, 지역 주민들에게 책과 예술을 융합한 독창적 경험을 제공한다. 자연광이 가득한 현대적 건축과 아늑한 독서 공간, 어린이부터 성인까지 즐길 수 있는 다양한 프로그램을 자랑한다. 예술 관련 자료와 전시 공간이 특히 주목받고 있으며, 주민들이 문화와 창의성을 나눌 수 있는 커뮤니티 허브로 자리 잡고 있다.",https://nhlib.gangnam.go.kr/nmmlib/index.do,"화,수,목,금 09:00-18:00
토,일 09:00-17:00",매주 월요일,,
130624,14,다보성 갤러리,서울특별시 종로구 삼일대로 457 (경운동),,23,126.9865255983,37.5752617096,,http://tong.visitkorea.or.kr/cms/resource/61/3334161_image2_1.jpg,Type3,VE,VE07,VE070600,"다보성 갤러리는 1983년에 문을 연 이래 수준 높은 다수의 고미술품과 귀중한 사료를 수집하여 국립 박물관을 비롯하여 시립, 공립, 각 대학 박물관, 사립박물관 등에 공급시키는 일에 힘써왔다. 외국으로 흘러 나갈 뻔했던 최상급 문화재도 지켰으며 일본 등지로 팔려 가는 귀중한 북한 문화재들을 치열한 경쟁 끝에 국내로 들여오기도 하면서 우리 문화유산 지킴이 역할을 해 왔다. 
다보성 갤러리는 우리 선조들이 실제 생활에서 쓰던 작고 소중한 소품들을 모아 매년 전시한다. 지필묵연의 문방사우를 비롯하여 개구리 모양의 작은 연적, 원앙의 모양을 조각한 향로뚜껑, 신라시대 토우와 조선시대 백자인형 등 아기자기한 소품들이 전시된다.","<a href=""http://daboseong.com/"" title=""새창 : 다보성 갤러리 공식 홈페이지로 이동"" target=""_blank"">http://daboseong.com/</a>","09:00~18:00 <br>
※ 토요일 09:00~16:00 (특별전 기간에만 운영)",매주 토요일~일요일 / 공휴일 <br>※ 기획전 및 특별전의 경우 토요일 개관,무료,
130348,14,대안공간 루프,서울특별시 마포구 와우산로29나길 20,,13,126.9278315359,37.5544630750,,http://tong.visitkorea.or.kr/cms/resource/81/3542581_image2_1.jpg,Type1,VE,VE07,VE070600,"대안공간 루프는 비영리 갤러리로서 유망한 젊은 작가들에게 전시 공간과 더불어 전시 관련 제반 사항을 지원하는 공간이다. 루프는 1999년 홍대 지역에서 한국 최초의 대안공간으로 시작해서, 2019년 20주년을 맞아 문화예술 비영리법인으로 새롭게 출발했다. 연대와 공유를 목표로 국내외 예술인들의 다양한 교류를 통해 국제적인 동시대 미술의 흐름을 시민들과 공유하는 장소이며 소수의 소유물이 아닌 모두가 공유하는 공공적이며 공동체적 성격을 갖는 예술 단체로 활동하고 있다. 개관 이후 매년 여러 차례의 전시와 공연을 해왔으며, 다양한 국제교류 활동을 펼치고 있다.","<a href=""http://altspaceloop.com/"" target=""_blank"" title=""새창 : 대안공간 루프 홈페이지로 이동"">http://altspaceloop.com/</a>",※ 전시마다 상이하므로 전화문의 요망,※ 전시마다 상이하므로 전화문의 요망,무료,
3012777,14,대학로자유극장,서울특별시 종로구 대학로12길 31 (동숭동),,23,127.0036238260,37.5828028072,,http://tong.visitkorea.or.kr/cms/resource/61/3012761_image2_1.jpg,Type3,VE,VE06,VE060100,"대학로자유극장은 난타기획사 PMC 프러덕션이 2005년 3월, 국내 창작뮤지컬의 발전을 목적으로 대학로에 개관한 극장이다. 2005년 개관기념작 난타를 시작으로 뮤지컬 달고나, 뮤직인 마이 하트, 살인사건 등 국내 창작 뮤지컬을 중심으로 공연을 올려 관객들에게 새로운 감동이 있는 문화공간으로 자리잡았다. 지금도 자유극장은 다양한 장르를 시도하고, 완성도 높은 뮤지컬 공연들로 관객들에게 다가가고 있다. 지하의 소극장으로 관객과 무대가 가까워 생생한 공연을 즐길 수 있다. 혜화역 1번 출구에서 200m 거리에 있으며 대학로에 중앙에 위치하여 주변에 볼거리, 즐길거리가 즐비하다.",,10:00~22:00,연중무휴,,
2753089,14,더서울라이티움,"서울특별시 성동구 서울숲2길 32-14 (성수동1가, 갤러리아 포레)",지하2층,16,127.0432601616,37.5455245178,,http://tong.visitkorea.or.kr/cms/resource/37/3401437_image2_1.JPG,Type3,VE,VE07,VE070300,"더서울라이티움은 세계적인 빛의 건축 디자이너 장 누벨(Jean Nouvel)이 공간 디자인에 직접 참여한 서울시의 랜드마크로 갤러리아 포레에 소재해 서울숲과 연계된 교통의 요지에 자리 잡고 있다. 1관은 미디어아트 상설전시, 2관과 5관은 복합전시 및 문화행사, 3관은 소상공예술인 전시, Atrium은 문화 예술 전시를 하고 있다. 시즌별로 다양한 전시가 기획되고 있으며, 박람회, 세미나, 상품론칭쇼 등 시설 대관도 가능하다.","<a href=""http://www.seouliteum.com"" target=""_blank"" title=""새창 : 더서울라이티움 홈페이지로 이동"">http://www.seouliteum.com</a>",전시별 상이,연중무휴,전시별 상이,
736766,14,더페이지갤러리,"서울특별시 성동구 서울숲2길 32-14 (성수동1가, 갤러리아 포레)",,16,127.0432601616,37.5455245178,,http://tong.visitkorea.or.kr/cms/resource/89/2368189_image2_1.JPG,Type3,VE,VE07,VE070600,"더페이지갤러리는 2009년 서울에 개관한 이래 한국 현대미술을 밀도감 있게 전시해 왔다. 대중과 소통하는 여러 전시를 통해 더페이지갤러리만의 독창성을 추구하며 한국의 대표적 갤러리로 입지를 다져왔다. 특히, 한국미술의 진보적 태도와 인문학을 바탕으로 한 기하학적 형태의 논리 정연한 작품들을 선보였고,한국 현대미술만의 독특한 시선에 주목하며 최명영, 김춘수, 이교준, 나점수 등과 같은 한국 대표작가들의 전시를 꾸준히 선보이고 있다. 또한 Yin Zhaoyang, Xu Bing, Ding Yi, Tan Ping 등과 같은 중국 현대 미술 작가들의 전시를 비롯하여 Alex Katz, Sam Francis 등의 전시를 선보이며 동시대적 미술의 흐름을 반영하고 있다.","<a href=""http://www.thepage-gallery.com/"" target=""_blank"" title=""새창: 더페이지갤러리 공식 홈페이지로 이동"">http://www.thepage-gallery.com</a>",10:30~18:00,매주 월요일 / 공휴일,무료,
130375,14,동대문문화원,서울특별시 동대문구 왕산로 128 (용두동),지하2층,11,127.0376791961,37.5778762139,,http://tong.visitkorea.or.kr/cms/resource/75/3547975_image2_1.jpg,Type3,VE,VE09,VE090100,"서울 동대문구는 서울의 동쪽, 해 뜨는 마을로 동부 서울의 교통 요충지이며 역사와 전통이 살아 숨 쉬는 고장이다. 선사시대인 신석기시대 빗살무늬토기가 출토될 정도로 오랜 역사의 땅인 동대문구는 예로부터 동쪽이 의미하는 仁(인), 義(의), 禮(예), 智(지)의 첫 번째 덕목인 仁(인)의 고장이자 지형적으로도 햇볕이 고르고 벌이 넓어 왕가의 농토인 전농(典農)과 능(陵) 터로 쓰였던 명당이다. 
1998년 12월에 개원한 동대문문화원은 바로 이러한 역사와 전통을 바탕으로 지역유지들이 뜻을 모아 민간기금으로 발족한 기관이다. 매년 구민들을 위해 진행되는 시끌벅적 동대문구의 오월, 한가위 구민 한마음 민속 큰잔치, 청룡문화제(靑龍文化祭) 등 지역 전통문화 행사를 주관하고 동아리 상설 공연, 역사 문화 탐방, 문예 공모전 등 다양한 장르의 문화 행사를 개최하여 지역 구민의 문화 향유를 위해 최선의 노력을 다하는 기관이다. 전통과 역사, 현대가 아우르는 동대문구의 지역문화 창달의 기수로써 문화 매개의 역할을 한다.","<a href=""http://dongdaemun.kccf.or.kr/"" target=""_blank"" title=""새창 : 동대문문화원 홈페이지로 이동"">http://dongdaemun.kccf.or.kr</a>",09:00~17:30,매주 토요일~일요일 / 법정공휴일,"[연회원회비] 20,000원<br>[문화강좌] 홈페이지 참조",
130155,14,동덕아트갤러리,서울특별시 종로구 우정국로 68 동덕빌딩,B1 동덕아트갤러리,23,126.9833314524,37.5749894618,,http://tong.visitkorea.or.kr/cms/resource/69/3048969_image2_1.JPG,Type3,VE,VE07,VE070600,동덕아트갤러리는 한국 미술 문화의 동향을 보여주는 다양한 전시를 개최하여 작가들에게는 창작 발표의 장을 시민들에게는 자유로운 예술 감상의 기회를 제공하여 왔다. 1997년 명칭을 동덕아트갤러리로 변경하였으며 같은 해 동덕빌딩이 준공되어 빌딩 지하 1층으로 장소를 이전하고 한국의 작가들뿐만 아니라 중국과 대만 화원의 원로작가들과 교류 전시를 개최하며 국제미술계와 호흡하기 시작했다. 2017년 초 전관 리모델링 공사를 마치고 다양한 기획전시와 전시 연계 교육프로그램을 진행하고 있으며 국내외 아티스트들과의 지속적인 네트워크를 구축하여 국내 작가의 해외 진출을 돕고 수준 높은 현대 미술을 소개하고 있다.,"<a href=""http://www.gallerydongduk.com/"" target=""_blank"" title=""새창 : 동덕아트갤러리 홈페이지로 이동"">http://www.gallerydongduk.com</a>",10:00~18:00,연중무휴,전시 별로 상이함,
129903,14,동산방화랑,서울특별시 종로구 인사동9길 35 (견지동),,23,126.9833898373,37.5729813628,,http://tong.visitkorea.or.kr/cms/resource/70/3478570_image2_1.jpg,Type3,VE,VE07,VE070600,"동산방화랑은 전통 회화에서 현대미술로 이어지는 전시를 하는 갤러리이다. 개관 이후 한국 고유의 미감을 간직한 전통 회화와 근대미술과 시대적 가치를 반영하는 현대미술로 이어지는 전시를 통해 한국 화랑의 중추적 역할을 해왔다. 그리고 근현대 미술의 주요 작가의 작품 소개와 역량 있고 새로운 젊은 작가의 작업을 알리기 위해 기획을 하고, 중국 미술을 포함한 아시아 미술도 소개하고 있다.
한국화 위주의 전시 및 상설전을 주로 개최하며 서양화 및 동양화, 조각, 판화와 한국, 중국의 목판화 상설전을 개최하기도 한다. 또, 새롭고 창의적인 작품 세계를 가진 역량 있는 작가를 소개하는 전시와 차세대 유망 신진 작가의 발굴을 위해 젊은 작가 전시도 기획하고 있다. 한국 화랑 분야의 1세대 화랑으로 대가, 중진, 중견작가들과도 돈독한 관계를 유지하고 있는 화랑이다.","<a href=""https://www.dongsanbanggallery.com/"" target=""_blank"" title=""새창 : 홈페이지로 이동"">https://www.dongsanbanggallery.com/</a>",[월요일~금요일] <br> - 09:00~18:00 <br>  [토요일] <br> - 09:00~12:30 <br> ※ 전시기간에는 토요일 16시까지 운영,매주 일요일 / 공휴일,무료 (특별전의 경우 유료),
2704340,14,디뮤지엄,"서울특별시 성동구 왕십리로 83-21 (성수동1가, 아크로 서울포레스트)",,21,127.0432879644,37.5445357444,,http://tong.visitkorea.or.kr/cms/resource/06/3556906_image2_1.jpeg,Type3,VE,VE07,VE070100,"디뮤지엄은 서울숲역에 위치한 미술관으로 한남동에서 성수동으로 이전하여 접근성을 높이고, 전시뿐만 아니라 공연, 교육이 강화된 복합문화센터로 그 기능을 확장하였다. 국내외 아티스트들과의 지속적인 네트워크를 구축하며, 국제적 문화교류를 통해 수준 높은 현대 미술과 디자인 분야를 소개하고, 지역 연계 프로젝트를 통해 지역사회와 함께하는 문화를 만들어가며, 어린이부터 시니어까지 참여할 수 있는 다채로운 교육 및 문화 프로그램을 연중 실행하여 누구나 즐겁게 예술을 경험하고 향유하는 영감의 장소, 문화와 예술로 삶을 풍요롭게 하는 서울의 문화와 예술의 랜드마크로 자리매김할 목표로 나아가고 있다.","<a href=""https://daelimmuseum.org""target=""_blank"" title=""디뮤지엄"">https://daelimmuseum.org</a>","[화요일~목요일, 일요일]<br>
- 11:00~18:00 <br>
- 입장 마감 17:00<br>
[금요일~토요일]<br>
- 11:00~19:00 <br>
- 입장 마감 18:00",매주 월요일,"- 성인 12,000원 <br>- 청소년(13세~18세) 6,000<br>※ 무료 : 36개월~12세",
2707460,14,딜쿠샤,서울특별시 종로구 사직로2길 17 (행촌동),,23,126.9634833153,37.5730893265,,http://tong.visitkorea.or.kr/cms/resource/61/3573161_image2_1.jpg,Type1,VE,VE07,VE070300,"딜쿠샤(DILKUSHA)는 페르시아어로 ‘기쁜 마음’이라는 뜻으로 앨버트 W. 테일러와 메리 L. 테일러 부부가 살던 집의 이름이다. 테일러 부부는 1923년에 공사를 시작하여 1924년에 딜쿠샤를 완공하였으며 1926년에는 화재가 발생해 1930년에 재건되었다. 1942년 일제가 테일러 부부를 추방한 후 딜쿠샤는 동생 윌리엄 W. 테일러가 잠시 관리하였으며, 이후 1959년에 자유당 조경규 의원이 딜쿠샤를 매입하였으나 1963년에 조경규 의원의 재산이 국가로 넘어가면서 딜쿠샤도 국가 소유가 되었다. 그 후로 오랜 기간 방치되어 본모습을 잃게 되었으며 2005년에 서일대학교 김익상 교수가 앨버트의 아들인 브루스 T. 테일러의 의뢰를 받아 딜쿠샤를 찾아내었다. 2006년 브루스는 마침내 66년 만에 자신이 어린 시절에 살던 딜쿠샤를 방문하였고 그렇게 다시 세상에 알려지게 되었다. 
서울시는 딜쿠샤의 원형을 복원하기 위해 2016년 관계기관과 업무 협약을 체결하였다.  2017년 8월에 국가등록문화유산 ‘서울 앨버트 테일러 가옥(딜쿠샤)’로 지정되었다. 서울시에서는 2017년부터 딜쿠샤를 복원하여 전시관으로 조성하기 위해 학술용역 및 설계용역을 진행하였으며, 딜쿠샤에 거주하던 주민들과 원만히 협의하여 2018년 7월에 이주를 완료하였다. 이후 2018년 11월부터 건물의 원형을 복원하는 공사를 시작해 2020년 12월에 복원을 완료하였다. 복원을 마친 딜쿠샤의 내부 거실은 테일러 부부가 살던 당시의 모습으로 재현하였고 거실을 제외한 나머지 공간은 테일러 부부가 한국에서 생활하던 모습과 앨버트 W. 테일러의 언론활동을 주제로 한 전시실로 조성하여 2021년 3월 1일에 개관하였다.","<a href=""https://museum.seoul.go.kr/www/intro/annexIntro/annex_dilkusha/annex_dilkusha_01.jsp?sso=ok"" target=""_blank"" title=""새창 : 서울역사박물관으로 이동"">https://museum.seoul.go.kr</a>",09:00~18:00 (입장마감 17:30),"매주 월요일 (단, 월요일이 공휴일인 경우 개관) / 1월 1일",무료,
130365,14,떡박물관,서울특별시 종로구 돈화문로 71 (와룡동),,23,126.9906530083,37.5749534860,,http://tong.visitkorea.or.kr/cms/resource/39/3540839_image2_1.jpg,Type1,VE,VE07,VE070100,"떡박물관은 우리 조상들의 지혜롭고 슬기로웠던 삶의 모습과 숨결을 느낄 수 있는 체험공간이자 산교육의 마당이다. 개인적으로 수집한 소장품들을 이곳에 모아 박물관을 설립하게 된 동기는 1999년 3월 안국동 백상기념관에서 ‘이야기가 있는 옛 부엌살림전’을 개최한 것이 계기가 되었다. 전시를 본 많은 사람들이 우리의 옛 부엌살림을 언제나 만날 수 있는 공간이 있었으면 좋겠다는 의견을 주었고, 우리의 부엌살립 유물들이 잊히는 것이 마음이 아프던 차에 2002년 1월에 그동안 모아 온 소장품 3,000여 점을 지금의 박물관에 전시하면서 개관하게 되었다.
떡은 한국인의 생활 속에 깊숙이 들어앉아 희로애락을 함께 해 온 음식으로 그 종류도 많거니와 맛과 영양, 질감과 향을 위한 배합이 과학적으로 절묘하다. 떡박물관에서는 이러한 떡을 시절에 따라, 우리의 일생의례에 따라, 그리고 만드는 방법에 따라 분류 방법을 달리하여 전시하고 있다. 또한 떡을 만들 때 사용하는 각종 조리 도구들도 전시되어 있다. 떡을 보는 것만으로 그치는 것이 아닌 직접 만들어 보고 맛볼 수 있는 체험프로그램을 진행하고 있다. 체험을 통하여 내국인은 물론 외국인들에게도 우리의 자랑스러운 전통문화를 배우고, 잊혀 가는 식문화를 되살리는 계기가 되고 있다.","<a href=""http://www.tkmuseum.or.kr/"" target=""_blank"" title=""새창 : 떡박물관 홈페이지로이동"">http://www.tkmuseum.or.kr</a>",월요일~토요일 10:00~18:00 (입장마감 17:30),매주 일요일 / 설·추석,"- 성인 3,000원<br>- 36개월~19세 미만 2,000원<br>※ 무료 : 36개월 미만 / 65세 이상",
3085149,14,롯데콘서트홀,서울특별시 송파구 올림픽로 300 (신천동),롯데월드몰 8층 롯데콘서트홀,18,127.1040305171,37.5142459111,,http://tong.visitkorea.or.kr/cms/resource/42/3085142_image2_1.JPG,Type3,VE,VE06,VE060100,"잠실 롯데월드몰에 자리 잡고 있는 롯데콘서트홀은 세계 최고 수준의 음향과 객석, 조명 등을 갖춘 2,036개의 객석을 갖춘 공연장이다.  일본의 대표 클래식 공연장인 ‘산토리홀’과 미국의 ‘월트디즈니 콘서트홀’ 등 세계적으로 호평받는 공연장 수준의 음향을 구현해 냈다. 국내 최초로 선보이는 빈야드 스타일의 라운드형 무대는 객석이 무대를 둘러싸고 있어서 더욱 섬세한 음향을 감상할 수 있다. 5,000여 개의 파이프로 이루어진 오르간은 풍부한 음색을 표현해 내고 라운드형 무대 리프트에 조명이 더해져 품격 있는 무대를 감상할 수 있다. 공간 안에 다른 공간을 넣은 구조를 선택하여 외부 공간을 이중으로 감싸면서 소음과 진동을 완벽히 차단하여 관객의 공연 몰입도를 높여준다. 공연과 함께 롯데월드몰에서 몰링을 해도 좋으며, 인근에는 석촌호수, 롯데월드, 롯데월타워 등 볼거리와 즐길 거리가 아주 많다.","<a href=""https://m.lotteconcerthall.com/kor"" target=""_blank"" title=""새창 : 롯데콘서트홀 홈페이지로 이동"">https://m.lotteconcerthall.com/kor</a>",10:30~22:00,연중무휴,공연 별로 상이함,
130369,14,마포문화원,서울특별시 마포구 백범로 227 (신공덕동),,13,126.9555071358,37.5422844303,,http://tong.visitkorea.or.kr/cms/resource/52/3476952_image2_1.JPG,Type3,VE,VE09,VE090100,"마포문화원은 마포구민 모두가 쉽게 접하고 즐길 수 있는 문화의 장을 만들기 위해 구민 스스로 문화예술 주체가 되도록 평생교육의 장을 열어가고 있다. 창의미술, 판소리, 바이올린 등 어린이 대상 강좌와 스마트시니어튼튼교실, 시니어모델교실 등 시니어를 위한 맞춤형 강좌부터 동양고전의 이해, 생활 영어, 생활일본어, 민요장구반 등 다양한 문화강좌를 준비하여 구민들을 위해 교육하고 있으며 지역문화 예술제, 축제 등을 개최하여 지역관광 발전에 이바지할 수 있도록 노력하고 있다.","<a href=""http://www.mapocc.or.kr/"" target=""_blank"" title=""새창 : 마포문화원 홈페이지로 이동"">http://www.mapocc.or.kr</a>",09:00~18:00,매주 토요일~일요일 / 법정공휴일,,
753972,14,매헌 윤봉길의사 기념관,서울특별시 서초구 매헌로 99 (양재동),,15,127.0368379074,37.4691610476,,http://tong.visitkorea.or.kr/cms/resource/39/3521639_image2_1.jpg,Type1,VE,VE07,VE070200,"매헌 윤봉길 의사는 1932년 4월 29일 중국 상하이 홍커우 공원에서 열린 일왕생일 겸 상하이 사변 승전 축하 기념식에서 단상 위에 도열하고 있는 일제 군관민 수뇌부를 향해 폭탄을 던져 대한의 민족혼과 독립정신을 전 세계에 알린 민족의 영웅이다. 25년의 짧았던 자신의 시간 전부를 나라를 위해 바친 윤봉길 의사는 단심제를 원칙으로 하는 군법재판에서 사형선고를 받고 의거 1년도 되지 않은 1932년 12월 19일에 차가운 일본 땅에서 순국하였다.
위와 같은 윤봉길 의사의 삶과 업적을 올바르게 알리고 농촌계몽과 의열 투쟁을 위한 애국애족의 나라사랑 정신을 널리 선양하고자 (사)매헌윤봉길의사기념사업회가 주관하여 1988년 12월 1일에 국민들의 성금으로 서울 서초구 양재동 시민의 숲 안에 기념관을 건립하게 되었다. 2016년 1월 1일부터는 기념관이 국가보훈처 소유로 이관되어 이를 계기로 2017년~2018년에 걸쳐 전시시설 현대화 작업을 진행하여 건립 30주년인 2018년에 새롭게 재개관하였다.
기념관 중앙홀에는 태극기 앞에 앉아 있는 모습을 한 윤봉길 의사의 동상이 있다. 동상은 교육자, 계몽가, 독립투사로서의 높은 지성과 비장한 기개로 구국애족의 길을 가고자 결의를 하는 윤봉길 의사를 형상화한 것이다. 또한 태극기는 1932년 4월 27일 한인애국단 선서식 기념촬영 당시에 사용된 태극기다. 
제1전시실은 윤봉길 의사의 연표와 출생과 성장, 유품 등이 전시되어 있고, 제2전시실은 상하이 도착, 한인애국단 입단, 순국, 추모 공간으로 구성되어 있으며 중앙홀에는 매헌 윤봉길 의사의 좌상이 있으며, 이외에도 AR·VR 등을 통해 윤봉길 의사를 만나볼 수 있는 체험공간 등이 조성되어 있다.","<a href=""http://www.yunbonggil.or.kr/_memorial_hall/"" target=""_blank"" title=""새창 : 매헌 윤봉길의사 기념관 홈페이지로 이동"">http://www.yunbonggil.or.kr/_memorial_hall</a>","- 하절기(3월~10월) 10:00~18:00 (입장마감 17:30)<br>
- 동절기(11월~2월) 10:00~17:00 (입장마감 16:30)","매주 월요일 (단, 월요일이 공휴일인 경우 개관하며, 그 다음날 휴관) / 1월 1일 / 설·추석 연휴 / 근로자의 날(5월 1일)",무료,
130279,14,모인화랑,서울특별시 종로구 인사동10길 13 (관훈동),,23,126.9857368058,37.5743951298,,http://tong.visitkorea.or.kr/cms/resource/28/3529828_image2_1.jpg,Type1,VE,VE07,VE070600,"모인화랑은 1988년 서울 종로구 사간동에서 첫 개관한 이후 1994년 화랑가의 메카인 인사동으로 이전하여 현재까지 기획전 및 초대전 전문 화랑으로 자리를 확고히 하고 있다. 미술에 대한 깊은 전문지식과 다양한 경험을 바탕으로, 창의적인 젊은 작가를 지속적으로 발굴하고 전시하며, 중견 및 대가의 독창적인 작품도 꾸준히 선보이고 있다. 또한 모인화랑은 국내외 아트페어를 통해 작가들의 대표작을 선보이는 동시에 작품 가격의 전문성, 객관성, 투명성을 확보하여 다양하고 정확한 데이터와 신뢰할 수 있는 네트워크를 기반으로 미술시장의 합리적인 가격 선순환에 기여하고 있다.
모인화랑은 오랜 경험을 가진 전문인의 안목으로 미술계의 발전과 문화적 기여를 지속적으로 추구하고자 한다.","<a href=""http://www.moingallery.co.kr/ "" title=""새창 : 모인화랑 홈페이지로 이동"" target=""_blank"">http://www.moingallery.co.kr</a>","- 하절기 11:00~18:00<br>
- 동절기 11:00~17:00",매주 일요일,무료,
130503,14,모차르트 콘서트홀,서울특별시 서초구 명달로 104 (서초동),,15,127.0045514676,37.4864779022,,http://tong.visitkorea.or.kr/cms/resource/56/2024256_image2_1.jpg,Type3,VE,VE06,VE060100,"모차르트홀은 201석 규모로 피아노연주 및 소규모 챔버뮤직에 최적으로 설계되었다. 콘서트홀과 로비의 조화로운 통합이 이루어지도록 타원형으로 디자인되었다. 또한 홀 내부는 음향설계를 중심으로 나무와 돌의 이중적 톤으로 구성되었으며, 공연장 전용의자를 95cm 공간으로 설치함으로써 음향적인 측면은 물론 안락함까지 고려하였다. 무대는 공연행태에 따라 구성의 변환이 가능하며, 이를 고려하여 객석의자는 고정석 125석, 이동석 76석으로 설치되어 있다.
특수 설계된 방진패드를 적용하여 공연장을 건물 바닥으로부터 띄우고 벽과 천장으로부터 분리시킴으로써 건물진동이 완벽하게 차단했다. 이와 더불어 냉난방환기덕트에 소음기(silencer)와 국내최초의 ANC(Active Noise Control System)를 적용함으로써 국제기준 공연장의 실내소음도(NoiseCriteria) NC20 이하보다도 월등한 NC5의 국내에서 찾아볼 수 없는 조용한 공연장 환경을 자랑한다.","<a href=""http://www.mozarthall.co.kr"" target=""_blank"" title=""새창 : 모차르트홀 홈페이지로 이동"">http://www.mozarthall.co.kr</a>",공연 별로 상이함,공연 별로 상이함,공연 별로 상이함,
231976,14,목인박물관 목석원,서울특별시 종로구 창의문로5길 46-1 (부암동),,23,126.9633051014,37.5890707988,,http://tong.visitkorea.or.kr/cms/resource/15/3540815_image2_1.jpg,Type1,VE,VE07,VE070100,"2006년 종로구 인사동에서 개관한 목인박물관은 2019년 부암동으로 이전하여 목인박물관 목석원으로 재개관하였다. 목인이란, 전통 인물 및 각종 동물의 모습을 조각한 목 조각상을 말한다. 
목인박물관 목석원에는 조선시대를 중심으로 근·현대에 이르기까지 상여장식용 조각 및 신당, 사찰을 포함한 각종 민속 목조각상들이 약 12,000여 점이 있으며, 이러한 자료들은 당시의 시대 및 생활상을 고증하고 연구하는데 중요한 기초 자료로 활용될 수 있다. 
7개의 실내전시장에서는 세계 각국의 목인(木人)이 전시되어 있으며, 약 3,000여 평 규모의 야외전시장에서는 한국의 문인석(文人石), 무인석(武人石), 동자석(童子石)과 일본, 중국 등 아시아의 다채로운 석인(石人)들도 만나볼 수 있다.","<a href=""http://www.mokinmuseum.com/"" target=""_blank"" title=""새창 : 목인박물관 목석원 홈페이지로 이동"">http://www.mokinmuseum.com</a>","- 하절기 10:30~19:00 (입장마감 18:00)<br>
- 동절기 10:30~18:00 (입장마감 17:00)",매주 월요일 / 설·추석 연휴,"- 일반 10,000원<br>- 19세 미만(13~18세) 7,000원<br>- 36개월 이상~초등학생(3~12세) 5,000원<br>※ 모든 관람객에게 음료 1잔을 제공",
2553929,14,문화비축기지,서울특별시 마포구 증산로 87,,13,126.8951646315,37.5699856862,,http://tong.visitkorea.or.kr/cms/resource/67/3340967_image2_1.jpg,Type3,VE,VE07,VE070200,"마포구 서울월드컵경기장 인근 매봉산에 에워싸인 문화비축기지는 일반인의 접근과 이용이 철저히 통제됐던 산업화시대 유산인 마포 석유비축기지가 도시재생을 통해 시민 품으로 돌아오게 된 문화공원이다. 
1973년 석유파동 이후 1976~78년에 5개 탱크를 건설해 당시 서울시민이 한 달 정도 소비할 수 있는 양인 6,907만ℓ의 석유를 보관했던 마포석유비축기지는 2002년 월드컵을 앞두고 안전상의 이유로 폐쇄되었다. 10년 넘게 활용방안을 찾지 못하다가 지난 2013년 시민아이디어공모를 통해 문화비축기지로의 변신을 결정했다. 
당시 석유를 보관하던 탱크들은 석유 대신 매일 색다른 문화를 창출하는 문화탱크로 역할이 바뀌었다. 기존 5개의 탱크는 열린 문화 공간으로 탈바꿈하였고, 해체된 탱크의 철판을 활용해 만들어진 T6는 시민들의 커뮤니티 공간이 되었다. 비어있던 야외 공간은 아이들이 뛰어놀 수 있는 문화 마당으로 만들었으며, 부지에 남아있던 수림은 최대한 보존하고 다양한 종류의 꽃과 나무를 심어 공원으로 조성했다. 
석유와 건설 중심의 산업화 시대를 대표하던 공간이 친환경과 재생, 문화가 중심이 되는 생태문화공원으로 거듭났다. 시장을 비롯해 전시, 공연, 워크숍 등 색다른 문화 행사가 열리고 있다.","<a href=""http://parks.seoul.go.kr/template/sub/culturetank.do"" target=""_blank"" title=""새창 : 서울의 공원 홈페이지로 이동"">http://parks.seoul.go.kr</a>","[야외공원] 상시 개방<br>
[탱크 T1~T6] 화요일~일요일 10:00~18:00<br>
※ 공간 사용 일정에 따라 탱크 출입이 제한될 수 있음<br>
[카페 Tank6] 화요일~일요일 10:00~18:00",,,
130627,14,밀알미술관,서울특별시 강남구 일원로 90,,1,127.0823082922,37.4860793454,,http://tong.visitkorea.or.kr/cms/resource/83/3589983_image2_1.jpg,Type3,VE,VE07,VE070600,"밀알미술관은 1999년 대표가 각별한 마음으로 수집한 작품들을 모은 것을 계기로, 발달장애학교인 밀알학교 공간에서 시작하여 현재 밀알아트센터에 위치하고 있다. 이곳의 전시와 컬렉션에는 세 가지 특색이 있다. 첫째 북한의 그림들을 모으고 복원하여 한국 미술사에 잃어버린 시간을 작품을 통해 연결하고 있으며, 둘째, 중국, 러시아, 동유럽권에 이르기까지 매년 뛰어난 해외 작가들과 교류하고 작품을 전시하고 있다. 셋째, 마지막으로 재능있는 신인 작가와 장애 작가들을 발굴하여 전시를 열 수 있도록 지원하고 있다. 밀알미술관은 예술을 사랑하는 사람들의 공간으로 장애와 비장애가 구분 없이 작품을 통해 서로가 만나고 아름다움을 만들어 내는 복합문화공간으로 많은 사람들과 함께하고 있다.","<a href=""http://www.milalmuseum.or.kr"" target=""_blank"" title=""새창 : 밀알미술관 홈페이지로 이동"">http://www.milalmuseum.or.kr</a>",10:00~17:00,※ 전시 준비기간 휴무로 자세한 사항은 전화문의 요망,무료,
130628,14,박여숙화랑,서울특별시 용산구 소월로38길 30-34,,21,126.9902678047,37.5441515030,,http://tong.visitkorea.or.kr/cms/resource/08/3542608_image2_1.jpg,Type1,VE,VE07,VE070600,"박여숙화랑 설립자 박여숙이 한국의 젊고 실력 있는 작가를 육성하고, 국제적인 거장들을 한국에 소개하는 갤러리로 자리 잡았다. 창립 당시 20대 후반이었던 박여숙은 이미 명성이 있는 작품 위주의 전시를 탈피하고, 역량 있는 작가들을 발굴하는 데 힘을 썼다. 특히 현대미술의 불모지였던 1980년대 한국 미술시장에서 컬렉션의 대중화를 위해 노력했으며, 한국의 단색화 작가를 후원하고 해외에 소개해 왔다. 1993년 미국 LA 아트페어를 계기로 현재까지 꾸준하게 아트바젤, 아트바젤홍콩, 쾰른 아트페어 등과 같은 세계 유수의 아트페어에 참가하여 한국 작가들을 국외에 소개하는 데 심혈을 기울이고 있다.","<a href=""https://www.instagram.com/parkryusook"" target=""_blank"" title=""새창 : 홈페이지로 이동"">https://www.instagram.com/parkryusook</a>",10:00~18:00,매주 일요일,무료,
3456336,14,배봉산숲속도서관,서울특별시 동대문구 전농로16길 97 (전농동),,11,127.0627518944,37.5784960375,,http://tong.visitkorea.or.kr/cms/resource/97/3455797_image2_1.jpg,Type1,VE,VE09,VE090300,"서울 배봉산숲속도서관은 서울의 중심에 위치한 자연과 도서관이 결합된 독특한 공간으로, 도심 속에서 숲의 여유로움을 느끼며 책을 즐길 수 있는 특별한 장소이다. 이 도서관은 배봉산의 자연경관을 보존하면서, 책과 함께하는 힐링을 제공한다. 산책로와 숲속을 거닐며 도서관으로 향할 수 있는 접근성 덕분에 방문객은 자연 속에서 책을 읽거나 학습할 수 있는 편안한 환경을 경험할 수 있다.

배봉산숲속도서관은 다양한 프로그램과 행사도 운영하여, 지역 주민과 방문객들이 문화와 자연을 동시에 만끽할 수 있게 한다. 특히, 어린이들을 위한 프로그램과 숲 체험 활동은 어린이들에게 자연과 책의 중요성을 알리는 기회를 제공한다. 또한, 도서관 내에는 다양한 분야의 도서들이 마련되어 있어, 문화와 지식을 사랑하는 사람들에게 매력적인 공간으로 자리잡고 있다.

이 도서관은 단순히 책을 읽는 장소가 아니라, 자연과 함께하는 특별한 독서 경험을 제공하는 문화 공간이다. 자연과 책이 어우러진 힐링 공간으로, 바쁜 일상에서 잠시 벗어나 휴식과 학습을 동시에 할 수 있는 최적의 장소이다.","https://www.l4d.or.kr/bfl/index.do
인스타그램 @baebongsanforest",,"매주 월요일 및 법정 공휴일, 도서관 사정에 의한 임시 휴관일",,
1198901,14,배재학당역사박물관,서울특별시 중구 서소문로11길 19 (정동),,24,126.9728160596,37.5638516791,,http://tong.visitkorea.or.kr/cms/resource/19/3533219_image2_1.jpg,Type3,VE,VE07,VE070100,"배재학당역사박물관은 교육, 종교, 정치, 사회, 문화 등 다양한 분야에서 한국 근대사를 새롭게 조명할 자료와 담론이 모여드는 공간이다. 배재학당은 1885년 미국인 선교사 아펜젤러가 세운 한국 최초의 서양식 근대 교육기관이다. 고종황제는 1887년 '유용한 인재를 기르고 배우는 집'이라는 뜻으로 이곳에 배재학당이란 이름을 하사하였다. 2008년 배재학당역사박물관으로 새롭게 태어난 배재학당 동관은 1916년 준공된 유서 깊은 근대 건축물로, 아펜젤러가 초기부터 영어 수업을 비롯한 전인 교육을 실천했던 공간이자 김소월, 주시경, 나도향 등 수많은 근대 지식인들을 배출한 신교육의 발상지며, 신문화의 요람이다. 배재학당역사박물관에는 근대 교육의 면모를 확인할 수 있는 귀한 소장품들과 함께, 상설 전시실, 기획 전시실, 체험 교실 등을 갖추고 다양한 분야에서 한국 근대사를 새롭게 조명할 자료를 소장하여 전시한다.","<a href=""http://appenzeller.pcu.ac.kr"" target=""_blank"" title=""새창 : 배재학당역사박물관 홈페이지로 이동"">http://appenzeller.pcu.ac.kr</a>",10:00~17:00 (입장 마감 16:30),"매주 일요일, 월요일 / 1월1일 / 개교기념일 / 설·추석 연휴 / 법정공휴일 / 근로자의 날",무료,
130473,14,백범김구기념관,서울특별시 용산구 임정로 26 (효창동),,21,126.9592678461,37.5443314817,,http://tong.visitkorea.or.kr/cms/resource/98/3521598_image2_1.jpg,Type1,VE,VE07,VE070200,"백범김구기념관은 세계에서 가장 아름답고 높은 문화를 가진 자주·민주·통일 조국을 건설하기 위해 일생을 분투하신 겨레의 큰 스승 백범 김구 선생(1876~1949)의 삶과 사상을 널리 알리고 계승·발전시키기 위해 2000년 6월에 기공하여 2002년 10월 22일에 개관하였다. 
근·현대사 전문 역사박물관인 백범김구기념관은 격동의 한국 근·현대사와 함께 한 김구 선생의 삶과 사상을 통해 대한민국 임시정부의 역사와 한국 근·현대를 이해하고 조국의 자주·민주·통일을 지향하며 민족의 아름다운 문화를 발전시켜 나아가는 온 거레의 문화적 삶의 공간이다.
기념관 1층과 2층에 김구 선생의 일대기와 한국 근·현대사 관련한 각종 기록 및 자료를 전시하고 있으며, 전문 자료실과 각종 교육프로그램, 문화행사 등에 활용될 수 있는 교육장, 대회의실, 컨벤션홀 등 다양한 교육·문화공간을 갖추고 있다.","<a href=""https://www.kimkoomuseum.org/main/"" target=""_blank"" title=""새창: 백범김구기념관 공식 홈페이지로 이동"">http://www.kimkoomuseum.org</a>","[3월~10월] 10:00~18:00 (입장 마감 17:00)<br>
[11월~2월] 10:00~17:00 (입장 마감 16:00)",매주 월요일 / 1월 1일 / 설·추석,무료,
130629,14,백악미술관,서울특별시 종로구 인사동9길 16 (관훈동),,23,126.9841536365,37.5736924051,,http://tong.visitkorea.or.kr/cms/resource/95/3590795_image2_1.jpg,Type1,VE,VE07,VE070600,백악미술관은 1983년에 개관한 한국 서예와 문인화 전문 전시 미술관으로 서예가 일중 김충현 선생이 후학을 위해 설립했다. 2007년 일중기념사업회가 발족된 이후 서예를 선도하신 일중 선생의 업적을 기리고자 관내에 일중서예기념관을 마련해 일중 선생님의 대표작들을 상시 전시하고 있다. 옛것을 본받아 새로운 것을 창조한다는 법고창신처럼 서예 활동이 전통과 현대를 잇는 가교가 되어 한국 미술계의 활발한 창작 및 전시 활동에 보탬이 되고자 노력하고 있다.,"<a href=""http://www.baegak.co.kr/"" title=""새창 : 백악미술관 홈페이지로 이동"" target=""_blank"">http://www.baegak.co.kr</a>","10:00~18:00<br />
※ 매주 목요일~다음주 수요일 (주일단위 전시)",연중무휴,,
333121,14,백암아트홀,서울특별시 강남구 테헤란로113길 7,(삼성동),1,127.0660313070,37.5103790088,,http://tong.visitkorea.or.kr/cms/resource/32/3503232_image2_1.jpg,Type3,VE,VE06,VE060100,"강남구 테헤란로 강남소방서 맞은편에 2004년 개관한 백암아트홀은 극장으로 다양한 공연이 가능한 가변무대가 갖춰져 있어 연극, 뮤지컬, 콘서트, 무용 등 여러 장르의 공연이 가능하다. 백암아트홀에는 다양한 공연지원시설이 있는데, 개인 분장실과 단체 분장실이 있으며, 디지털 피아노와 연습용 거울을 갖춘 리허설룸이 있다. 복층구조로 된 공연장 1층에는 장애인석을 포함한 객석이 있으며, 2층에도 객석이 있다. 특히, 젊은이들이 많이 찾는 강남의 삼성동에 위치해 있어 20대와 30대를 위한 공연을 많이 한다. 백암아트홀은 주차 시설이 협소하여 가급적 대중교통을 이용하는 것이 편리하며, 서울 지하철을 이용할 경우 2호선을 이용하면 된다.","<a href=""http://www.baekamhall.com/"" target=""_blank"" title=""새창 : 백암아트홀 홈페이지로 이동"">http://www.baekamhall.com</a>",※ 공연마다 상이하므로 자세한 사항은 홈페이지 참조,※ 공연마다 상이하므로 자세한 사항은 홈페이지 참조,※ 공연마다 상이하므로 자세한 사항은 홈페이지 참조,
2507822,14,별마당도서관,서울특별시 강남구 영동대로 513,,1,127.0591318945,37.5118092746,,http://tong.visitkorea.or.kr/cms/resource/29/3584529_image2_1.jpg,Type1,VE,VE09,VE090300,"별마당 도서관은 코엑스몰 중심에 총 2,800㎡ (약 850평) 복층으로 구성되어 있다. 13m 높이 서가의 은은한 불빛이 공간 전체를 부드럽게 감싸는 편안한 서재를 콘셉트로 다양한 테이블과 노트북 작업이 가능하도록 콘센트가 마련되어 있다. 특히 1층은 지하 1층의 선큰(Sunken) 공간을 조망하면서 여유롭게 독서 가능한 독립적인 공간으로 구성되어 있다. 
별마당 도서관은 총 7만 여권의 장서를 갖추고 있다. 인문, 경제, 취미 실용 등 분야별로 다양한 도서가 구비되어 있고, 외국 원서 코너, 유명인의 서재 코너, 아이패드로 볼 수 있는 E-Book 등이 있다. 또한, 해외 잡지까지 총 6백 여종의 잡지를 모아놓은 잡지 특화 코너는 일반 도서관과 차별화된 별마당 도서관의 장점이다.
이뿐만 아니라 저자들과 직접 만나는 작가 토크쇼와 시 낭송회, 이 시대의 지성과 명사를 초청하는 강연회 및 음악이 함께 하는 북콘서트 등 책을 주제로 한 다채로운 문화 행사도 열린다.","<a href=""https://www.starfield.co.kr/coexmall/starfieldLibrary/library.do""target=""_blank"" title=""새창: 스타필드 홈페이지로 이동"">https://www.starfield.co.kr/starfieldLibrary</a>",10:30~22:00,연중무휴,무료,
2783339,14,별책부록,서울특별시 용산구 신흥로16길 7 (용산동2가),,21,126.9870125224,37.5449846812,,http://tong.visitkorea.or.kr/cms/resource/61/2794361_image2_1.jpg,Type3,VE,VE12,VE120100,"서울시 용산구 해방촌 조용한 주택가 한편에 위치한 독립서점으로, 특유의 따스한 분위기가 매력적이다. 화이트와 우드 톤으로 꾸며진 인테리어는 화사하면서도 책 한 권 한 권의 매력을 오롯이 드러낸다. 이곳에선 국내외의 다양한 독립출판물을 비롯해 디자인과 예술 관련 서적, 중고도서와 음반, 조금은 낯설지만 특별한 취향을 담아낸 소규모 브랜드의 디자인 제품을 판매한다. 그 때문에 베스트셀러 위주의 대형서점이나 유명 브랜드 중심의 쇼핑몰에서 만나기 어려운 나만의 소소한 관심사와 취향을 찾아오는 이들이 많다. 책을 주제로 한 북토크나 소박하지만 함께 하면 즐거운 취미나 실용 클래스 등 다양한 프로그램도 운영한다. 2016년부터 출판사도 겸하고 있어 영화 리뷰 잡지도 선보인다.","<a href=""https://byeolcheck.kr/"" target=""_blank"" title=""새창 : 별책부록 공식 홈페이지로 이동"">https://byeolcheck.kr/</a>","- 평일 14:00~19:00<br>
- 주말 14:00~18:00",매주 월요일~ 화요일,,
130179,14,분재박물관,서울특별시 서초구 신흥안길 40-10 (내곡동),,15,127.0753292756,37.4541495916,,http://tong.visitkorea.or.kr/cms/resource/97/3540597_image2_1.jpg,Type1,VE,VE07,VE070100,"분재박물관은 한국분재연구소에서 분재 문화를 널리 보급하기 위해 1988년 9월에 개관한 분재전문박물관이다. 한국분재연구소에서 20년 이상 가꾸고 수집한 분재 5,000여 점이 전시되어 있고, 고문헌과 사진 등 분재 관련 자료 1,000여 점을 소장하고 있다. 소장 분재 중에는 수령 300년의 단풍나무와 500년 이상 된 노간주나무 분재를 비롯하여 곰솔, 각종 과수, 매화나무, 배롱나무 등의 예술적 가치가 높은 분재 작품이 200여 점 이상 있다.
작은 자연을 담아놓은 분재의 모습과 시간과 계절이 흐르며 변화하는 아름다움에 큰 매력을 느낄 수 있으며, 수목디자인대학이 있어서 분재에 대한 교육도 받을 수 있고 나무병원이 있어서 병든 나무를 치료할 수도 있다. 박물관 활동은 공무원과 일반인을 위한 분재 교육에 중점을 두고 있다. 일반인을 대상으로 주 1회의 분재 기초반과 기술반 강습이 있으며, 관련 공무원을 위해서 연 6회의 수탁교육을 실시하고 있다.","<a href=""http://www.ktreedesign.com/"" target=""_blank"" title=""새창 : 분재박물관 홈페이지로 이동"">www.ktreedesign.com</a>","- 월요일~토요일 09:00~19:00<br>
- 일요일 12:00~19:00",1월 1일 / 설·추석 연휴,무료,
3085292,14,빛의 시어터,서울특별시 광진구 워커힐로 177 (광장동),,6,127.1069125182,37.5518832586,,http://tong.visitkorea.or.kr/cms/resource/76/3085276_image2_1.JPG,Type3,VE,VE07,VE070300,빛의 시어터는 과거 워커힐에 있었던 워커힐 대극장 공간의 장점을 살려 새로운 문화예술 공간으로 재탄생시킨 공간이다. 고화질의 프로젝터와 스피커를 통해 미술 전시를 새롭게 기획한 빛의 시어터는 거장들의 작품을 돌아가면서 전시하며 도슨트까지 진행한다. 빛의 시어터는 워커힐 호텔앤리조트에 위치하고 있으며 수도권 지하철역 광나루역 2번 출구 근처 또는 강변역 1번 출구 근처에서 워커힐 호텔로 향하는 무료 셔틀버스를 탑승할 수 있다.,"<a href=""https://www.deslumieres.co.kr/theatre"" target=""_blank"" title=""새창 : 빛의 시어터 홈페이지로 이동"">https://www.deslumieres.co.kr/theatre</a>",10:00~19:10 (입장 마감 18:15),법정공휴일,"[개인]<br>- 성인 29,000원<br>- 청소년 21,000원<br>- 어린이 15,000원<br>[단체]<br>- 성인 26,100원<br>- 청소년 18,900원<br>- 어린이 13,500원<br>※ 무료 : 36개월 미만 유아<br>※ 자세한 사항은 홈페이지 참조",
130931,14,삼성출판박물관,서울특별시 종로구 비봉길 2-2 (구기동),,23,126.9571134414,37.6087517327,,http://tong.visitkorea.or.kr/cms/resource/50/3540850_image2_1.jpg,Type1,VE,VE07,VE070100,"삼성출판박물관은 우리나라에 처음으로 세워진 출판·인쇄 전문 박물관이다. 세계 최초의 금속활자를 발명하고 출판문화를 꽃피운 문화민족으로서 자긍심을 일깨우고 이와 관련된 사회 교육활동을 펼치자는 목적으로 설립되었다. 1990년에 개관한 이래로 다른 문화유산과 달리 소실되기 쉬운 출판·인쇄 문화유산을 발굴하여 보관하고 전시하는 데 많은 노력을 기울이고 있다. 
상설전시실과 특별기획전시실에서는 여러 점의 국보급 전적을 비롯한, 희귀 양장본에 이르기까지 3만여 점 이상의 전적과 각종 지제품, 고활자, 인쇄기기, 문방사우 등의 관계 자료를 소장하여 전시함으로써 우리나라의 출판 인쇄문화 1천3백 년의 역사를 볼 수 있다.
전시장 안쪽에는 도장으로 기념 책갈피와 엽서를 만들어 볼 수 있는 공간이 마련되어 있어 좋은 기념품을 만들 수 있으며, 벽 한쪽에는 관람하고 난 느낌을 메시지로 적어 붙여놓을 수 있는 공간도 마련되어 있어 의미 있는 관람의 마무리도 할 수 있다.","<a href=""http://www.ssmop.org/"" target=""_blank"" title=""새창 : 삼성출판박물관 홈페이지로 이동"">http://www.ssmop.org</a>",월요일~금요일 10:00~17:00,매주 토요일~일요일 / 법정공휴일,"- 일반 3,000원<br>- 학생 2,000원",
1106194,14,상상톡톡 미술관,서울특별시 강북구 월계로 173 (번동),,3,127.0445440464,37.6197242510,,http://tong.visitkorea.or.kr/cms/resource/70/3366370_image2_1.jpg,Type3,VE,VE07,VE070600,상상 톡톡 미술관은 강북구 번동 꿈의 숲 아트센터 내에 있는 미술관을 새로 단장하여 문을 연 어린이 전용 미술관이다. 미술관은 숲 속에 위치하고 있어 어린이들이 미술과 함께 자연을 직접 체험하며 상상력과 창의력을 키울 수 있게 하였다. 지상 2층 규모의 이곳은 어린이들이 좋아하는 동·식물 캐릭터와 숲을 형상화한 계단과 파이프를 이용해 만든 난간 등 아이들이 흥미를 느낄 수 있도록 독특한 인테리어로 꾸며져 있다. 특히 미술관 2층 테라스에 단비를 내려 어린이들이 노란 우비와 우산을 쓰고 비를 맞는 체험과 같이 눈으로 보는 전시가 아닌 직접 체험하고 느끼는 색다른 전시로 꾸몄다. 이 밖에도 가족 관람객을 위해 휴게실과 수유실을 갖추고 있으며 어린이들이 안전하게 놀 수 있는 공간을 모두 친환경 소재를 사용하여 만들었다.,"<a href=""https://www.sejongpac.or.kr/dfac/main/main.do"" target=""_blank"" title=""새창 : 꿈의숲아트센터 홈페이지로 이동"">https://www.sejongpac.or.kr</a>",10:00~18:00 (입장 마감 17:00),매주 월요일,"13,000원<br>※ 무료 : 장애인 / 24개월 미만<br>※ 자세한 사항은 홈페이지 참조 및 전화 문의 요망",
2765202,14,서소문성지역사박물관,서울특별시 중구 칠패로 5 (의주로2가),,24,126.9693637143,37.5596854342,,http://tong.visitkorea.or.kr/cms/resource/75/3430175_image2_1.JPG,Type1,VE,VE07,VE070100,"서소문성지역사박물관은 순교한 천주교인들을 기리는 곳으로 2019년 6월 개관하였다. 천주교 박해와 관련한 전시와 예술 작품을 만나 볼 수 있고, 매주 목요일에 서소문 역사탐방 해설을 진행하고 있어 서소문 성지와 천주교의 역사에 관한 상세한 설명을 들을 수 있다.
서소문성지역사박물관은 서소문 역사공원 내 위치하고 있으며, 지하 2층에 상설전시관이 마련되어 있다. 계단을 따라 지하 3층으로 내려가면 하늘광장을 만나게 된다. 하늘광장은 경건함을 가득 담은 공간으로 절제된 사각형의 공간으로 이루어져 있다. 하늘, 빛, 직선만이 존재하는 이 공간은 천주교 박해의 먹먹함과 슬픔이 그대로 담겨있다. 또한 이곳은 건축 디자인으로도 유명하여 많은 사람의 발걸음을 이끄는 곳으로 2019년 서울시 건축상 최우수상을 받았다.","<a href=""https://www.seosomun.org"" target=""_blank"" title=""새창 : 서소문성지역사박물관 홈페이지로 이동"">https://www.seosomun.org</a>",09:30~17:30 (입장마감 17:00),매주 월요일 / 1월 1일 / 설·추석 당일,무료,
130209,14,서울 중구문화원,서울특별시 중구 청계천로 86 (장교동),,24,126.9865424811,37.5675737144,,http://tong.visitkorea.or.kr/cms/resource/59/3556559_image2_1.jpg,Type3,VE,VE09,VE090100,"중구문화원은 1995년에 개원하여 서울시 중구 지역 주민들에게 문화행사를 제공하는 곳이다. 중구의 향토사에 관한 조사 연구, 문화 자료 수집과 보존 등을 통해 지역 전통문화를 계승 발전시키는 한편 충무공 탄생 기념 문화제, 역사 문화재 탐방 교실, 청계천 문화예술마당 등을 매년 개최하며 새로운 지역 문화 확립에 많은 노력을 하고 있다. 지역 주민들의 편의를 위해 찾아가는 전통문화 예절 교육을 시행하고 사생대회나 국악 및 무용 경연대회를 실시하여 지역 청소년들에게 문화 체험과 능력을 펼칠 기회를 제공하며 다양한 문화 교실을 진행하며 다양한 문화 혜택을 누리도록 한다. 대관이 가능한 갤러리가 있어 여러 전시와 행사를 진행할 수 있다. 대관료가 저렴하여 직장인과 대학생의 그룹전과 신인, 중견작가들의 전시회가 늘어나고 있다. 연회비가 있는 문화원 연회원도 운영한다. 연회원이 되면 문화원 유적 답사 활동에 참여할 수 있고 문화원에서 발행하는 간행물을 우선 받아보고 각종 행사에도 우선 초대된다.","<a href=""http://www.junggucc.or.kr"" target=""_blank"" title=""새창 : 중구문화원 홈페이지로 이동"">http://www.junggucc.or.kr</a>",10:00~17:00,연중무휴,진행 프로그램별로 상이함,
2738571,14,서울공예박물관,서울특별시 종로구 율곡로3길 4,(안국동),23,126.9835480508,37.5767003779,,http://tong.visitkorea.or.kr/cms/resource/87/3083687_image2_1.JPG,Type3,VE,VE07,VE070100,"2021년 7월, 종로구 안국동에 문을 연 서울공예박물관은 서울시에서 (구) 풍문여고 건물 5개 동을 리모델링하여 건축한 한국 최초의 공립 공예박물관이다. 서울공예박물관은 공예품뿐만 아니라, 공예를 둘러싼 지식, 기록, 사람, 환경 등을 연구하고 공유함으로써 공예가 지닌 기술적·실용적·예술적·문화적 가치를 경험할 수 있는 역동적인 플랫폼이 되는 것을 목표로 하고 있다. 서울공예박물관은 전통부터 현대까지 다양한 시대와 분야를 아우르는 2만여 점의 공예품과 공예자료를 수집, 보유하고 있으며 공예역사전시, 현대공예전시, 지역공예전시, 어린이공예전시, 공예 아카이브, 공예 도서관, 공예자원관리시스템, 공예작품설치 프로젝트 등 다양한 전시와 프로그램, 자료와 시스템을 준비 중이다. 서울공예박물관 터는 세종의 아들 영응대군의 집, 순종의 가례를 위해 건축된 안국동별궁 등 왕가의 저택으로 사용되거나 왕실 가례와 관련된 장소로서 오랜 역사를 지닌 곳이며, 수공예품을 제작하여 관에 납품하던 조선의 장인 '경공장(京工匠)'들이 존재했던 종로구의 중심 지역이기도 하며, 주변에 북촌, 인사동, 경복궁 등이 인접해 있어 다양한 문화적 경험이 가능한 장소이기도 하다.","<a href=""https://craftmuseum.seoul.go.kr/main"" target=""_blank"" title=""새창 : 서울공예박물관 홈페이지로 이동"">https://craftmuseum.seoul.go.kr/main</a>",10:00~18:00,매주 월요일 / 1월1일,무료 (대관전시 유료 가능),
407057,14,서울남산국악당,서울특별시 중구 퇴계로34길 28 (필동2가),,24,126.9932865315,37.5597775194,,http://tong.visitkorea.or.kr/cms/resource/62/3556862_image2_1.jpg,Type3,VE,VE06,VE060100,"서울남산국악당은 2007년 전통공연예술의 진흥과 국악의 우수성을 알리기 위해 건립된 국악 전문 공연장이다. 한국의 역사적 전통과 정체성을 담고 있는 전통 한옥의 미감을 살리기 위해 지상 1층의 한옥 건축물을 기반으로 공연장을 지하에 배치한 구조는 주변 자연환경과 어우러져 다른 공연장과는 차별되는 멋을 느낄 수 있다. 특히 지하 1층 공연장 로비와 연결된 선큰가든(sunken garden) ‘침상원’은 경복궁 교태전(交泰殿, 왕의 비거주 공간)의 느낌을 살린 계단식 정원으로 꾸며져 지하 공연장이지만 자연 채광과 아름다운 풍경을 선사해 준다.","<a href=""https://sgtt.kr/"" target=""_blank"" title=""새창 : 남산골한옥마을 서울남산국악당 홈페이지로 이동"">https://sgtt.kr/</a>",09:00~21:00 <br>※ 공연이 있는 날은 공연 종료 시간에 맞춰 운영 종료,매주 월요일,공연 별로 상이함,
129839,14,서울대학교 박물관,서울특별시 관악구 관악로 1 서울대학교,서울대학교박물관,5,126.9483849253,37.4663514558,,http://tong.visitkorea.or.kr/cms/resource/99/3574499_image2_1.jpg,Type3,VE,VE07,VE070100,"서울대학교박물관은 1946년 서울대학교의 개교와 함께 설립된 대학박물관으로서, 지속적인 연구와 보존, 발굴, 수집 활동 등을 이어가고 있다. 고고역사, 전통미술, 인류민속 등 다양한 분야의 소장품 약 8,000여 점을 보유하고 있으며 그중 <곤여만국전도>, <차승자총통>, <남지기로회도>, <독서당계회도>, <신위 해서 천자문>이 보물로 지정되어 있다. 1960년대 이래 150여 차례가 넘는 발굴 조사를 통해 중요한 고고학적 성과도 이루고 있다. 아울러 매년 특별전시와 매 학기 교양강좌를 개최하고 있다.","<a href=""http://museum.snu.ac.kr/"" target=""_blank"" title=""새창 : 서울대학교 박물관 홈페이지로 이동"">http://museum.snu.ac.kr</a>",10:00~17:00 (입장 마감 16:30),매주 일요일~월요일 /개교기념일(10월 15일) / 법정공휴일,무료,
250469,14,서울무역전시컨벤션센터(SETEC),서울특별시 강남구 남부순환로 3104,,1,127.0715423291,37.4958252427,,http://tong.visitkorea.or.kr/cms/resource/29/3526629_image2_1.jpg,Type1,VE,VE07,VE070400,"서울무역전시컨벤션센터(SETEC)는 전문 전시회, 박람회, 국제회의, 이벤트, 문화공연 등 다양한 수요의 전시컨벤션 시설이다. 국제적 수준의 전시 개최 등을 위한 공간 연출이 가능하고, 다양한 부대 시설 및 지원시설과 편의시설 등을 구비하고 있다. 서울 강남의 교통요지에 자리한 SETEC은 총 세 개의 전시실과 다섯 개의 회의장으로 구성되어 있다. 대규모 전시뿐 아니라 중·소규모 회의 운영까지 가능하며 매년 70여 개의 전시회를 개최하고 있다. 전시 기간 동안은 협소한 주차장으로 인해 내부가 매우 혼잡하므로 지하철 3호선, 분당선 등 대중교통 및  주변 공영주차장을 활용하면 좀 더 편리하게 전시를 관람할 수 있다.","<a href=""http://www.setec.or.kr/"" target=""_blank"" title=""새창 : SETEC 홈페이지로 이동"">http://www.setec.or.kr</a>","09:00~18:00<br>
※ 전시마다 상이하므로 전화문의 요망",연중무휴,※ 전시마다 상이하므로 전화문의 요망,
2638474,14,서울생활사박물관,서울특별시 노원구 동일로174길 27 (공릉동),,9,127.0769772183,37.6191332378,,http://tong.visitkorea.or.kr/cms/resource/84/3540384_image2_1.jpg,Type1,VE,VE07,VE070100,"2019년 9월에 개관한 서울생활사박물관은 해방 이후부터 현재까지 서울 시민들의 생활사를 보여주는 근현대 박물관이다. 2010년 서울북부지방법원과 서울북부지방검찰청이 있던 북부법조단지가 이전하면서 유휴지로 남았고, 법원, 검찰청 건물을 서울시민들을 위한 문화시설로 탈바꿈하였다. 사람들의 기억과 감성을 담은 서울생활사박물관은 다양한 주제의 전시와 교육프로그램을 시민들에게 제공함으로써 소통과 교감을 이루는 동북부 문화공간의 중심이 되고자 한다.","<a href=""https://museum.seoul.go.kr/sulm/index.do"" target=""_blank"" title=""새창 : 서울생활사박물관 홈페이지로 이동"">https://museum.seoul.go.kr/sulm</a>","09:00~18:00 (입장마감 17:30) <br>
※ 어린이 체험실은 사전예약제로 운영",,,
2745725,14,서울시립 난지미술창작스튜디오,서울특별시 마포구 하늘공원로 108-1,,13,126.8785522757,37.5693687945,,http://tong.visitkorea.or.kr/cms/resource/92/3393092_image2_1.JPG,Type3,VE,VE07,VE070300,"서울시립 난지미술창작스튜디오는 미술가들을 위한 레지던시 지원 공간이다. 난지한강공원, 노을공원, 하늘공원 사이에 있는 침출수 처리장을 개조하였으며, 서울 중심에 위치해 접근성이 뛰어나다. 25개의 작업실, 연구실, 원형 전시실과 야외 작업장에서는 국내외의 역량 있는 작가와 연구자를 양성하고 지원하는 프로그램을 상시 운영하고 있다.","<a href=""https://sema.seoul.go.kr/kr/visit/nanji_residency"" target=""_blank"" title=""새창 : 서울시립 난지미술창작스튜디오 홈페이지로 이동"">https://sema.seoul.go.kr/</a>",10:00~18:00 (입장마감 17:30),매주 월요일 / 1월 1일,무료,
1866427,14,서울시립 북서울미술관,서울특별시 노원구 동일로 1238 (중계동),,9,127.0668719687,37.6407111019,,http://tong.visitkorea.or.kr/cms/resource/02/3332402_image2_1.jpg,Type3,VE,VE07,VE070600,"북서울미술관은 지역 공동체와 상생하는 미술관이다. 갈대 언덕에서 비롯한 지명을 살린 노원구에 위치한 북서울미술관은 공원 산책로와 미술관 출입구를 연결한 개방형 건물이다. 야외 조각 전시를 비롯해 미로형으로 설계된 전시실, 아트라이브러리, 카페, 다목적 홀에서 이곳을 주로 찾는 가족 단위 관람객이 즐길 수 있는 다양한 프로그램을 운영하고 있다.","<a href=""https://sema.seoul.go.kr/kr/visit/bukseoul""target=""_blank"" title=""새창: 서울시립 북서울미술관 홈페이지로 이동"">https://sema.seoul.go.kr/kr/visit/bukseoul</a>","[평일] 10:00~18:00 (입장마감 17:00)<br>
[주말]<br>
- 하절기(3월~10월) 10:00~19:00 (입장마감 18:00)<br>
- 동절기(11월~2월) 10:00~18:00 (입장마감 17:00)<br>
[서울 문화의 밤] 10:00~21:00 (입장마감 20:00)","매주 월요일 / 1월 1일<br>※ 단, 월요일이 공휴일인 경우 정상 개관","무료<br>※ 단, 특별전 유료",
130361,14,서울역사박물관,서울특별시 종로구 새문안로 55 (신문로2가),,23,126.9707771853,37.5698981615,,http://tong.visitkorea.or.kr/cms/resource/87/2661487_image2_1.JPG,Type3,VE,VE07,VE070100,"세계도시로 성장한 서울이 어떻게 탄생했으며 어떻게 변해서 오늘에 이르렀는지를 배우고 앞으로 어떻게 바뀔 것인지를 가늠해 보는 곳이 서울역사박물관이다. 서울의 뿌리와 서울 사람의 생활, 현대 서울로의 변화를 보여주는 상설전시와 함께 서울의 역사·문화를 증언하는 다양한 기증유물이 전시되어 있다. 또한 어린이와 가족, 어른들을 위한 각종 체험교실과 문화행사들이 풍성하게 마련되어 있다.","서울역사박물관 <a href=""https://museum.seoul.go.kr/www/NR_index.do?sso=ok"" target=""_blank"" title=""새창: 서울역사박물관 홈페이지로 이동"">https://museum.seoul.go.kr</a>",09:00~18:00 (입장 마감 17:30),매주 월요일 / 1월 1일,무료,
2606740,14,서울책보고,서울특별시 송파구 오금로 1 (신천동),,18,117.9925662504,19.6944274800,,http://tong.visitkorea.or.kr/cms/resource/38/3498038_image2_1.jpg,Type1,VE,VE12,VE120100,"책을 보다 다층적으로 경험할 수 있는 책 큐레이션 기반의 문화공간인 서울책보고는 2025년 5월 31일 새롭게 단장하여 문을 열였다.  국내 최대 규모 수준의 책문화공간이자 다채로운 책의 세계와 다양한 취향 공간을 지향하는 새로운 책문화 플랫폼으로서 자리 잡았다. 자신의 취향에 맞는 책을 발견할 수 있는 것은 물론이고, 독서할 수 있는 서점의 역할에서 더 나아가 '경험하는 공간'을 지향하며 누구나 책에 더 몰입할 수 있도록 공간을 구성하였다. 연간 4회, 계절마다 색다른 주제로 기획전을 전시하며 계절 및 주제와 잘 어울리는 팝업형 서가를 선보이고 있다. 그 외에도 작가, 전문가, 인플루언서가 직접 추천한 책들을 모아 전시하는 덕질존, 지금 가장 주목받는 굿즈와 오브제를 전시 중인 취향상점 등이 있다. 또한, 카페와 라운지가 마련되어 있어 구매한 책을 읽거나 휴식을 취할 수 있으며, 필사 공간도 따로 있어 다양한 방식으로 책을 경험할 수 있다.","<a href=""https://www.seoulbookbogo.kr/front/"" target=""_blank"" title=""새창: 서울책보고 홈페이지로 이동"">http://www.seoulbookbogo.kr</a>","- 화~목요일 11:00~20:00<br>
- 금요일 11:00~21:00<br>
- 토요일 10:00~21:00<br>
- 일요일 및 공휴일 10:00~18:00",매주 월요일 / 설·추석 당일,무료,
130782,14,서울특별시교육청 고덕평생학습관,서울특별시 강동구 고덕로 295 (고덕동),,2,127.1580549635,37.5561725729,,http://tong.visitkorea.or.kr/cms/resource/74/3566274_image2_1.jpg,Type1,VE,VE09,VE090300,"고덕평생학습관은 1984년 고덕도서관으로 개관한 이래 지역주민의 독서생활화 및 다양한 평생교육서비스 제공을 통해 삶의 질 향상에 기여하고 있는 지역중심 기관으로 1999년 고덕평생학습관으로 명칭을 변경하였다. 고덕평생학습관은 지역 내 성인 및 어린이를 대상으로 하는 평생학습교실 강좌가 개설되어 있다. 영어, 일본어 중국어 등 [외국어 강좌], 미술, 도예, 악기 등 [문화예술 강좌], 부동산 경매, 한자, 문예창작 등 [인문교양강좌], 스마트폰 활용 및 영상 편집, 디지털 드로잉 등 IT 역량강화를 위한 다양한 분야의 강좌들이 구성되어 있다. 이외에도 매년 가을 개최하는 평생학습축제, 상시 운영하는 전시 등 다양한 문화행사가 열리고 있다. 문헌정보실, 어린이실, 디지털자료실, 강의실, 자율학습실, 학습기기실, 스마트도서관 등의 시설을 갖추고 있으며, 특색공간으로 필사체험을 할 수 있는 공간인 필사공감이 마련되어 있다. 학습관 장서는 약 18만여권을 소장하고 있으며 문헌정보실은 모든 주제의 일반도서와 잡지, 어린이자료실은 유아와 어린이 대상 도서와 잡지가 비치되어 있다. 문헌정보실 내 복합 운영되고 있는 디지털자료실은 DVD, 오디오북 등 비도서자료와 자료실 내 상시이용이 가능한 컴퓨터 21대, 노트북 12대 등을 갖추고 있다. 또한 방학 독서교실, 대상별 독서회, 상호대차 서비스 등 각종 다양한 독서관련 서비스도 제공하고 있다.","<a href=""http://gdllc.sen.go.kr/"" title=""새창 : 고덕평생학습관 홈페이지로 이동"" target=""_blank"">http://gdllc.sen.go.kr</a>","[문헌정보실 및 연속간행물실]<br>
- 평일 09:00~20:00<br>
- 주말 09:00~17:00<br>
[디지털자료실]<br>
- 평일 09:00~18:00<br>
- 주말 09:00~17:00<br>
[어린이실]<br>
- 평일 09:00~18:00<br>
- 주말 09:00~17:00<br>
[필사공감]<br>
09:00~17:00<br>
[일반열람실]<br>
07:00~22:00 (11월~2월 08:00~22:00)",매월 둘째·넷째 월요일 / 공휴일,무료,
130771,14,서울특별시교육청 구로도서관,서울특별시 구로구 공원로 15 시립구로도서관,,7,126.8918613884,37.4985994791,,http://tong.visitkorea.or.kr/cms/resource/48/3566348_image2_1.JPG,Type3,VE,VE09,VE090300,"영림중학교 맞은편에 있는 구로도서관은 지역 사회 주민에게 정보를 제공하고 교육 및 문화 활동에 기여하기 위하여 개관한 공공도서관이다. 자료를 수집, 정리하여 이용자에게 제공함은 물론 오늘날과 같이 급변하는 정보화 시대에 있어 인터넷을 통하여 광범위한 정보에 접근하도록 함으로써 지역 주민과 함께하는 도서관으로 자리 잡아 왔다.
구로도서관은 디지털산업단지로 변모하는 지역 요건을 반영하여 IT 자료를 특화자료로 수집하여 제공하며, 다양한 독서교육 및 문화행사 프로그램을 운영하고 있다. 도서관 내에는 종합자료실, 어린이자료실, 디지털간행물실 등의 자료실과 열람실 그리고 동아리실 등이 소재하고 있다.
구로도서관은 수도권 지하철 2호선 대림역 4번 출구에서 약 550m 떨어진 곳에 위치하고 있다.","<a href=""http://grlib.sen.go.kr/"" title=""새창 : 구로도서관 홈페이지로 이동"" target=""_blank"">http://grlib.sen.go.kr</a>","[종합자료실]<br>
- 평일 09:00~20:00<br>- 주말 09:00~17:00<br>
[디지털자료실＆간행물실＆어린이자료실]<br>
- 평일 09:00~18:00<br>- 주말 09:00~17:00<br>
[일반열람실(3월~10월)]<br>
- 평일 07:00~22:00<br>- 주말 07:00~22:00 
 [일반열람실(11월~2월)]<br>
- 평일 08:00~22:00<br>- 주말 08:00~22:00","매월 첫째, 셋째 수요일 / 법정 공휴일(일요일과 겹칠 경우 휴관) / 임시휴관일",무료,
130352,14,서울특별시교육청 남산도서관,서울특별시 용산구 소월로 109 (후암동),,21,126.9813656031,37.5524531569,,http://tong.visitkorea.or.kr/cms/resource/73/3466473_image2_1.JPG,Type3,VE,VE09,VE090300,"서울특별시교육청 남산도서관은 서울시 최초의 공립공공도서관으로, 1922년에 개관하여 1964년 현 위치에 건물을 신축으로 이전하였고, 이듬해인 1965년 도서관 명칭을 현재와 같이 남산도서관으로 개칭하였다. 1964년 지어진 철근콘크리트조의 건물은 건축가 이해성의 작품이며, 보존 가치가 있음을 인정받아 2013년 서울 미래유산으로 등재됐다. 남산도서관이 소장 중인 50만권의 방대한 장서는 주제별로 4개의 자료실(인문사회과학실, 자연과학실, 문학실·한국문학자료관, 독서치료·어학실)로 구분, 비치되어 있다.","<a href=""http://nslib.sen.go.kr"" target=""_blank"" title=""새창 : 남산도서관 홈페이지로 이동"">http://nslib.sen.go.kr</a>","[인문사회과학실, 문학실·한국문학자료관]<br>
- 평일 09:00~20:00<br>
- 주말 09:00~17:00<br>
[자연과학실, 독서치료·어학실, 디지털라운지]<br>
- 평일 09:00~18:00<br>
- 주말 09:00~17:00<br>
[일반열람실]<br>
- 하절기(3월~10월) 07:00~22:00<br>
- 동절기(11월~2월) 08:00~22:00","매월 첫째, 셋째 월요일",무료,
130761,14,서울특별시교육청 노원평생학습관,서울특별시 노원구 동일로204길 13 (중계동),,9,127.0678358024,37.6395668082,,http://tong.visitkorea.or.kr/cms/resource/67/3566267_image2_1.jpg,Type1,VE,VE09,VE090300,"서울특별시교육청 노원평생학습관은 1990년에 중계도서관으로 개관하여 공공도서관의 역할을 수행하여 왔으며, 1999년 7월 16일부터 중계평생학습관으로 개편, 2007년에 노원평생학습관으로 기관명을 변경했다. 지역사회의 인적 자원과 물적 자원을 연결하고 융합하여 개인과 공동체의 성장과 발달을 위한 평생학습센터로 정보의 수집·제공·축적을 넘어 가치를 창출하는 생명력 있는 실천 공동체의 허브로 자리매김하고 있다. 열린 자료실과 다양한 평생학습교실을 통해 지식과 세계의 정보를 연결하고 융합하며 유용한 정보를 서로 나누는 지역학습공동체로서 평생교육이 시작되는 공간이다. 책을 빌려볼 수 있는 간행물실이 있고 평생학습관으로서 여러 학습을 할 수 있는 강의식과 세미나실, 독서토론실 등의 공간이 있다.","<a href=""https://nwllc.sen.go.kr/nwllc/index.do"" target=""_blank"" title=""새창 : 서울특별시교육청 노원평생학습관 홈페이지로 이동"">https://nwllc.sen.go.kr/nwllc/</a>","[문헌정보실]<br>
- 평일 09:00~20:00<br>
- 주말 09:00~17:00<br>
[디지털자료실, 어린이실]<br>
- 평일 09:00~18:00<br>
- 주말 09:00~17:00<br>
[자율학습실, 마음자리(간행물실)]<br>
- 하절기 (3월~10월) 07:00~22:00<br>
- 동절기 (11월~2월) 08:00~22:00","매달 둘째·넷째 월요일 / 일요일을 제외한 법정공휴일(단, 공휴일과 일요일이 겹칠 경우 휴관) / 임시휴관일",무료,
130783,14,서울특별시교육청 동대문도서관,서울특별시 동대문구 천호대로4길 22,(신설동),11,127.0241777625,37.5738542164,,http://tong.visitkorea.or.kr/cms/resource/36/3478436_image2_1.jpg,Type3,VE,VE09,VE090300,"서울특별시교육청 동대문도서관은 1971년 3월에 개관하여 25만여 자료를 소장하고 있는 서울특별시교육청 소속 공공도서관이다. 지역주민의 지식정보 제공과 자아실현을 위한 다양한 프로그램을 운영하여 자기 계발의 기회를 제공하고 있다. 1996년 전자정보자료실을 개설하여 1997년 7월부터 모든 장서의 대출이 가능하게 되었다. 종합자료1실과 2실, 어린이실, 시청각실, 강의실, 자율학습실 등 총 510석의 좌석을 갖추고 있다. 각 실에서 자료를 찾아서 바로 이용할 수 있고 대출과 자료예약도 가능하다. 또한 야간에 도서관을 방문하여 자료를 찾아가는 서비스인 야간예약대출도 시행하고 있다.","<a href=""https://ddmlib.sen.go.kr/ddmlib/index.do"" target=""_blank"" title=""새창 : 서울특별시교육청 동대문도서관 홈페이지로 이동"">https://ddmlib.sen.go.kr/ddmlib/</a>","[종합자료1실]<br>
- 평일 09:00~20:00<br>
- 주말 09:00~17:00<br>
<br>
[종합자료2실, 어린이실]<br>
- 평일 09:00~18:00<br>
- 주말 09:00~17:00<br>
<br>
[자율학습1실, 자율학습2실]<br>
- 하절기(3월~10월) 평일 07:00~20:00<br>
- 하절기(3월~10월) 주말 07:00~22:00<br>
- 동절기(11월~2월) 평일 08:00~20:00<br>
- 동절기(11월~2월) 주말 08:00~22:00","매월 둘째, 넷째주 수요일 / 일요일을 제외한 법정공휴일(단, 공휴일과 일요일이 겹칠 경우 휴관) / 임시 휴관일",무료,
130778,14,서울특별시교육청 어린이도서관,서울특별시 종로구 사직로 89 (사직동),,23,126.9687216489,37.5758446558,,http://tong.visitkorea.or.kr/cms/resource/44/3414044_image2_1.jpg,Type3,VE,VE09,VE090300,"서울특별시교육청 어린이도서관은 1979년 세계 어린이의 해를 기념하여 설립된 우리나라의 유일한 어린이 전용 공립도서관으로 인왕산 자락의 사직공원 안에 있다. 국내에서 발행되는 어린이와 관련된 각종 사전, 컴퓨터, 각 교과목, 과학, 예술, 명작, 창작동화, 역사, 지리에 관련된 도서 등 유치원이나 초등학생을 위한 많은 자료가 비치되어 있다. 자료는 자유롭게 선택하여 이용할 수 있고 일부는 가정으로 대출할 수 있다. 어린이에게 필요한 모든 자료는 제1 자료실, 제2 자료실, 유아실 등의 자료실에서 볼 수 있으며 디지털 자료실에서는 전자 자료 및 인터넷을 통한 정보를 찾아볼 수 있다. 또한 문화공간인 전시실을 마련하여 어린이와 지역주민의 문화공유 장으로 제공되고 있으며 어린이들이 책을 가까이 할 수 있도록 다양한 강좌와 독서동아리도 운영되고 있다.","<a href=""https://childlib.sen.go.kr/childlib/index.do?getC_blank"" target=""_blank"" title=""새창 : 서울특별시교육청 어린이도서관 홈페이지로 이동"">https://childlib.sen.go.kr/childlib</a>","- 평일 09:00~18:00<br>
- 주말 09:00~17:00","매월 첫째주·셋째주 월요일 / 일요일을 제외한 법정공휴일 (단, 일요일과 법정공휴일이 겹칠 경우 휴관)",무료,
130779,14,서울특별시교육청 영등포평생학습관,서울특별시 영등포구 버드나루로15길 10,(당산동),20,126.9073230952,37.5260548983,,http://tong.visitkorea.or.kr/cms/resource/95/3581795_image2_1.jpeg,Type3,VE,VE09,VE090300,"서울특별시교육청 영등포평생학습관은 지역주민의 삶의 질 향상과 자아실현을 위한 다양한 평생학습 프로그램 운영을 통해 자기 계발의 기회를 제공하고 있으며, 문해교육, 학업 중단 학생 학습 지원, 다문화 사업, 부모교육 등 균등한 평생학습 기회를 제공하는 지역사회 평생학습센터로서의 역할을 하고 있다. 또한 독서문화 정착과 지역사회 지식·정보 문화센터의 역할을 다하기 위하여 23만여권의 자료를 비치하고 이용자 편의를 우선하여 서비스하고 있으며, 지역주민이 문화를 향유하고 풍요로운 삶을 가꿀 수 있도록 다양한 문화 활동을 지원하고 있다.","<a href=""http://ydpllc.sen.go.kr/"" target=""_blank"" title=""새창 : 서울 영등포평생학습관 홈페이지로 이동"">http://ydpllc.sen.go.kr</a>","[문헌정보실] 평일 09:00~20:00 / 주말 09:00~17:00 <br>
[디지털 간행물실] 평일 09:00~18:00 / 주말 09:00~17:00<br>
[어린이실] 평일 09:00~18:00 / 주말 09:00~17:00<br>
[자율학습실] 하절기 07:00~22:00 / 동절기 08:00~22:00","[정기휴관일] 매월 둘째, 넷째 월요일 / 공휴일<br>(※ 단, 일요일은 개관하되, 일요일과 다른 공휴일이 겹치는 경우에는 휴관)",,
130355,14,서울특별시교육청 용산도서관,서울특별시 용산구 두텁바위로 160,(후암동),21,126.9801268407,37.5519892991,,http://tong.visitkorea.or.kr/cms/resource/01/3514601_image2_1.jpg,Type1,VE,VE09,VE090300,"서울특별시교육청 용산도서관은 남산 자락에 위치한 후암동 두텁바위 마을에 1981년 4월 개관하였다. 지하 1층부터 지상 5층까지의 건물로, 문헌정보실, 디지털·간행물실, 어린이실, 자율학습실 등 다양한 시설을 갖추고 지역 주민의 독서, 평생교육, 여가 활동을 지원하고 있다. 외국인 거주 비율이 높은 지역 특성을 반영하여 외국인 한글 교실 등 다양한 다문화 프로그램을 운영하고 있으며, 어린이실에는 수준별 영어 원서와 다국어 도서를 구비하고 있다. 또한, 시(詩)를 특색 사업으로 운영하여 창작시 공모전, 시 창작 수업, 수상작 갤러리 등 시를 다양한 방식으로 접할 수 있도록 하였으며, 작은 갤러리와 영화 상영 등 다채로운 문화 프로그램도 제공하고 있다. 1층 구내식당은 저렴한 가격으로 운영되어 지역 주민들에게 호응을 얻고 있으며, 5층 옥상 정원은 서울 전경을 한눈에 조망할 수 있어 도심 속 노을 명소로 주목받고 있다.","<a href=""http://yslib.sen.go.kr/"" title=""새창 : 용산도서관 홈페이지로 이동"" target=""_blank"">http://yslib.sen.go.kr</a>","[문헌정보실]<br>
- 평일 09:00~20:00<br>
- 주말 09:00~17:00<br>
[디지털·간행물실/어린이실]<br>
- 평일 09:00~18:00 <br>
- 주말 09:00~17:00<br>
[자율학습실]<br>
- 하절기(3~10월) 07:00~22:00 <br>
- 동절기(11월~2월) 08:00~22:00","매월 둘째주, 넷째주 화요일 / 법정공휴일 (일요일을 제외한 관공서 공휴일) / 도서관 및 기타 사정으로 도서관장이 정한 날",무료,
2751303,14,서울특별시교육청 융합과학교육원 남부분원,서울특별시 구로구 구로중앙로27나길 21 (구로동),,7,126.8853287058,37.4966190367,,http://tong.visitkorea.or.kr/cms/resource/47/3540347_image2_1.jpg,Type1,VE,VE07,VE070300,"서울특별시교육청 융합과학교육원은 서울과학교육의 센터로서 학생들에게는 과학탐구 체험활동을 통하여 과학에 대한 관심과 흥미를 높이고, 교원들에게는 다양한 연수 및 교수학습에 필요한 자료 제공을 통하여 전문성을 신장시킬 수 있도록 지원하며, 일반 시민들에게는 과학체험학습의 장을 제공하고 있다. 융합과학교육원은 본원, 남산분원, 동부분원, 남부분원이 있다. 여기서 남부분원은 서울 남부권역 유치원, 초등 중등학교 학생을 대상으로 하는 생태체험과 과학탐구교육, 수학과 과학 분야 영재교육, 학교 수업 지원을 위한 다양한 교사 직무연수를 담당한다. 유아과학놀이교실, 자연사전시실, 화학실, 생명과학실, 지구과학실, 물리학실, 초등·중등발명교실, 자연관찰원 등으로 구성되어 있다. 또한 이곳에서는 유아과학놀이교실, 과학창의력교실, 토요가족생태환경교실, 특별프로그램 등 다양한 과학 프로그램을 운영하고 있다.","<a href=""https://ssei.sen.go.kr/"" target=""_blank"" title=""새창 : 서울특별시교육청 융합과학교육원 홈페이지로 이동"">https://ssei.sen.go.kr/</a>",09:00~17:00,매주 토요일~일요일 / 법정공휴일,"무료<br>※ 단, 프로그램 이용시 별도",
1019294,14,서울특별시교육청 정독도서관,서울특별시 종로구 북촌로5길 48,,23,126.9832368815,37.5797611278,,http://tong.visitkorea.or.kr/cms/resource/66/3510466_image2_1.jpg,Type1,VE,VE09,VE090300,"정독도서관은 서울 종로구 북촌에 위치한 옛 경기고등학교 자리에 1977년 1월에 개관한 서울시립공공도서관이다. 49만 여권의 장서와 16,300여 점의 비도서 자료를 소장하고 있으며, 부설 서울교육사료관에는 12,000여 점의 교육 사료를 소장하고 있다. 도서 대출, 자료실 및 열람실 이용 외에도 매월 작가초청 강연회와 사진전 그리고 독서회, 인형극, 음악회, 댄스공연 등의 문화프로그램을 운영한다. 봄에는 정독도서관 주변으로 벚꽃이 만개하여 데이트 장소로 떠오르고 있으며 인근 삼청공원에서 삼청동 벚꽃축제가 열린다.","<a href=""http://jdlib.sen.go.kr/"" target=""_blank"" title=""새창 : 정독도서관 홈페이지로 이동"">http://jdlib.sen.go.kr</a>","[인문사회자연과학실, 어문학·족보실]<br>
- 평일 09:00~20:00<br>
- 주말 09:00~17:00<br>
[어린이실, 청소년관, 다국어·연속간행물실, 디지털자료실, 서울교육박물관]<br>
- 평일 09:00~18:00<br>
- 주말 09:00~17:00 <br>
[자율학습실, 노트북실]<br>
- 하절기 (3월~10월) 07:00~22:00<br>
- 동절기 (11월~2월) 08:00~22:00","매월 첫째, 셋째 수요일 / 일요일을 제외한 법정공휴일 (단, 공휴일과 일요일이 겹칠 경우 휴관) / 도서관 사정으로 임시로 정하는 휴일",무료,
129838,14,성균관대학교 인문사회과학캠퍼스박물관,서울특별시 종로구 성균관로 25-2 (명륜3가),,23,126.9969632609,37.5849607702,,http://tong.visitkorea.or.kr/cms/resource/09/3556509_image2_1.jpg,Type3,VE,VE07,VE070100,"성균관대학교 내 600주년 기념관 지하 1층에 있는 성균관대학교 박물관은 수천여 년 이어져 온 선조들의 값진 유물들을 수장, 전시하고 있다. 전시실은 상설전시실과 기획전시실로 크게 나누어져 있다. 상설전시실은 유교문화를 생생하게 체험할 수 있는 공간이며, 기획전시실은 성균관대학교 박물관만이 소장하고 있는 귀중한 자료들을 연구, 정리하여 공개하고 있다. 
조선시대 유교문화의 전반을 관찰할 수 있는 유물들을 중심으로 선현들의 정신과 발자취가 담긴 도자, 글씨, 그림, 서적, 문서, 문방사우, 악기, 복식, 장신구, 가구 등 다양한 문화예술품과 생활용품들이 전시되어 있다. 매년 특별기획전도 개최하며 <명품도자 100>, <공자 성적>, <유물로 보는 양반의 일>, <일제강점기 유리원판 사>, <잃어버린 시간, 식민지의 > 등 희귀한 자료들을 특별 전시하였다.","<a href=""https://swb.skku.edu/museum/index.do""target=""_blank"" title=""성균관대학교 박물관"">https://swb.skku.edu/museum</a>",10:00~16:00 (입장 마감 15:30),매주 토요일~일요일 / 개교기념일(9월 25일) / 공부자탄강일(9월 28일) / 국정 공휴일,무료,
3429640,14,성동책마루도서관,서울특별시 성동구 고산자로 270 (행당동),"(행당동, 성동구청) 1층 도서관",16,127.0369796686,37.5634750974,,,,VE,VE09,VE090300,성동책마루는 북카페 형식의 휴게공간으로 소장된 자료는 열람만 가능하다.,https://www.sdlib.or.kr/RB/main.do,월~일 09:00~21:00,공휴일,,
130213,14,성북문화원,서울특별시 성북구 성북로4길 13-8 (동소문동1가),,17,127.0057623221,37.5897659248,,http://tong.visitkorea.or.kr/cms/resource/90/3393290_image2_1.JPG,Type3,VE,VE09,VE090100,"성북문화원은 1996년에 설립되었다. 설립 이래 성북학 연구, 성북마을아카이브 구축, 전통예술강좌를 비롯한 각종 문화강좌의 운영과 성북동문화재야행을 비롯한 각종 콘텐츠의 개발은 성북구 지역문화의 기반을 다지는 역할을 해왔다. 지역주민들의 문화 발전을 위해 미술·서예, 악기·음악, 댄스·무용, 생활교양, 어린이로 5가지 카테고리를 나누어 다양한 분야의 문화 프로그램을 운영하고 있다. 프로그램 수강은 인터넷 접수와 방문 접수 두 가지 방법으로 진행된다.","<a href=""https://www.isbcc.or.kr/"" target=""_blank"" title=""새창 : 성북문화원 공식 홈페이지로 이동"">https://www.isbcc.or.kr/</a>",09:00~18:00,매주 토요일~일요일 / 법정공휴일,,
3448679,14,성신여자대학교,서울특별시 성북구 보문로34다길 2 (돈암동),,17,127.0209803351,37.5913410151,,http://tong.visitkorea.or.kr/cms/resource/10/3448610_image2_1.jpg,Type1,VE,VE09,VE090600,"1936년 설립된 이 대학교는 여성 교육을 통해 사회에 기여할 인재를 양성하는 것을 목표로 하고 있다. 처음에는 성신여자고등보통학교로 시작했으며, 이후 대학교로 성장했다. 예술, 인문학, 사회과학, 자연과학, 공학 등 다양한 학문 분야에서 우수한 교육을 제공하고 있다.",https://www.sungshin.ac.kr/sites/main_kor/main.jsp,,,,
3448840,14,성신여자대학교 운정그린캠퍼스,서울특별시 강북구 도봉로76가길 55 (미아동),,3,127.0274174771,37.6321225012,,http://tong.visitkorea.or.kr/cms/resource/54/3448754_image2_1.jpg,Type1,VE,VE09,VE090600,"성신여대의 제2캠퍼스로, 자연과학, 공학, 생활과학 계열 학문을 중심으로 한 미래지향적 캠퍼스이다. 이 캠퍼스는 친환경적이고 최첨단 학습 환경을 제공하며, 실험과 연구에 중점을 둔 교육을 통해 융합적 사고를 갖춘 인재를 양성하고 있다. 실험실, 강의실, 도서관 등 학생 편의 시설이 쾌적하게 조성되어 있다.",https://www.sungshin.ac.kr/sites/main_kor/main.jsp,,,,
129822,14,성신여자대학교박물관,서울특별시 성북구 보문로34다길 2 (돈암동),,17,127.0209803351,37.5913410151,,http://tong.visitkorea.or.kr/cms/resource/90/3393190_image2_1.jpg,Type3,VE,VE07,VE070100,"성신여자대학교 박물관은 1966년 생활과학박물관의 설립을 시작으로 지금의 문화예술의 향유공간으로 성장·발전하였다. 우리 문화유산을 수집, 보존, 전시하는 기능과 함께 선인들의 생활상과 문화예술의 면면을 밝혀내기 위해 연구 및 교육기관으로서의 역할을 수행하는 문화의 전당이다. 대학 안에 3개의 박물관과 운정기념관, 아트갤러리 등 문화적 감성을 자극하는 공간에서는 매년 다양한 전시와 프로그램을 운영하고 있으며, 이를 통해 지역주민과 교직원 및 학생들에게 수준 높은 문화감상과 학습의 기회를 제공하고 있다.","<a href=""https://www.sungshin.ac.kr/museum/index.do"" target=""_blank"" title=""새창 : 성신여자대학교박물관 공식 홈페이지로 이동"">www.sungshin.ac.kr/museum</a>",10:00~17:00 (입장마감 16:30),매주 토요일~일요일 / 법정공휴일 / 개교기념일(4월 28일),무료,
130688,14,세계장신구박물관,서울특별시 종로구 북촌로5나길 2 (화동),,23,126.9818203079,37.5810303992,,http://tong.visitkorea.or.kr/cms/resource/63/3574663_image2_1.jpg,Type3,VE,VE07,VE070100,"2004년에 개관한 세계장신구박물관은 2013년에 프랑스의 루브르 박물관, 미국의 메트로 폴리탄 뮤지움과 함께 ‘세계에서 가장 아름다운 10대 박물관’, 2015년에는 미국의 스미소니언 박물관, 영국 왕실박물관과 함께 ‘죽기 전에 봐야 할 세계 5대 보석박물관’으로 선정되었다. 경복궁의 숨소리가 들리는 북촌 심장부에 위치한 세계장신구박물관은 시인이자 수필가인 이강원 관장이 외교관의 아내로 세계 곳곳에서 수집한 전통 장신구 1,000여 점이 둥지를 틀고 있는 곳이다. 세계 어디에서도 찾아보기 힘든 장신구의 집결지라는 의미 외에도 독특하고 아름다운 건물과 전시기법으로 ‘서울의 장신구’라는 애칭까지 얻었다. 김승회 서울대학교 건축학과 교수는 두텁게 주름잡은 동판, 내후성 강판, 적삼목, 유리 등으로 외벽을 감싸고 스테인리스 통판문을 달아 아름다우면서도 중후한 건물을 소장품에 선물했다. 전시는 9개의 테마로 나누어져 있는데 북촌의 오밀조밀하고 정겨운 골목길을 건물 안으로 끌어들여 또 다른 재미를 연출했다. 5천만 년 이상 지구의 숨결을 담고 있는 호박벽, 16세기 유럽 사람들을 홀리게 했던 엘도라도 황금의 방, 마음의 결을 가다듬어 주는 십자가 방, 명상에 들게 하는 마스크 벽, 등불의 숲을 거니는 듯한 근대장신구의 방, 반지 벽 등을 감상할 수 있다. 사전 예약제로 운영된다.","<a href=""http://www.wjm.or.kr/"" target=""_blank"" title=""새창 : 세계장신구박물관 홈페이지로 이동"">http://www.wjm.or.kr/</a>",10:00~17:00,연중무휴,"- 성인 10,000원<br>- 청소년 5,000원<br>- 어린이 5,000원",
129735,14,세종문화회관,서울특별시 종로구 세종대로 175 (세종로),,23,126.9763210635,37.5720618985,,http://tong.visitkorea.or.kr/cms/resource/87/3082687_image2_1.png,Type3,VE,VE06,VE060100,"세종문화회관은 서울특별시가 설립한 기관으로 서울의 대표적인 문화예술기관이다. 1978년에 준공하여 한국 공연 문화의 산실이자 서울시공연예술의 허브역할을 다하고 있다. 세계 유수의 공연장으로 인정받는 한국 공연예술의 등용문이자 국제공연 예술의 유일한 통로였으며, 1970~80년대에는 한국 순수 예술의 요람이었다. 이처럼 세종문화회관은 한국 공연예술의 살아있는 역사이자 예술을 사랑하는 사람들의 추억의 공간, 그리고 한국을 대표하는 문화예술 기관으로 20여 년간 그 명성을 유지해 왔다.
세종문화회관은 세종대극장 리모델링에 이어 세종체임버홀, 세종M씨어터, 예술동 증축, 세종미술관, 세종S씨어터 등 하드웨어의 개편을 진행했고, 예술로 동행 등 각종 문화행사를 진행하고 있다. 또한, 문화향유 기회를 확대하고, 문화 창달에 기여할 수 있는 문화예술 운영을 통해 시민문화 복지구현에 이바지함을 설립 목적으로 시민이 더 행복한 예술 랜드마크를 만들어 가고 있다.","<a href=""https://www.sejongpac.or.kr/portal/main/main.do"" target=""_blank"" title=""새창 : 세종문화회관 홈페이지로 이동"">https://www.sejongpac.or.kr</a>",공연 및 전시 별로 상이함,공연 및 전시 별로 상이함,공연 및 전시 별로 상이함,
815197,14,세종이야기 충무공이야기,서울특별시 종로구 세종대로 지하175 (세종로),,23,126.9768376784,37.5722341099,,http://tong.visitkorea.or.kr/cms/resource/52/3550552_image2_1.jpg,Type1,VE,VE07,VE070300,"세종이야기 충무공이야기는 도심 속에서 생생한 역사를 체험할 수 있는 공간이다. 조선 4대 임금 세종대왕과 임진왜란 당시 큰 공을 세운 충무공 이순신 장군의 생애와 업적을 기리기 위해 조성된 전시관으로 세종문화회관에서 운영한다. 세종이야기 전시장은 2009년 10월 9일 한글날을 맞아 개관하였고, 충무공이야기 전시장은 2010년 4월 28일 이순신 장군의 탄생일을 맞아 개관하였다. 세종이야기 전시장은 인간, 세종, 민본사상, 한글 창제, 과학과 예술, 군사정책, 한글갤러리 등 총 12개의 전시 공간으로 구성되어 있다. 충무공이야기 전시장은 성웅 이순신의 생애, 조선의 함선, 7년간의 해전사, 난중일기를 통해 본, 인간 이순신, 이순신의 리더십, 영상체험관 총 6개의 전시 공간으로 구성되어 있다. 다양한 체험 및 교육 프로그램을 운영하여 생생한 역사를 체험할 수 있는 공간으로 연간 약 150만 명의 관람객이 방문하는 서울 관광 명소로 자리매김하고 있다.","<a href=""https://www.sejongpac.or.kr/portal/performance/performance/sejongIntro.do?menuNo=200575"" target=""_blank""title=""세종이야기충무공이야기 사이트로 이동"">https://www.sejongstory.or.kr/sejongstory</a>",10:00~18:30,"매주 월요일 (단, 월요일이 법정공휴일인 경우 정상 개관하고 다음 날 평일 휴관)",무료,
129912,14,세종호텔 세종갤러리,서울특별시 중구 퇴계로 145 (충무로2가),,24,126.9879953030,37.5613355768,,http://tong.visitkorea.or.kr/cms/resource/64/3384964_image2_1.JPG,Type3,VE,VE07,VE070600,"세종갤러리는 1961년 한국 미술계의 거장 김흥수 화백의 초대전을 시작으로, 그동안 폭넓고 깊이 있는 미술감상의 기회를 제공해 왔다. 1992년에는 세종호텔 1층 로비에 재개관하여 진취적이고 역량 있는 작가 분들을 모시며 다양한 전시를 기획, 주관하고 있다. 뿐만 아니라 확장된 개념의 전시로써 전시장 이외의 호텔 공공장소 및 각 레스토랑을 갤러리화 하여 좋은 반응을 얻고 있다. 그 결과 컬렉터의 충족은 물론, 미술 애호가 및 일본, 유럽, 미국 등의 외국인 호텔 투숙객들에게도 미술을 마음껏 감상할 수 있는 문화공간으로 확고히 자리매김하게 되었다.
아울러 2003년 세종갤러리는 새로운 고품격 미술문화의 장을 열어나가고자 외부에서도 작품 감상할 수 있는 쇼윈도갤러리를 건립하였으며, 2012년 하반기에 대대적인 갤러리 리뉴얼 공사를 통해 새로운 호텔형 복합문화공간으로 탈바꿈하였다. 2013년에는 지하의 공간을 갤러리로 리모델링하여 제2갤러리를 오픈하였다. 현재 세종갤러리는 지상 1층, 지하 1층, 쇼윈도갤러리로 이루어져 기존의 평면적인 갤러리와는 확연히 다른 공간의 차이를 느낄 수 있으며, 각 공간에 걸맞은 다채로운 전시를 선보이고 있다.","<a href=""http://www.sejonggallery.co.kr/main/main.php"" target=""_blank"" title=""새창 : 세종갤러리 홈페이지로 이동"">http://www.sejonggallery.co.kr/</a>",11:00~20:00,연중무휴,무료,
1799798,14,손기정기념관,서울특별시 중구 손기정로 101-4 (만리동2가),,24,126.9647225790,37.5558524631,,http://tong.visitkorea.or.kr/cms/resource/54/3504754_image2_1.jpg,Type1,VE,VE07,VE070200,"손기정 기념관은 나라를 잃은 어려운 시절, 세계를 제패해 우리 민족의 긍지를 높여준 손기정 선수(1936년 베를린 올림픽 마라톤 금메달리스트)의 뜻을 기리고, 손기정 탄생 100주년, 2012년 10월 14일에 개관하였다. 이 건물은 국제적인 스포츠 관광자원으로 개발하고자 1918년 만리동에 건립된 손기정 선수(21회 졸업)의 모교인 양정의숙 건물을 리모델링한 곳이다. 베를린 올림픽 마라톤 우승을 이뤄내기까지의 손기정 선수 일대기 중심의 콘텐츠 연출 및 민족과 국가의 소중함을 일깨워주는 일화 중심의 전시기획과 관람객 참여 요소를 곳곳에 배치하여 전시의 이해와 몰입도를 높인다. 기존의 기념관과는 차별화된 애니메이션 영상과 참여 게임을 통해 성인은 물론 어린이 관람객에게 즐겁고 풍성한 볼거리 및 바른 역사인식의 기회를 제공한다.","<a href=""http://www.sonkeechung.com/sonkeechung/main/main.do"" target=""_blank"" title=""새창 :손기정기념관 홈페이지로 이동"">http://www.sonkeechung.com</a>",10:00~18:00 (입장 마감 17:00),1월 1일 / 설·추석 연휴 / 매주 월요일 / 기타 관장이 정하는 휴일,상시전시실 무료<br>※ 기획전시는 유료이므로 홈페이지 참고,
2904906,14,손기정문화도서관,서울특별시 중구 손기정로 101-3 손기정공원,,24,126.9645531466,37.5559746682,,http://tong.visitkorea.or.kr/cms/resource/14/3458214_image2_1.JPG,Type1,VE,VE09,VE090300,"손기정문화도서관은 손기정기념관 뒤편에 위치한 도서관이다. 붉은 벽돌로 지어진 건물로, 감성적이고 아름다운 외관 덕분에 많은 사람이 찾는다.
붉은 벽을 감싸는 담쟁이덩굴과 작품들로 꾸며진 정원과 외관은 구경하는 재미를 더한다. 내부 역시 외관만큼 감각적이고 분위기 좋게 꾸며져 있어, 책을 읽거나 휴식을 취하기에 적합하다. 또한 다양한 정기간행물이 비치되어 있어 관심 있는 분야의 잡지 등을 자유롭게 열람할 수 있다. 손기정문화도서관은 각 공간이 특정 분야에 어울리도록 꾸며져 있어, 감상하는 즐거움을 선사한다.","<a href=""https://www.junggulib.or.kr/index.do"" target=""_blank"" title=""새창: 로 이동"">https://www.junggulib.or.kr</a>",09:00~22:00,매주 월요일 / 법정 공휴일,,
2453996,14,수도박물관,서울특별시 성동구 왕십리로 27 (성수동1가),,16,127.0422770776,37.5398807113,,http://tong.visitkorea.or.kr/cms/resource/76/3309176_image2_1.jpg,Type3,VE,VE07,VE070100,"수도박물관이 있는 이곳 뚝섬 지역에 우리나라 최초 정수장인 뚝도수원지 제1정수장이 들어섰다. 1903년 12월 9일 미국 기업인 콜브란(C.H.Collbran)과 보스트위크(H.R.Bostwick)는 고종황제로부터 상수도 시설과 경영에 관한 특허권을 받았다. 이후 1905년 8월 특허권을 양도받은 대한수도회사(Korean Water Works Co.)는 1906년 8월 초 공사를 시작하여 1908년 8월 뚝도수원지 제1정수장을 완성했다. 1908년 9월 1일부터 완속 여과 방식으로 생산한 12,500㎥의 수돗물을 사대문 안과 용산 일대의 주민 125,000명에게 공급했던 것이 우리나라 근대 상수도 역사의 첫출발이었다.
뚝도수원지 일부는 고도정수처리 시설을 완비한 뚝도아리수정수센터로 변화하여 지금도 24시간 수돗물을 생산 및 공급하고 있으며, 일부는 수도박물관으로 조성되어 체험학습의 장으로 이용되고 있다. 수도박물관은 1908년 최초의 정수장이 세워진 이후부터 현재까지 깨끗하고 안전하게 공급되고 있는 서울시 수돗물에 대한 많은 이야기들을 소개하고 있다. 상수도 관련 기술이 어떻게 성장하고 발전되어 왔는지를 전달하고, 물과 환경을 주제로 한 다양한 체험학습 프로그램을 함께 운영하고 있다.","<a href=""https://arisu.seoul.go.kr/arisumuseum/intrcn/sub1.jsp"" target=""_blank"" title=""새창 : 서울아리수본부 홈페이지로 이동"">https://arisu.seoul.go.kr/arisumuseum</a>",09:00~18:00,,,
2739467,14,수애뇨339,서울특별시 종로구 평창길 339 (평창동),,23,126.9787558031,37.6126127832,,http://tong.visitkorea.or.kr/cms/resource/76/3540876_image2_1.jpg,Type1,VE,VE07,VE070300,"예술공간 수애뇨339는 예술작품전시, 음악공연, 카페, 프라이빗 모임 등을 제공하는 복합예술공간이다. 건물 디자인은 타워팰리스 전경련 회관 세상의 모든 아침을 디자인한 리빙엑시스 대표 최시영의 작품이며, 예술공간 수애뇨는 그의 첫 문화 공간이다.
첫 번째 층인 수애뇨 카페는 공연장과 카페가 결합된 공간으로, 수준 높은 음향 시설과 공연장 조명은 이 공간이 언제든지 새로운 모습으로 탈바꿈할 수 있음을 보여준다. 특히 반 단 아래로 들어가게 만든 공간의 좌석은 이 공간의 트레이드 마크이다. 
건물의 두 번째 층인 예술공간 수애뇨339는 전시 공간으로 다양한 장르의 미술품들을 기획 및 초청하여 전시하고 있다. 다른 갤러리 전시 공간과는 차별적으로 ‘sunken garden’이라는 야외 전시공간을 만들어 놓았다.
건물의 세 번째 층인 수애뇨 룸은 프라이빗한 파티나 모임을 위해 마련된 공간으로 취사시설 및 음향설비 등이 완비되어 있다. 기념하고 싶은 작은 모임이나 회사 설명회, 런칭 파티 등이 가능하며, 일몰 시 전경이 훌륭하다.","<a href=""http://sueno339.com/"" target=""_blank"" title=""새창 : 수애뇨339 홈페이지로 이동"">http://sueno339.com</a>","- 월요일~토요일 10:00~19:00<br>
- 일요일 및 공휴일 11:00~19:00",연중무휴,,
2751331,14,스위트파크 롯데 어린이 식품체험관,서울특별시 강서구 마곡중앙로 201 (마곡동),롯데중앙연구소 1층,4,126.8277457397,37.5714620886,,http://tong.visitkorea.or.kr/cms/resource/45/3465745_image2_1.JPG,Type3,VE,VE07,VE070100,"롯데어린이식품체험관 스위트파크는 롯데 그룹 식품사의 연구개발과 품질 안전 관리를 담당하는 롯데중앙연구소가 운영하는 어린이 대상 Edutainment 체험 시설이다. 
롯데의 식품을 주제로 한 스위트파크의 다양한 체험 공간에서 아이들에게 친숙한 가나 초콜릿, 칠성 사이다, 의성 마늘햄, 롯데리아 햄버거 등을 활용해 맛있고 신기한 체험을 할 수 있는 견학 프로그램을 제공한다. 스위트파크의 요정 위티와 함께하는 환상적인 열기구 여행을 시작으로, 초콜릿, 사이다, 아이스크림, 햄버거가 가득한 스위트파크에서 다양한 체험을 진행한다. 롯데중앙연구소 체험존에서는 식품연구원이 되어 식품 속에 숨겨진 과학을 찾아내고 제품을 개발하는 체험을 한다. 자일리톨 치아건강 교육존은 자일리톨 껌에 숨겨진 치아 건강에 대한 비밀을 파헤치며, 올바른 치아 건강 유지 방법에 대해 학습할 수 있다. 
체험을 진행하며 초콜릿, 젤리, 자일리톨 등의 제품을 직접 먹어보며 즐길 수 있는 에듀테이션 공간으로, 맛있는 식품이 어떻게 만들어지는지를 알아가며 그 속에 숨겨진 과학을 배우고, 어린이들이 꼭 알아야 할 올바르고 건강한 식생활까지 학습할 수 있다.
스위트파크는 롯데식품사 및 연구소의 사회공헌 차원으로 무료로 운영되고 있다. 사전에 예약한 인원만 입장할 수 있으며, 예약 방법과 일정 등 자세한 사항은 롯데스위트파크 홈페이지를 참고하면 된다.","<a href=""https://sweetpark.lotternd.com/kor/main/main.html"" target=""_blank"" title=""새창 : 스위트파크 홈페이지로 이동"">https://sweetpark.lotternd.com</a>",10:00~16:00<br>(주 4회 운영),매주 금요일~일요일 / 공휴일,,
130418,14,신문박물관,서울특별시 종로구 세종대로 152,"일민미술관 5, 6층",23,126.9776487818,37.5698760651,,http://tong.visitkorea.or.kr/cms/resource/15/3556615_image2_1.jpg,Type3,VE,VE07,VE070100,"신문박물관은 우리나라 최초의 근대 신문인 한성순보 창간(1883) 이래 한국 신문 140년의 역사를 한눈에 조망할 수 있는 공간으로 세기의 경계를 지나던 2000년 동아일보사가 한국 신문의 역사를 성찰하고 그 교훈을 통해 미래를 내다보고자 개관했다. 세계적으로 신문 박물관은 1931년 독일 아헨시에 세워진 국제신문박물관을 비롯하여 미국 워싱턴의 뉴지엄, 일본 요코하마의 일본신문박물관 등 손에 꼽을 정도이며, 유구한 언론의 역사를 가진 선진 각국과 함께하는 상징적인 박물관이다.
신문은 역사의 그릇이며 정치, 경제, 사회, 문화 등 그날그날의 역사가 숨 쉬고 있다. 따라서 시대와 함께 명멸과 성쇠를 거듭했던 신문의 과거와 현재를 모아놓은 신문박물관은 축소된 역사의 현장이라 할 수 있다. 신문박물관은 신문을 통해 우리 근현대사를 조망한다는 역사적 의미를 지니고 있고 언론발달사에 한 획을 긋는 작업이라는 언론사적 의미와 우리나라 박물관의 지평을 확장하는 문화사적 의미를 동시에 가지고 있다.","<a href=""http://www.presseum.or.kr/"" target=""_blank"" title=""새창: 신문박물관 홈페이지로 이동"">http://www.presseum.or.kr</a>",화요일~일요일 10:00~18:30 (매표 마감 18:00),"매주 월요일 / 1월 1일 / 설·추석 연휴<br>※ 봄과 가을의 경우, 3월, 9월 첫째 주 화요일~일요일 정기 휴관","[개인]<br>- 일반 4,000원<br>- 청소년, 대학생 3,000원<br>[단체예약]<br>- 일반 3,000원<br>- 청소년, 대학생 2,500원",
2611675,14,신월음악도서관,서울특별시 양천구 오목로5길 34 (신월동),,19,126.8401042589,37.5247705145,,http://tong.visitkorea.or.kr/cms/resource/72/3568172_image2_1.jpg,Type1,VE,VE09,VE090300,"신월음악도서관은 2006년 2월 지역 주민들에게 독서문화 및 지식정보제공을 위해 신월4동 복합청사에 설립된 양천구 구립도서관이다. 양천구 지역 주민들을 위한 독서 및 문화 나눔터를 지향하며, 주민들의 다양한 관심사를 반영한 장서와 독서 및 문화 프로그램을 제공하면서 올바른 도서관 문화 형성에 기여하고 있다.","<a href=""https://lib.yangcheon.or.kr/libsin/"" target=""_blank"" title=""새창 : 신월음악도서관 공식 홈페이지로 이동"">https://lib.yangcheon.or.kr/libsin</a>","[음악도서관 / 종합자료실]<br>
- 평일 09:00~22:00<br>
- 주말 09:00~18:00<br>
[어린이자료실 / 정보검색실]<br>
- 평일 09:00~18:00<br>
- 주말 09:00~18:00",매주 월요일 / 공휴일,무료,
130403,14,아르코미술관,서울특별시 종로구 동숭길 3 아르코 미술관,,23,127.0025212349,37.5797531420,,http://tong.visitkorea.or.kr/cms/resource/28/2993428_image2_1.jpg,Type3,VE,VE07,VE070600,아르코미술관은 1974년 종로구 관훈동 옛 덕수병원 건물에서 한국문화예술진흥원 산하의 미술회관으로 시작하였다. 1979년 마로니에공원 내에 한국 대표 건축가 김수근이 설계한 신축 건물로 이전해 현재의 모습을 갖추었고 2005년 한국문화예술진흥원이 한국문화예술위원회로 전환되면서 영문 약칭을 딴 현재의 이름으로 재탄생했다. 2021년 이후 ‘유용·포용·협업·공유’라는 4대 운영 전략 아래 연구·창작·전시·교류 활동이 선순환하는 플랫폼을 표방하고 사회적 의제를 다룬 기획전과 미술 담론의 생성과 확산을 위한 공공 프로그램 등을 운영하고 있다. 미술관과 함께 바로 이웃한 아르코예술극장과 더불어 미술관의 붉은 벽돌 건물은 오늘날 대학로의 대표적 상징물이기도 하다.,"<a href=""https://www.arko.or.kr/artcenter/"" target=""_blank"" title=""새창 : 아르코미술관 홈페이지로 이동""> https://www.arko.or.kr/artcenter</a>",11:00~19:00 (입장 마감 18:30),매주 월요일 / 1월 1일 / 설·추석 당일,무료,
130230,14,아르코예술극장,서울특별시 종로구 대학로8길 7 (동숭동),,23,127.0029878163,37.5812640855,,,,VE,VE06,VE060100,"아르코예술극장은 1981년 개관 이래 새로운 가치와 시각을 제시하는 다양한 공연예술작품을 개발, 지원하고 수준 높은 서비스를 제공하여 예술적 가치창조를 위한 최고의 문화공간으로 자리매김하고 있다. 매년 10만여 명의 공연예술인들과 관객들이 한자리에 모이는 대표적인 공연예술 전문 극장인 아르코예술극장은 자체 기획공연을 비롯한 수준 높은 대관공연을 통해 관객들의 긍정적인 평가를 받고 있다.","<a href=""https://theater.arko.or.kr/Home/ko/Main"" target=""_blank"" title=""새창 : 아르코·대학로예술극장 공식 홈페이지로 이동"">http://theater.arko.or.kr</a>",공연 별로 상이함,공연 별로 상이함,공연 별로 상이함,
2773303,14,아모레퍼시픽미술관,서울특별시 용산구 한강대로 100 (한강로2가),,21,126.9686896475,37.5288445615,,http://tong.visitkorea.or.kr/cms/resource/57/2780457_image2_1.jpg,Type3,VE,VE07,VE070600,"아모레퍼시픽미술관은 아모레퍼시픽의 창업자 고(故) 서성환 회장이 수집한 미술품들을 전시하였던 박물관을 2009년 아모레퍼시픽미술관 (APMA, Amorepacific Museum of Art)로 명칭을 변경하여 전시 운영 중인 미술관이다. ‘일상 속의 아름다움을 발견하는 열린 공간’을 지향하고 대중과 소통하기 위해 설립되었다. 이런 목적에 따라 한국 고미술과 국내외 현대미술을 수집·연구·전시하며, 관련 연구자 및 학회, 젊은 작가를 지원한다. 지하 1층 전시실에서는 고미술과 현대미술, 한국미술을 아우르는 다채로운 기획전시가 열린다. 지상 1~3층까지 이어진 대형 공간 ‘아트리움’ 1층에는 미술관 로비와 뮤지엄숍, 전시공간인 ‘APMA 캐비닛’, 세계의 전시도록 라이브러리(apLAP)의 시설을 갖추고 있다. 용산의 대표적 건축 명소인 하얀색 백자를 모티브로 건축된 아모레퍼시픽 본사 신사옥 1층에 미술관이 있다.","<a href=""https://apma.amorepacific.com/"" target=""_blank"" title=""새창 : 아모레퍼시픽미술관 홈페이지로 이동"">https://apma.amorepacific.com/</a>","10:00~18:00 (입장마감 17:30)<br>
※ 단, 필요에 따라 부정기적 연장개관 있음",매주 월요일 / 1월 1일 / 설·추석 연휴,전시 별로 상이함,
130636,14,아트파크,서울특별시 종로구 삼청로7길 25 (팔판동),,23,126.9804397990,37.5838161613,,http://tong.visitkorea.or.kr/cms/resource/59/3414059_image2_1.jpg,Type3,VE,VE07,VE070600,"아트파크는 다양한 전시를 통하여 예술 치유를 경험할 수 있는 기회를 제공하고 있다. 아트파크는 문화의 거리 삼청동에 2003년 개관하고 2020년 팔판동으로 이전했으며, 창의적인 예술 세계를 추구하는 젊은 작가들을 발굴하여 그들의 작품을 기획, 전시하고 있다. 2004년부터 세브란스 병원의 미술 부문을 자문하고 있으며, 이후에 세브란스 아트 스페이스(신촌 세브란스 병원 본관)의 전시도 기획하여 예술 치유와 새롭고 다양한 예술 체험의 기회를 제공하고 있다. 또한 국내외 유명한 아트페어에 참가해 젊은 작가들의 예술 세계를 소개 및 전시하고 있다. 국공립미술관 및 사립 미술관의 설립과 예술품 소장, 미술관 건축, 그리고 작품 설치 등 다양한 문화예술 행사도 기획하고 자문하고 있다.","<a href=""http://www.iartpark.com/"" target=""_blank"" title=""새창 : 아트파크 홈페이지로 이동"">http://www.iartpark.com</a><br>* <a href=""https://www.instagram.com/iartpark/"" target=""_blank"" title=""새창: 공식로 이동"">https://www.instagram.com/iartpark/</a>",11:00~18:00,매주 월요일,,
2611626,14,양천구 갈산도서관,서울특별시 양천구 목동남로4길 48-6,,19,126.8673577758,37.5088978449,,http://tong.visitkorea.or.kr/cms/resource/09/2611609_image2_1.bmp,Type3,VE,VE09,VE090300,"갈산도서관은 신정7동 주민들의 문화 쉼터 공간으로서 양질의 도서와 다양한 문화프로그램 제공을 통해 지역 주민들의 독서 흥미를 유발하고 올바른 독서 습관 형성에 기여할 수 있는 양천구 중심 도서관이다. 다양한 도서와 자료를 보유하고 있어 학습과 독서에 적합한 환경을 제공한다. 최신 정보와 자료를 찾을 수 있는 시설과 편안한 열람 공간을 갖추고 있다. 또한, 어린이와 청소년을 위한 프로그램이 다양하게 운영되어 가족 단위 방문객에게 인기가 많다. 누구나 쉽게 접근할 수 있는 도서관으로, 지식과 정보를 나누는 중요한 역할을 한다.","<a href=""https://lib.yangcheon.or.kr/libgalsan/"" target=""_blank"" title=""새창: 양천구 갈산도서관 홈페이지로 이동"">https://lib.yangcheon.or.kr/libgalsan/</a>","[종합자료실]<br>
- 평일 09:00~22:00<br>
- 주말 09:00~18:00<br>
[어린이자료실]<br>
- 평일 09:00~18:00<br>
- 주말 09:00~18:00",매주 월요일 / 법정공휴일,무료,
2612093,14,양천구 역사홍보관,서울특별시 양천구 목동동로 81 (신정동),1층,19,126.8638773374,37.5160302875,,http://tong.visitkorea.or.kr/cms/resource/86/3384686_image2_1.JPG,Type3,VE,VE07,VE070300,"양천구 역사홍보관은 해누리타운 1층에 위치해 있다. 이곳은 양천구의 역사 변천과정을 시간적 흐름에 따라 시각적으로 구현해 아이들부터 학생, 어르신에 이르기까지 양천구의 역사를 한눈에 쉽게 알 수 있도록 했다. 양천구의 연혁이 한눈에 보기 쉽게 정리되어 있으며, 기록과 역사를 담아내고 있다. 양천구에 대해 깊이 알고 싶다면 역사홍보관 방문하는 것을 추천한다.",,"- 평일 06:30~23:00<br>
- 토요일 08:00~19:00<br>
- 일요일 및 공휴일 08:00~18:30",연중무휴,무료,
2616589,14,양천구 영어특성화도서관,서울특별시 양천구 목동동로 81 (신정동),,19,126.8638773374,37.5160302875,,http://tong.visitkorea.or.kr/cms/resource/82/2612082_image2_1.bmp,Type3,VE,VE09,VE090300,"양천구 해누리타운 7층에 위치한 영어특성화도서관은 기존에 있던 어린이영어도서관 및 영어체험센터를 새롭게 리모델링한 공간이다. 도서관에는 도서 5만여 권이 비치되어 있으며, 이중 19,500권이 영어 관련 서적으로 유아들이 읽기 쉬운 동화책부터 성인들이 볼 수 있는 영어 원서까지 다양한 주제의 서적들을 구비했다. 특히 비치된 도서 19,500여 권 중 2,530권이 지역 주민, 기업, 종교단체로부터 기증된 책이다. 서가 외의 공간은 어린이영어자료실, 어학실 2개, 프로그램실 2개, 스토리텔링룸, 해외자매결연도시 자료실 등으로 알차게 구성하여 아이들을 위한 영어교육 공간이자 지식충전공간으로 자리매김하고 있다.","<a href=""https://lib.yangcheon.or.kr/libeng/"" target=""_blank"" title=""새창: 영어특성화도서관 홈페이지로 이동"">https://lib.yangcheon.or.kr/libeng/</a>","- 평일 09:00~22:00<br>
- 주말 09:00~18:00",매주 일요일 / 법정공휴일,무료,
130215,14,양천문화원,서울특별시 양천구 목동남로 106 (신정동),,19,126.8702130163,37.5108560020,,http://tong.visitkorea.or.kr/cms/resource/58/3396358_image2_1.JPG,Type3,VE,VE09,VE090100,"양천문화원은 양천에 거주하는 문화예술인, 교육인, 향토사학자, 기업인 등 각계각층의 뜻을 모아 지역사회 개발과 문화진흥을 목적으로 1997년 2월 28일 설립되었다. 순수 민간인으로 구성된 특수법인단체로서 지역문화의 보존과 창출, 그리고 구민 삶의 질 향상을 위해 활동하고 있다. 구민들의 문화, 예술에 관한 지각, 기능 및 감상 능력의 습득과 건전한 정서의 함양, 심신수련, 교양증진 등을 목표로 문화적인 삶의 질을 높여 나가고자 강좌를 개설하고 운영하고 있다. 또한, 양천문예제전, 정월대보름 민속축제 등 지역 축제 및 다양한 행사를 개최하고 있으며, 예술인 발굴과 지원 사업 등을 진행하고 있다.","<a href=""https://yangcheonculture.tistory.com/"" target=""_blank"" title=""새창 : 양천문화원 공식 홈페이지로 이동"">https://yangcheonculture.tistory.com/</a>",09:00~21:30,매주 일요일 / 법정 공휴일,강좌마다 상이,
1113537,14,양천문화회관,서울특별시 양천구 목동서로 367,,19,126.8633162653,37.5164580059,,http://tong.visitkorea.or.kr/cms/resource/54/3432554_image2_1.jpg,Type3,VE,VE06,VE060100,"양천문화재단에서 운영하고 있는 양천문화회관은 지역 주민들을 위한 문화예술 공간으로, 양천구 문화의 중심지로 자리매김해 왔다. 다양한 공연과 전시, 문화 프로그램을 통해 주민들에게 예술적 영감을 주고 있다. 현대적인 시설과 우수한 음향, 조명 장비를 갖추고 있어 다양한 장르의 공연을 소화할 수 있다. 수준 높은 공연, 축제, 전시를 개발하여 양천구 문화의 새로운 가능성을 발견하고, 지역문화진흥과 구민문화 향유의 구심점이 되고자 한다.","<a href=""https://yfac.kr/main/contents.do?idx=2596"" target=""_blank"" title=""새창 : 양천문화재단으로 이동"">https://yfac.kr</a>","- 평일 08:00~22:00<br>
- 주말 및 공휴일 09:00~22:00",연중무휴,시설 별로 상이함,
1413224,14,양화진홀 전시관,서울특별시 마포구 양화진길 46,,13,126.9116998990,37.5464776030,,http://tong.visitkorea.or.kr/cms/resource/21/3565321_image2_1.jpg,Type1,VE,VE07,VE070300,"양화진외국인선교사묘원 내부에 위치한 양화진홀은 한국의 복음화를 위해 목숨까지 바쳤던 선교사들의 신앙과 고귀한 삶을 기리고 조명하는 공간이다. 당시 선교사들이 어떤 사람들이었으며 왜 조선을 찾았는지, 하나님께서는 그들을 조선으로 이끌기 위해 어떻게 섭리하셨는지, 그리고 그들은 조선에 들어와 어떤 활동을 하였는지 살펴볼 수 있는 자료들이 주제별로 전시되어 있다. 양화진홀 전시관 관람 시 꼭 문의전화 후 방문하기를 추천한다.","<a href=""http://www.yanghwajin.net/"" target=""_blank"" title=""새창 : 양화진외국인선교사묘원 홈페이지로 이동"">http://www.yanghwajin.net</a>",10:00~15:30,매주 일요일,무료,
3449373,14,어깨동무도서관,서울특별시 마포구 월드컵로 386 (상암동),,13,126.8863069637,37.5750349409,,http://tong.visitkorea.or.kr/cms/resource/70/3449270_image2_1.jpg,Type1,VE,VE09,VE090300,"어린이 전문 도서관으로, 박정희대통령기념관 내에 자리하고 있다. 다양한 어린이 도서와 독서 공간을 제공하며, 아이들이 책과 친해질 수 있는 환경을 조성하고 있다. 책과 놀이를 통해 어린이들이 즐거운 시간을 보낼 수 있는 공간으로, 가족 단위 방문객들에게 좋은 평가를 받고 있다.",http://library.presidentparkchunghee.org/,,,,
130637,14,어반아트,서울특별시 용산구 소월로44길 7 어반아트,,21,126.9927953989,37.5424878528,,http://tong.visitkorea.or.kr/cms/resource/24/3542624_image2_1.jpg,Type1,VE,VE07,VE070600,"어반아트는 1995년부터 국내외 영향력 있는 현대미술 작가와 작품을 소개해 온 화랑이다. 일찍이 미술 시장의 특화를 모색하며, 현대미술 전문 컨설팅 기획사로 출범하여 다양한 경력으로 탄탄한 기초를 쌓아왔다. 이러한 노하우를 통해 1999년에는 세계적 경매회사인 소더비스의 공식 미술품 전문 딜러의 자격으로 활동하였다. 또한, 국제 미술 시장에서 경쟁력 있는 국내외 현대 미술 작가들의 전시회 개최와 더불어 바젤, 마이애미 등의 해외 주요 아트페어 참여를 통해 우리나라의 실력 있는 작가들을 소개하는 등 국제적으로도 적극적으로 활동하고 있다.
어반아트는 이제 단순한 갤러리의 역할 뿐만 아니라, 미술 사업의 영역을 한 차원 확대하여 2003년부터는 외국의 우수한 조경물 공급사업과 함께 새롭게 환경 조형 미술 분야 연구와 디자인을 위한 대중적인 스튜디오를 운영하고 있다.","<a href=""http://www.urbanart4u.com"" target=""_blank"" title=""새창 : 어반아트 홈페이지로 이동"">http://www.urbanart4u.com</a>",11:00~18:00,매주 일요일 / 월요일,전시마다 상이,
3080501,14,에스파스 루이비통 서울,서울특별시 강남구 압구정로 454 (청담동),루이비통 메종 서울 4층,1,127.0462410086,37.5256657669,,http://tong.visitkorea.or.kr/cms/resource/88/3080488_image2_1.JPG,Type3,VE,VE07,VE070600,"에스파스 루이비통 서울(Espace Louis Vuitton Seoul)은 다양한 예술품들을 전시하는 도심 속의 미술관으로, 도쿄, 뮌헨, 베네치아, 베이징, 오사카에 이어 서울에 위치한 루이비통 재단 미술관(Fondation Louis Vuitton)이다. 소장품들에 대한 국제적인 접근성을 높여 대중에게 관람 기회를 제공하고자 하는 재단의 목표하에 세워졌다. 게르하르트 리히터, 앤디 워홀 등 다양한 예술가들에 대한 특별전을 진행한다.",,,,,
2745602,14,에스팩토리,서울특별시 성동구 연무장15길 11 (성수동2가),,16,127.0594809973,37.5423085165,,http://tong.visitkorea.or.kr/cms/resource/68/3584568_image2_1.jpg,Type1,VE,VE07,VE070300,"에스팩토리는 1980년대부터 이어온 공장지대와 젊은 예술가들의 개성 강한 공간들이 멋스럽게 어우러진 성수동은 서울의 새로운 명소가 되었다. 이곳은 2014년 ‘도시재생 시범구역’으로 선정된 후 수제화 거리와 공장지대로 젊은 문화예술인들이 모여들기 시작했고, 젊은 문화예술인들이 운영하는 작은 카페, 레스토랑, 공방은 성수동의 새로운 풍경이 형성되었다. 현재 스튜디오, 오피스, 레스토랑, 카페, 팝업 스토어 등이 한 곳에 모여 있으며, 대관, 공연, 전시 등 다양한 문화 행사가 펼쳐지고 있다.","<a href=""http://www.sfactory.co.kr/"" target=""_blank"" title=""새창 : 에스팩토리 홈페이지로 이동"">http://www.sfactory.co.kr/</a>","10:00~22:00 <br>
※ 점포 별로 상이함",연중무휴<br> ※ 점포 별로 상이함,,
3423015,14,역삼도서관,서울특별시 강남구 역삼로7길 16 (역삼동),,1,127.0332430485,37.4953968261,,http://tong.visitkorea.or.kr/cms/resource/90/3457790_image2_1.JPG,Type1,VE,VE09,VE090300,"역삼도서관은 서울특별시 강남구 역삼동에 위치한 공공도서관으로, 지역 주민들에게 다양한 독서와 문화 활동의 기회를 제공하는 공간이다. 이 도서관은 편리한 교통 접근성과 다양한 자료를 갖추고 있어 학생, 직장인, 가족 등 다양한 방문객들이 이용할 수 있다. 역삼도서관은 책 대출뿐만 아니라 전문 자료와 디지털 자료도 제공하며, 자기계발과 학습을 지원하는 프로그램들을 운영하고 있다.
도서관 내부에는 조용한 독서 공간, 어린이 코너, 컴퓨터실, 멀티미디어 자료실 등 다양한 시설이 마련되어 있어 방문객들이 편안하게 공부하거나 문화 활동을 즐길 수 있다. 또한, 도서관에서는 강연이나 문화 행사, 독서 모임 등 다양한 문화 프로그램을 진행해 지역사회의 문화적 성장과 소통을 도모하고 있다.",https://library.gangnam.go.kr/yslib,,연중무휴,,
130378,14,영등포문화원,서울특별시 영등포구 신길로 275 (영등포동),,20,126.9122840318,37.5162061316,,http://tong.visitkorea.or.kr/cms/resource/31/3399431_image2_1.JPG,Type3,VE,VE09,VE090100,1999년 8월 7일 개원한 영등포문화원은 영등포 지역의 향토문화 자원을 발굴 보존하고 영등포 지역의 특색 있는 문화를 보존하고 계승하는 곳이다. 문화행사와 더불어 평생학습의 장으로 108개의 강좌와 75명의 강사로 문화학교를 운영하고 있다. 지역주민들의 문화향수 충족과 정서함양을 위한 다양한 프로그램을 운영함으로써 향토문화와 평생교육의 정착을 위하고 있다.,"<a href=""http://www.ydpcc.co.kr/"" target=""_blank"" title=""새창 : 영등포문화원 공식 홈페이지로 이동"">http://www.ydpcc.co.kr</a>","- 월요일 / 목요일~금요일 09:00~18:00<br>
- 화요일~수요일 09:00~20:50<br>
- 토요일 09:00~15:00",매주 일요일 / 법정공휴일,강좌 별로 상이함,
1188653,14,예림당아트홀,서울특별시 강남구 언주로 337 (역삼동),,1,127.0443725181,37.4979911693,,http://tong.visitkorea.or.kr/cms/resource/67/3413867_image2_1.jpg,Type3,VE,VE06,VE060100,예림당아트홀은 어린이를 대상으로 한 문화 공간으로 엔씨컴퍼니와 함께 2018년 7월 예림당아트홀로 재개관하였다. 이 공간은 어린이들의 상상력을 키우기 위한 상상놀이터로서 설립되었으며 아이들에게는 꿈을 심어주고 부모님에게는 추억을 떠올리게 하는 다양한 문화 콘텐츠로 가득 차 있다. 특히 아이들의 눈높이에 맞춘 공연과 문화행사를 통해 어린이를 우선으로 생각하는 대한민국 대표 문화공간으로 자리매김하고 있다. 이 공간은 439석 규모의 중극장으로 구성되어 있으며 객석은 1층과 2층으로 나뉘어져 있다. 1층은 VIP석과 S석으로 나뉘어져 있어 배우들과 가까운 거리에서 공연을 즐길 수 있으며 또한 공연 중간에는 깜짝 놀이도 즐길 수 있는 특별한 경험을 제공한다. 반면에 2층은 전석 A석으로 구성되어 있어 1층에 비해 저렴한 가격으로 즐길 수 있고 무대 전체를 한눈에 볼 수 있는 장점이 있다. 어린이들의 감수성을 키우기 위해 무대와 좌석을 어린이의 눈높이에 맞추어 설계하였다. 이를 통해 어린이에게는 꿈을 선사하고 어른들에게는 휴식을 제공하는 자유로운 공간으로 자리 잡고 있다.,"<a href=""http://www.amculture.co.kr"" target=""_blank"" title=""새창 : AM culture 홈페이지로 이동"">http://www.amculture.co.kr</a>",10:00~18:00,매주 월요일,공연 별로 상이함,
2739475,14,예술가의집,서울특별시 종로구 동숭길 3 (동숭동),,23,127.0025212349,37.5797531420,,http://tong.visitkorea.or.kr/cms/resource/23/3428523_image2_1.jpg,Type3,VE,VE06,VE060100,"예술가의 창작을 지원하고 예술가와 예술가, 예술가와 시민과의 소통을 지원하는 매개형 열린 공간이다. 예술가의 집은 일제강점기에 경성제국대학 본관으로 사용됐던 건물로 사적 278호로 지정되었으며 설계는 우리 건축계의 선구자인 박길룡(1898~1943)이 하였다. 한국문화예술위원회의 청사로 사용되다가 2010년 12월 예술가의 집으로 바뀌었다. 현재 1층은 청년예술가를 위한 아르코영아티스트랩, 2층은 누구나 와서 쉴 수 있고 드립커피 체험을 할 수 있는 예술가의집 라운지, 3층은 예술 창작을 위한 대관공간으로 이루어져 있다.","<a href=""https://www.arko.or.kr/arthouse/"" target=""_blank"" title=""새창 : 한국문화예술위원회 홈페이지로 이동"">https://www.arko.or.kr/arthouse</a>",10:00~20:00,매주 일요일 / 법정공휴일,행사 별로 상이함,
129747,14,예술의전당,서울특별시 서초구 남부순환로 2406 (서초동),,15,127.0134702692,37.4804843130,,,,VE,VE06,VE060100,"예술의전당은 세계적인 시설을 갖춘 한국 최고의 복합문화예술공간이다. 오페라, 연극, 무용, 뮤지컬 등의 장르의 공연을 올릴 수 있는 극장을 보유한 오페라 하우스부터 클래식 음악 연주 전용홀을 보유한 음악당, 총 6개의 전시실을 갖춘 한가람미술관, 세계 유일의 서예 전용 전시장인 서울서예박물관, 그리고 문화예술과 관련된 자료를 가장 많이 접할 수 있는 예술자료원이 있는 한가람디자인미술관까지 총 5개의 건물이 모여 우면산 아래에 자리 잡고 있다.
예술의전당 바로 옆에는 별도의 기관인 국립국악원과 한국예술종합학교가 있으며, 예술의전당 각 공간 내에는 국립발레단, 국립오페라단, 국립합창단, 서울예술단, 한국영상자료원, 문예진흥원, 서울심포니 등이 입주해 있다.","<a href=""http://www.sac.or.kr/"" target=""_blank"" title=""새창 : 예술의전당 홈페이지로 이동"">http://www.sac.or.kr</a>",공연 별로 상이함,공연 별로 상이함,공연 별로 상이함,
130156,14,외교사료관,서울특별시 서초구 남부순환로 2572 (서초동),,15,127.0312796697,37.4836759292,,http://tong.visitkorea.or.kr/cms/resource/21/3540521_image2_1.jpg,Type1,VE,VE07,VE070100,"외교사료관은 외교기록 관리정책을 수립하고 외교 분야 기록물을 보존·관리하는 외교부 특수기록관으로, 공개 외교기록물 열람 및 대국민 외교활동 홍보를 위해 외교문서열람실, 외교사전시실, 외교체험실, 기획전시실을 운영하고 있다. 외교사전시실에서는 1876년 개항 이후 현재까지의 외교 관련 주요 조약·문서·사진·기념품 등을 시대별로 전시하고 있으며, 외교체험실에서는 어린이·청소년들이 외교활동에 조금 더 친근하게 다가갈 수 있도록 국제회의 연설장 모형, 외교퀴즈, 외교장관 사진촬영 등 다양한 체험코너를 제공하고 있다. 또한 기획전시실에서는 외교를 주제로 한 특별전시를 정기적으로 개최한다. 평일 오전과 오후 각 2회 비영리 학급단체를 대상으로 한 견학 프로그램을 운영 중이며, 토요일에는 어린이와 청소년을 위한 외교관학교도 운영한다.","<a href=""http://diplomaticarchives.mofa.go.kr/"" target=""_blank"" title=""새창 : 외교사료관 홈페이지로 이동"">http://diplomaticarchives.mofa.go.kr</a>","[외교사전시실 / 외교체험실 / 기획전시실]<br>
- 월요일~금요일 09:30~17:00<br>
- 점심시간 12:00~13:00<br>
- 오전 입장마감 11:00<br>
- 오후 입장마감 16:00<br>
※ 외교사료관 입장 시 본인 확인을 위해 신분증 제시 필수(성인만 해당)<br>
※ 부처일정 및 여건에 따라 변동될 수 있음<br>
[외교문서열람실]<br>
월요일~금요일 09:30~17:00 (점심시간 12:00~13:00)",[외교사전시실 / 외교체험실 / 기획전시실]<br>프로그램이 없는 토요일~일요일 / 법정공휴일<br>[외교문서열람실]<br>매주 토요일~일요일 / 법정공휴일,무료,
130372,14,용산문화원,서울특별시 용산구 효창원로8길 28,(원효로4가),21,126.9521854653,37.5334548409,,http://tong.visitkorea.or.kr/cms/resource/87/3476987_image2_1.JPG,Type3,VE,VE09,VE090100,"용산문화원은 용산구민을 위한 문화행사, 문화자원 발굴, 예술교육 등 다양한 문화사업에 힘쓰는 문화예술 전문기관이다. 또한 지방문화원진흥법에 의거 1997년 서울특별시장의 설립 인가를 받아 문화관광부, 서울특별시, 용산구의 지원으로 운영되고 있는 비영리법인이다. 청소년 사생대회, 우수가족 영화 무료 상영, 용산 가족 백일장, 문화유적지 탐방, 용산 예술인 초대전, 용산 문화 가족 축제, 수강생 작품 전시회, 향토사료편람 발간, 용산문화발간 등의 문화사업과 성인 및 어린이를 대상으로 하는 다양한 문화강좌를 통하여 용산지역 문화 발전에 이바지하며 시민들의 문화향유 기회를 제공하고 있다.","<a href=""http://yongsan.kccf.or.kr/"" target=""_blank"" title=""새창 : 용산문화원 홈페이지로 이동"">http://yongsan.kccf.or.kr</a>",09:00~18:00,매주 토요일~일요일 / 법정공휴일,,
2372228,14,우리옛돌박물관,서울특별시 성북구 대사관로13길 66 (성북동),,17,126.9901495387,37.6009504556,,http://tong.visitkorea.or.kr/cms/resource/15/3503215_image2_1.jpg,Type3,VE,VE07,VE070100,"우리옛돌박물관은 전통과 현대가 공존하는 소통의 공간이다. 국내외에 흩어져 있던 한국 석조 유물을 한자리에 모아 설립한 석조 전문 박물관으로, 일본에서 환수한 유물을 포함해 문인석, 장군석, 동자석, 벅수, 석탑, 불상 등 다양한 석조 조각을 전시하고 있다. 석조 유물 뿐만 아니라 국내외 신진 작가들의 회화, 조각, 미디어 아트, 몰입형 체험 전시 등 현대 예술 작품도 함께 소개함으로써 다채로운 문화적 경험을 제공한다. 전통적으로 사찰의 장식물이나 묘제석물로 인식되어 온 옛 돌조각들을 단순한 조형물이 아닌, 선조들의 삶의 철학과 지혜가 담긴 문화유산으로 바라보고, 이를 동시대의 시선으로 재조명하는 데 중심을 두고 있다.","<a href=""http://www.koreanstonemuseum.com/"" target=""_blank"" title=""새창 : 우리옛돌박물관 공식 홈페이지로 이동"">http://www.koreanstonemuseum.com/</a>","[하절기(3월~11월)]<br>
- 평일 10:00~17:00 (입장 마감 16:00)<br>
- 주말 10:00~18:00 (입장 마감 17:00)<br>
[동절기(12월~2월)]<br>
- 10:00~17:00 (입장 마감 16:00)<br>
※ 박물관 사정에 따라 변동될 수 있으므로 홈페이지 참조","매주 월요일 (단, 월요일이 공휴일인 경우 다음날 휴관) / 1월 1일","[야외전시]<br>- 성인 3,000원<br>- 청소년 2,000원<br>- 어린이 1,000원<br>※ 실내 전시의 경우 전시에 따라 상이하므로 자세한 사항은 전화문의 요망",
2553390,14,우석뮤지엄,서울특별시 서대문구 신촌로 129 (창천동),5층,14,126.9403997739,37.5566186049,,http://tong.visitkorea.or.kr/cms/resource/84/3502784_image2_1.jpg,Type1,VE,VE07,VE070100,"우석뮤지엄은 전각가이자 서예가인 우석 최규명 선생(1919~1999)의 작고 15주기를 맞아 2014년 2월 우석의 서예작품을 만날 수 있는 갤러리충과 함께 개관하였다. 우석뮤지엄에는 우석선생의 전각작품 450 여과가 전시되고 있으며, 선생이 즐겨 쓰던 문방사우와 선생이 수집한 고미술품이 함께 전시되어 있다. 선생의 서예작품이 전시된 갤러리충에서는 1000여 점이 넘는 서예작품을 교체 전시하고 있으며, 다양한 기획전시를 통해 전각과 서예가 현대미술과 어떤 연관을 가지고 발전하고 있는지를 알리는 데 역할을 하고 있다.",,10:00~17:00,"매주 일요일, 월요일 / 법정공휴일",무료,
130259,14,위니아트(건국대학교 새천년관 대공연장),서울특별시 광진구 능동로 120 (화양동),새천년관 지하 2층,6,127.0717965616,37.5416615911,,http://tong.visitkorea.or.kr/cms/resource/92/3539992_image2_1.jpg,Type1,VE,VE06,VE060100,"위니아트는 ‘보다 많은 사람들에게 양질의 공연’을 이라는 정신으로 1997년 설립되었다. 국내에서는 처음으로 문화공간 운영을 시작하여 차별화 전역을 실천함으로써 양질의 공영 제공은 물론 가격과 서비스를 포함한 종합적인 고객만족을 구현해 나가고 있다. 국내 선진 공연문화의 정착과 그에 따른 올바른 사회적 역할에 부응하려 지난 10여 년간 최선의 노력을 경주하여 왔다. 독주에서 오케스트라까지 장르면에서 클래식과 대중음악을 막론하고 다양한 문화행사를 소화해 낼 수 있는 다목적 공연장이다. 또한, 완벽한 시설을 갖춘 회의장으로 국제회의 및 세미나 등으로 쓰이기에 손색이 없다.","<a href=""http://www.weneart.com"" target=""_blank"" title=""새창 : 위니아트 홈페이지로 이동"">http://www.weneart.com</a>",공연 및 전시 별로 상이함,공연 및 전시 별로 상이함,공연 및 전시 별로 상이함,
130306,14,유 아트 스페이스,서울특별시 강남구 압구정로71길 10 (청담동),2층,1,127.0458771023,37.5274349990,,http://tong.visitkorea.or.kr/cms/resource/90/3438890_image2_1.png,Type3,VE,VE07,VE070600,아트스페이스는 현대미술 (Modern & Contemporary Art) 작가들의 작품들을 선별 전시하고 판매하는 갤러리다. 갤러리에서 전시하는 작가들의 주요 자료를 제공하며 합리적이고 투명한 가격공개 및 거래 시스템의 운영을 통하여 미술시장의 건전한 발전을 도모한다.,"<a href=""http://uartspace.com/"" target=""_blank"" title=""새창 : 유 아트 스페이스 홈페이지로 이동"">http://uartspace.com</a>",화요일~토요일 12:00~19:00,매주 일요일~월요일 / 공휴일,,
2554142,14,유금와당박물관,서울특별시 종로구 창의문로11가길 4 (부암동),,23,126.9626772472,37.5937674640,,http://tong.visitkorea.or.kr/cms/resource/81/3384781_image2_1.JPG,Type3,VE,VE07,VE070100,"유금와당박물관은 동아시아 와당과 전돌 그리고 중국 도용, 그 외에 각종 도·토기류를 소장하고 있다. 2개의 전시실을 운영하고 있으며, 동전시실은 상설전시실로 한국와당을 시대별로 감상할 수 있다. 서전시실은 기획전시실로 매년 1회 와당과 도용의 시대별, 테마별 다양한 주제로 전시를 개최하고 있다. 또한 와당과 도용 연계 교육프로그램이 운영되고 있어 동아시아 역사를 재미있게 배우고 경험할 수 있는 공간이다.","<a href=""http://yoogeum.org/"" target=""_blank"" title=""새창 : 유금와당박물관 공식 홈페이지로 이동"">http://yoogeum.org/</a>","화요일~토요일 14:00~17:00<br>
※ 단체교육이 진행 중인 경우 관람에 제한이 있음",매주 일요일~월요일 / 공휴일,"일반요금 5,000원<br>※ 무료 : 소외계층 / 미취학 아동 / 유금와당박물관 회원(학술, 예술, 기부) / 매월 마지막 주 수요일 ‘문화가 있는 날’",
3080775,14,유니플렉스,서울특별시 종로구 대학로12길 64 (동숭동),,23,127.0036322023,37.5812502100,,http://tong.visitkorea.or.kr/cms/resource/71/3080771_image2_1.JPG,Type3,VE,VE06,VE060100,"유니플렉스는 동숭동 복합공연장으로 다양한 문화예술의 진흥과 대중의 문화향수 촉진을 위해 개관하였다. 대중과 문화예술간의 거리를 보다 가까이 하고 일상화하기 위해 지상 6층, 지하 5층 규모로 3개의 대,중,소공연장을 갖추고 있어 한 곳에서 3개의 공연을 동시에 할 수 있다. 지하 1층~지하 4층 1관은 약 600석, 지상 2층~3층 2관은 약 300석, 지상 4층은 약 200석, 운영사무실은 지상 5층으로 건물 전체를 사용하고 있다.
대중에게 최적화된 시설과 우수한 공연의 품질을 제공하기 위해 국내외 각 분야의 자문 감독을 선임하여 의견을 받고, 공연예술의 각 분야에서 풍부한 경험을 갖춘 무대 전문인들을 배치하여 운영한다.","<a href=""http://www.uniplex.co.kr/"" target=""_blank"" title=""새창 : 홈페이지로 이동"">http://www.uniplex.co.kr/</a>",공연별 상이,공연별 상이,공연별 상이,
130424,14,유엠갤러리,서울특별시 강남구 도산대로25길 35 (신사동),,1,127.0262818223,37.5218602947,,http://tong.visitkorea.or.kr/cms/resource/02/3565302_image2_1.jpg,Type1,VE,VE07,VE070600,"현재 신사동 가로수길에 있는 유엠갤러리는 1990년 8월 청주의 무심갤러리와 함께 개관되었다. 유엠갤러리는 현대미술 소통의 공간으로 회화, 조각, 판화, 설치 등 현대미술을 중심으로 역량 있는 작가들을 초대하여 기획전을 열고 있다. 또한, 실험적이고 주목할 만한 실력 있는 젊은 작가를 발굴하여 작가들이 자유로운 창작 활동을 할 수 있도록 공간을 제공하고 있다. 90년대 단색화를 시작으로 현재는 개념 미술작가 작품을 전시하며 미술사 중심 작가들로 전시를 채워나가는 전문 갤러리로 자리 잡고 있으며, 또한 장래성 있는 신진작가 발굴에도 힘쓰고 있다. 서울과 청주 두 지역의 갤러리를 운영하므로 지방과 서울을 연계하며 미술시장의 확장을 꾀하고 나아가 해외 아트페어를 통해 세계 미술시장으로의 진입을 목표로 하고 있다.","<a href=""http://www.umgallery.co.kr/"" target=""_blank"" title=""새창 : UM 갤러리 홈페이지로 이동"">http://www.umgallery.co.kr</a>",11:00~19:00,매주 일요일 / 법정공휴일,무료,
2739477,14,윤동주문학관,서울특별시 종로구 창의문로 119,(청운동),23,126.9671657723,37.5921816175,,http://tong.visitkorea.or.kr/cms/resource/15/3302915_image2_1.jpg,Type3,VE,VE07,VE070200,"시인 윤동주는 연희전문학교 문과 재학시절, 종로구 누상동에 있는 소설가 김송(金松, 1909~1988)의 집에서 문우(文友) 정병욱과 함께 하숙생활을 하면서 종종 인왕산에 올라 자연 속에서 시정(詩情)을 다듬었다고 전해진다. <별 헤는 밤>, <자화상>, <또 다른 고향> 등 시인의 대표작들이 이 시기에 만들어졌다. 
윤동주문학관은 한국인이 사랑하는 민족 저항 시인 윤동주의 발자취와 세상을 향한 그의 시선을 기억하고자 2012년 세워졌다. 인왕산 자락에 버려져 있던 청운수도가압장과 물탱크를 의미 있게 리모델링한 곳이다. 2012년 대한민국 공공건축상, 2014년 서울시 건축상을 수상하고, 2015년에는 현충시설로 지정되면서 공간의 가치와 더불어 그 의미도 주목받고 있다.","<a href=""https://www.jfac.or.kr/site/main/content/yoondj01"" target=""_blank"" title=""새창 : 종로문화재단 홈페이지로 이동"">https://www.jfac.or.kr/</a>","10:00~18:00(입장마감 17:30)<br>
※ 매일 30분간(13:30~14:00) 청소 및 소독 시간",매주 월요일 / 1월 1일 / 설·추석 당일,무료,
130374,14,은평문화원,서울특별시 은평구 수색로 282 (수색동),,22,126.8934477343,37.5836979503,,http://tong.visitkorea.or.kr/cms/resource/96/3476996_image2_1.JPG,Type3,VE,VE09,VE090100,"은평문화원은 은평 지역의 특색 있는 전통문화와 다양한 문화 사업으로 지역주민의 문화욕구를 충족시키고자 설립된 곳으로, 구민 모두가 쉽게 접하고 즐길 수 있는 문화의 장을 만들어 은평의 묻힌 역사를 새롭게 조명하여 문화의 가치를 높이고자 한다. 주관하는 문화행사로는 조선의 21대 왕 영조의 애민사상을 기리기 위한 금암문화예술제가 있다. 지역 초등학생들이 대상인 행사로, 지역 문화유산 탐방과 애민사상이 가지는 인간애에 대해 글로 표현해 보는 시간을 가질 수 있다. 은평문화원의 문화교실인 늘 푸른 강좌에서는 사진 교실, 초급영어, 민화, 수채화, 난타, 노래교실, 서예, 건강 태극권 등의 수업을 수강할 수 있다.","<a href=""http://eunpyeong.kccf.or.kr"" target=""_blank"" title=""새창 : 은평문화원 홈페이지로 이동"">http://eunpyeong.kccf.or.kr</a>",09:00~18:00 (휴게시간 12:00~13:00),매주 토요일~일요일,"- 생활여행영어 90,000원<br>- 초·중·고급 영어 90,000원<br>- 이상백시인과 인문학산책 150,000원<br>※ 자세한 사항은 홈페이지 참조",
2010617,14,응암정보도서관,서울특별시 은평구 가좌로 179 (응암동),2~3층,22,126.9206340476,37.5871091510,,http://tong.visitkorea.or.kr/cms/resource/44/3399744_image2_1.JPG,Type3,VE,VE09,VE090300,"응암정보도서관은 2009년 개관하여 은평구의 대표적 공공도서관이다. 도서관이 있던 기존 건물은 생활 SOC(사람들의 일상생활에 필요한 필수 시설)로 탈바꿈하기 위해 재건축에 들어갔다. 현재 상업건물 2~3층에 임시 이전하여 운영하하고 있다. 2층은 자료실과 전 연령을 위한 원서와 도서가 준비되어 있고, 3층에는 독서 토론 및 문화강좌를 위한 문화강좌실이 마련되어 있다. 다양한 문화행사도 진행하고 있는데, 지역주민의 지역적·문화적 특성을 고려한 프로그램으로 구성되어 있으며, 유익하고 다양한 문화체험을 경험할 수 있다.","<a href=""http://www.ealib.or.kr"" target=""_blank"" title=""새창 : 응암정보도서관 홈페이지로 이동"">http://www.ealib.or.kr</a>",09:00~18:00,매주 금요일 / 법정공휴일,무료,
129928,14,이목화랑,서울특별시 종로구 북촌로 94,,23,126.9854254170,37.5851855362,,http://tong.visitkorea.or.kr/cms/resource/87/3589687_image2_1.jpg,Type1,VE,VE07,VE070600,"이목화랑은 1976년 개관한 오랜 전통을 가진 미술 전시관이다. 내부에 들어가면 조용한 분위기 속에서 작품을 감상할 수 있으며, 전시 일정 기간과 작품 및 작가에 관한 정보가 홈페이지에 있어 미리 확인하고 갈 수 있다. 이곳은 저명한 예술가와 신진 예술가의 작품을 발견하여 지원하고 전시하며 예술가의 진흥을 위해 예술 작품을 판매한다. 오랜 전통이 있는 만큼 오랫동안 인연을 맺어오고 있는 원로작가의 전시를 초대전으로 진행하여 신구세대를 모두 아우를 수 있는 전시를 진행한다. 젊고 유능한 실력 있는 작가들의 양성을 위해서 아트페어와 미술제에도 적극적으로 참여하여 그들을 알리고 소식을 전하며 작가 양성에 노력하여 미술시장 발전을 위해 열정적으로 노력하고 있는 미술관이다.","<a href=""http://www.yeemockgallery.co.kr"" target=""_blank"" title=""새창 : 이목화랑 홈페이지로 이동"">http://www.yeemockgallery.co.kr</a>","- 평일 11:00~18:00<br>
- 주말 11:00~17:00<br>
※ 자세한 사항은 전화문의 요망",매주 월요일,무료,
231962,14,이스탄불문화원,서울특별시 서초구 반포대로 98 (서초동),2층 터키이스탄불문화원,15,127.0094759443,37.4891499025,,http://tong.visitkorea.or.kr/cms/resource/85/3476885_image2_1.JPG,Type3,VE,VE09,VE090200,"터키이스탄불문화원은 1998년 터키인에 의해 강남에 설립되었다. 한국과 터키 간의 상호이해를 증진시킬 목적 아래 터키 관련 도서, 영상자료 및 기타 문서의 열람, 터키 현지의 소식을 알리는 간행물을 전시하고 있다. 또한 문화적 교류의 촉진을 위한 업무를 비롯한 팰로쉽 등 학술적 교류사업, 터키어 강좌 운영, 한국과 터키 간의 관광 산업 육성을 위한 다양한 프로그램을 실시하고 있다. 터키 문화를 보다 쉽게 접할 수 있도록 원데이 클래스를 진행하는데 다양한 터키의 음식이나 공예품 만들기를 통해서 보다 쉽게 터키의 문화를 이해하고 접할 수 있도록 하고 있다. 터키이스탄불문화원은 수도권 지하철 서초역 2번 출구에서 약 290m 떨어진 곳에 위치하고 있다.","<a href=""https://blog.naver.com/koreatulip"" target=""_blank"" title=""새창 : 터키이스탄불문화원 블로그로 이동"">https://blog.naver.com/koreatulip</a>",10:00~17:00 (휴게시간 12:00~13:00),연중무휴,클래스 별로 상이함,
130961,14,이한열기념관,서울특별시 마포구 신촌로12나길 26,(노고산동),13,126.9338531935,37.5550242286,,http://tong.visitkorea.or.kr/cms/resource/06/3505706_image2_1.jpg,Type1,VE,VE07,VE070100,"이한열기념관은 이한열 열사의 유물이 보존·복원될 수 있도록 열사의 어머니가 국가로부터 받은 배상금과 시민 성금으로 2004년에 세워졌으며, 2014년 사립박물관으로 새롭게 개관한 곳이다. 이한열 열사의 유품을 비롯한 1987년 유월 항쟁의 기록을 보존하고, 연구하며, 전시를 통해 민주주의의 역사를 교육하는 박물관이다. 이한열 기념관에는 최병수 작가의 꿈 솟대가 옥상에 세워져 있으며 화단 담벼락에는 김야천 작가의 벽화가, 전시실 입구에는 이경복 작가의 모자이크 벽화가 관람객을 맞이한다. 전시장 3층과 4층을 이어주는 벽면에는 장례식 행렬을 이끌었던 영정 그림이 있으며, 4층 상설 전시장에는 그가 쓰러질 때 입었던 옷과 신발, 사진과 유품이 전시되어 있다. 또한 이한열 연혁, 정태원 기자(로이터 통신)가 포착한 피격 장면 사진, 중고등학교 시절 유품과 글, 유월 항쟁 기록물을 만나 볼 수 있다.","<a href=""http://www.leememorial.or.kr/?tpf=memorial/infor"" target=""_blank"" title=""새창 : 이한열 기념사업회 홈페이지로 이동"">http://www.leememorial.or.kr</a>",10:00~17:00,"매주 토요일, 일요일 / 법정공휴일",무료,
2762871,14,이화여고100주년기념관,서울특별시 중구 정동길 26,(정동),24,126.9713189165,37.5658819712,,http://tong.visitkorea.or.kr/cms/resource/47/3412247_image2_1.JPG,Type3,VE,VE07,VE070200,"이화여고 100주년 기념관은 1975년의 화재로 철거된 프라이홀 자리에 건립한 교육관으로 서울 중구 정동길 이화여고 동문 옆에 있다. 화재로 철거되기 전까지 프라이홀은 구 손탁호텔을 대신하여 기숙사와 실험실, 교실 등으로 활용되었다. 프라이홀의 복원을 위한 졸업생들의 오랜 노력 끝에 2004년 이화여고 100주년 기념관이 준공되었다. 지하 1층, 지상 5층의 멀티미디어 교육관으로 갤러리, 카페, 음악실, 개인연습실, 시청각실, 공동작업실, 교사연구실 등의 다양한 시설들을 갖추고 있다. 1층과 2층의 화암홀은 공연에 적합한 최신 시설과 장비를 갖추고 있어 뮤지컬, 콘서트 등 다채로운 공연과 교육 행사 장소로 이용되고 있다.",,※ 공연 및 행사 별 상이하므로 홈페이지 참고,※ 공연 및 행사 별 상이하므로 홈페이지 참고,※ 공연 및 행사 별 상이하므로 홈페이지 참고,
130949,14,이화여대 자연사박물관,서울특별시 서대문구 이화여대길 52,,14,126.9465962863,37.5617625629,,http://tong.visitkorea.or.kr/cms/resource/46/3305246_image2_1.jpg,Type3,VE,VE07,VE070100,"이화여자대학교 자연사박물관은 자연에 대한 학교교육과 사회교육에 이바지할 목적으로 1969년 11월 20일 국내 최초로 설립되었다. 자연사박물관은 동물, 식물, 광물, 암석, 화석의 다양한 표본들과 실제 자연생태계를 재현해 놓은 디오라마 전시, 살아있는 동물을 관찰할 수 있는 생태코너, 자연환경을 영상으로 접할 수 있는 영상시설 등의 최신 전시기법으로 전시하여 도심에서 자연을 쉽게 느낄 수 있는 자연사의 산 교육장이다. 
자연사에 관련된 순수 학술 연구와 동물, 식물과 광물·암석·화석을 채집, 보존, 전시, 연구하고 멸종 위기 생물 종의 조사와 천연기념물, 국제보호조, 특산·희귀종, 신종 등 희귀한 표본을 다수 소장 및 전시하고 있다. 귀중한 자연사 표본은 항온·항습 시설을 갖춘 최신 시설의 수장고에 보관하여 연구자료로 활용하고 있다. 또, 학생들을 위한 다양한 과학탐구실험과 자연관찰 프로그램인 자연사교실과 현장학습 교육프로그램과 특강을 운영하고 있다. 
전시는 식물, 곤충, 무척추동물, 척추동물, 지구과학 코너, 디오라마, 생태코너로 구성된 상설전시와 매년 분야별로 주제를 선정하여 개최하는 기획 전시로 이루어져 있다. 지금까지 다양한 기획전시와 특별전을 개최하여 자연사의 분야별 심층 전시를 실시해 왔다. 또한, 인터넷에 자연사박물관 홈페이지와 천연기념물, 멸종위기 및 보호대상종 웹 컨텐트 개발과 사이버 자연사박물관을 개관하여 박물관 자료의 정보 서비스화에도 앞서가고 있다.","<a href=""https://cms.ewha.ac.kr/user/indexMain.action?siteId=nhm"" target=""_blank"" title=""새창 : 이화여대 자연사박물관 홈페이지로 이동"">https://cms.ewha.ac.kr</a>",월요일~금요일 / 2·4주차 토요일 10:00~16:00,"1, 2, 7, 8월 토요일 / 1·3·5주차 토요일(3월~6월 / 9월~12월) / 매주 일요일 / 공휴일",무료,
130227,14,일민미술관,서울특별시 종로구 세종대로 152 (세종로),,23,126.9776737786,37.5699121725,,http://tong.visitkorea.or.kr/cms/resource/25/3412025_image2_1.JPG,Type3,VE,VE07,VE070600,"일민미술관은 대중적이고 동시대적인 현대미술품을 전시하는 미술관이다. 일민문화재단이 운영하는 미술관으로 평생을 언론과 문화진흥에 바친 일민 김상만 선생(전 동아일보 명예회장)의 유지를 기리기 위하여 설립하였다. 동아일보 옛 사옥에 자리 잡고 일민문화관으로 출발하여 1996년 일민미술관으로 등록하였으며, 전면적인 리노베이션을 거쳐 2002년 대형전시실과 일민컬렉션을 갖춘 현재의 모습으로 재개관하였다. 전시 공간은 1, 2, 3층에 3개의 전시실을 갖추고 있다. 부대시설로는 미술관 1층에 카페와 각종 아트상품과 출판 인쇄물을 구매할 수 있는 기둥 서점이 있다. 고려시대와 조선시대의 도자기와 서화, 근대기의 회화 등 일민컬렉션과 동아일보 위탁 소장품, 현대미술품을 소장하고 있다. 일민컬렉션은 일민선생이 생전에 수집한 도자기와 서화 등으로 단아하고 소박한 아름다움이 돋보이며, 동아일보 소장품은 동아일보와 신동아, 여성동아의 삽화 등으로 한 시대를 반영하는 중요한 자료이다.","<a href=""http://www.ilmin.org/"" target=""_blank"" title=""새창 : 일민미술관 홈페이지로 이동"">http://www.ilmin.org</a>",11:00~19:00,매주 월요일,"- 일반 9,000원<br>- 학생 7,000원",
130951,14,전기박물관,서울특별시 서초구 효령로72길 60 (서초동),,15,127.0280882379,37.4856423108,,http://tong.visitkorea.or.kr/cms/resource/11/3540611_image2_1.jpg,Type1,VE,VE07,VE070100,"한국전력은 1887년 경복궁에 처음으로 전기불이 켜진 이후 일제의 강점과 남북분단, 그리고 한국전쟁이라는 민족상잔의 아픔을 국민들과 함께 이겨내면서 오늘날 우리 사회의 중추적인 기간산업으로 자리하게 되었다. 20세기 격변하는 역사의 소용돌이 속에서도 꾸준히 성장을 거듭하여 국가경제 발전의 원동력이 되어온 한국전력은 국가경제와 고객에 대한 무한 책임과 전력문화 창달을 위하여 끊임없이 노력하고 있다.
한국전력은 지난 세기의 전기역사를 체계적으로 정리하여 보존하고 사람들에게 전기의 소중함과 근대 과학의 발전과정을 알려주기 위해 전기박물관을 건립했다. 전기박물관은 전력인의 혼이 담긴 소중한 전력문화유산을 후손에게 물려주고자 하는 전력인의 바람이다.","<a href=""https://www.kepco.co.kr/art/space/museum/museumList.do"" target=""_blank"" title=""새창 : 한전아트센터 홈페이지로 이동"">https://www.kepco.co.kr/art</a>",화요일~토요일 10:00~17:30,매주 일요일~월요일 / 법정공휴일,무료,
130431,14,전쟁기념관,서울특별시 용산구 이태원로 29,,21,126.9784385198,37.5373270838,,http://tong.visitkorea.or.kr/cms/resource/29/3465929_image2_1.JPG,Type3,VE,VE07,VE070200,"서울시 용산구 용산동에 호국전쟁의 실체를 보여주는 자료를 보존 전시하고 국민정신교육장으로 역할을 하며 조국을 위해 목숨을 바친 선열들의 숭고한 희생을 추모하고 그 업적을 기리기 위해 전쟁기념사업회에서 1994년 6월 10일 전쟁기념관을 세웠다. 전쟁기념관은 옥내전시와 옥외전시로 구분되어 있으며 3만 3천여 점의 소장유물 중 1만여 점을 전시하고 있다. 1만 900여 평의 옥내전시실은 호국추모실, 전쟁역사실, 6·25전쟁실, 해외파병실, 국군발전실, 대형장비실 등 6개 전시실로 구성되어 있으며 대형무기들이 전시되어 있는 옥외전시실이 있다. 3층 규모의 옥내전시실은 삼국시대로부터 현대까지 5천년 대한민국 전쟁사와 위국 헌신한 분들의 공로와 훈장 등이 실물·디오라마·복제품·기록화·영상 등의 다양한 전시기법에 따라 역동적이고 입체적으로 전시되어 있다.
특히 6·25전쟁실은 전쟁이 일어난 원인과 전쟁 경과 및 휴전에 이르기까지의 전 과정을 쉽고 올바르게 이해할 수 있도록 체험시설 등으로 구성되어 있다. 옥외전시장에는 세계 각국의 대형무기와 6·25전쟁 상징 조형물, 광개토대왕릉비, 형제의 상, 평화의 시계탑 등이 전시되어 있다. 제2차 세계대전, 6·25전쟁, 베트남전쟁 당시 사용되었던 장비를 전시하고 있는데, K-1전차를 비롯하여 곡사포, 미사일, 헬리콥터, 수송기 등이 전시되어 있다. 기념관 양측 회랑에는 국군 전사자와 유엔군 전사자 20여 만 명의 이름이 새겨진 전사자 명비가 있으며, 전쟁기념관을 대국민 호국문화의 장으로서도 큰 역할을 하고 있다. 어린이부터 일반인까지 다양한 계층을 대상으로 한 20여개의 교육프로그램을 운영함은 물론, 국군 군악·의장행사, 어린이날 문화축제, 현충일 그림그리기 대회, 6·25 호국문화행사 등 다양한 문화행사를 연간 개최하고 있어 기념관을 찾는 관람객들에게 새로운 볼거리를 제공하고 있다. 전쟁기념관의 캐릭터는 무돌이로, 나라를 지킨다는 뜻을 가진 철모와 평화를 상징하는 월계수잎이 특징적이다.","전쟁기념관 <a href=""http://www.warmemo.or.kr/"" target=""_blank"" title=""새창 : 전쟁기념관 홈페이지로 이동"">http://www.warmemo.or.kr</a> <br />
국가보훈처 현충시설 정보 서비스 <a href=""http://mfis.mpva.go.kr/"" target=""_blank"" title=""새창 : 국가보훈처 현충시설 정보 서비스 홈페이지로 이동"">http://mfis.mpva.go.kr/</a>",09:30~18:00 (입장마감 17:00),매주 월요일,무료,
2739478,14,전태일기념관,서울특별시 종로구 청계천로 105 (관수동),,23,126.9893144237,37.5685208763,,http://tong.visitkorea.or.kr/cms/resource/26/3412126_image2_1.JPG,Type3,VE,VE07,VE070200,"전태일기념관은 서울 종로구 청계천로에 위치한 곳으로 노동운동가 청년 전태일의 일대기를 담아 그를 기념하기 위해 설립한 기념 공간이다. 청년 전태일이 활동했고 분신 항거로 했던 장소가 청계천이다. 기념관의 내부는 3충에 상설전시실과 기획전시실이 있고, 2층은 공연장과 휴게 공간, 1층에는 시민전시장이 있다. 관람은 3층부터 차례대로 하면 된다. 전시를 통해 전태일의 삻을 살펴볼 수 있는데 당시 시대상이 느껴진다. 또한 이곳은 전시와 함께 노동 운동과 관련된 공연, 교육프프로그램 등을 진행한다.","<a href=""http://www.taeil.org"" target=""_blank"" title=""새창 : 전태일기념관 사이트로 이동"">http://www.taeil.org</a>","- 하절기 (3월~10월) 10:00~18:00 <br>
- 동절기 (11월~2월) 10:00~17:30",매주 월요일 / 1월 1일 / 설·추석 당일,,
2390748,14,전통주갤러리,서울특별시 종로구 북촌로 18,,23,126.9858672342,37.5784557709,,http://tong.visitkorea.or.kr/cms/resource/22/3400422_image2_1.JPG,Type3,VE,VE07,VE070300,"서울특별시 종로구 인사동에는 농림축산식품부와 문화체육관광부가 협력하여 만든, 전통주의 가치를 느낄 수 있는 전통주 갤러리가 있다. 우리 농산물로 빚은 우리의 전통주를 상시적으로 홍보하기 위해 마련된 공간으로, 소비자와 외국인이 손쉽게 얻기 어려운 전통주에 대한 다양한 정보를 제공하는 안내 창구의 역할을 하고 있다. 또한 지속적인 전통주의 수요 창출과 시장 확대를 위하여 외식기업 및 유통(판매) 전문가를 대상으로 전통주 교육과 비즈니스 상담을 지원하며, 국내외 언론과 파워블로거를 통해 우리의 전통주와 문화가 홍보되도록 적극적인 홍보활동도 펼치고 있다. 전통주 갤러리는 전통주 소믈리에 등 전통주에 특화된 전문가들이 운영을 하고 있으며, 매달 다른 주제를 가지고 다양한 전통주를 소개하고 시음하는 행사도 진행하고 있다.","전통주갤러리 : <a title=""새창 : 더술 홈페이지로 이동"" href=""https://thesool.com/front/contents/M000000074/view.do"" target=""_blank"">https://thesool.com/front/contents/M000000074/view.do</a><br>예약링크 : <a href=""https://booking.naver.com/booking/12/bizes/142806?area=bni"" title=""새창: 전통주갤러리 예약홈페이지로 이동"" target=""_blank"">https://booking.naver.com/booking/12/bizes/142806?area=bni</a>",10:00~19:00,,,
3076665,14,조은숙아트앤라이프스타일,서울특별시 강남구 압구정로80길 37 (청담동),,1,127.0435940627,37.5244297515,,,,VE,VE07,VE070600,"조은숙아트앤라이프스타일은 2008년 설립된 후 회화, 조각, 공예, 아트퍼니처 등의 현대 미술 작품을 전시하는 갤러리이다. 신기한 분위기의 인테리어 연출과 감각적인 생활 디자인을 제안하여 생활 도예와 아트퍼니처 등의 상설 전시관을 운영하고 있다. 또한, 감각적인 컵과 같은 도자기 작품들을 구매할 수 있으며, 실생활에 사용할 수 있는 작품들을 확인해 볼 수 있다. 조은숙아트앤라이프스타일은 수도권 지하철 압구정로데오역 3번 출구에서 약 500m 떨어진 곳에 위치해 있어 접근성이 좋다.","<a href=""http://www.choeunsookgallery.com/"" target=""_blank"" title=""새창 : 홈페이지로 이동"">http://www.choeunsookgallery.com/</a>",10:00~19:00,매주 일요일,무료,
129907,14,조형갤러리,서울특별시 종로구 인사동5길 29 (인사동),지하 1층,23,126.9848563969,37.5720398320,,http://tong.visitkorea.or.kr/cms/resource/33/3540833_image2_1.jpg,Type1,VE,VE07,VE070600,"1990년 관훈동에서 개관 이후 2002년 인사동 태화빌딩에 더 넓은 공간으로 확장 이전하여 회화제 및 인사포험과 역량 있는 작가의 기획전시와 대관 전시를 통해 여러 분야의 미술을 소개하고 있다. 갤러리 전시 공간의 주요 부분은 좌우 15m 정사각형 형태이고, 나머지 부분은 좌우 4m, 6m이며, 천장 높이는 3m로 구성되어 있다. 정사각형 구조와 높은 천장으로 이루어진 전시공간은 전시된 모든 작품이 한눈에 들어오는 시원한 구도이다. 또한 자신만의 독특한 전시 형태를 연출할 수 있는 대형 전시공간이다.","<a href=""http://www.chohyunggallery.com"" target=""_blank"" title=""새창 : 조형갤러리 홈페이지로 이동"">http://www.chohyunggallery.com</a>",10:30~18:30,연중무휴,무료,
719514,14,지식재산전문도서관,서울특별시 강남구 테헤란로 131 한국지식재산센터,3층,1,127.0329540519,37.5001351590,,http://tong.visitkorea.or.kr/cms/resource/08/3400808_image2_1.JPG,Type3,VE,VE09,VE090300,"한국지식재산연구원 지식재산전문도서관은 세계 각국의 지식재산 정보 및 전문자료를 수집·제공함으로써 지식재산분야의 학술연구기반 조성 및 정보교류의 허브 역할을 수행하고 있다. 국내외 지식재산 유관기관과의 정보교류를 통해 다양한 지식재산 정책정보 수집 및 협력 네트워크 구축에 노력하고 있으며, 지식재산분야 고가·희귀 자료 및 온라인 DB, E-Journal 등 전문자료를 수집·제공하고 있다. 특히, 2018년도에는 전국도서관 운영평가에서 전문도서관 부문 최우수상(문화체육부 장관상)을 수상하여 도서관 운영의 우수성 및 전문성을 인정받은 바 있다.","<a href=""https://lib.kiip.re.kr/main.do?action=main"" target=""_blank"" title=""새창 : 한국지식재산연구원 홈페이지로 이동"">https://lib.kiip.re.kr</a>",10:00~17:00 (점심시간 12:00~13:00),공휴일 / 대체휴무일 / 창립기념일 (12.9),무료,
129804,14,짚풀생활사박물관,서울특별시 종로구 성균관로4길 45 (명륜2가),,23,126.9998574414,37.5849580441,,http://tong.visitkorea.or.kr/cms/resource/26/3540826_image2_1.jpg,Type1,VE,VE07,VE070100,"짚과 풀은 석기시대나 철기시대처럼 시대를 구분 짓는 명칭은 없지만, 인류와 가장 오랜 시간 함께해 온 보편적인 재료로서 식생활과 주생활 전반에 널리 사용되어 왔다. 이렇게 수천 년간 이어져 내려온 짚풀 문화는 1970년대 새마을운동과 산업화 정책의 영향으로 급격히 사라지게 되었다. 
짚풀생활사박물관은 조상들의 지혜가 담긴 짚풀 문화를 보존하고 그 활용 방안을 연구하며, 후손들에게 전승하기 위해 1993년에 설립된 사립박물관이다. 현재 박물관에는 짚풀 생활도구, 농기구, 조선시대 한옥문, 세계의 팽이, 민속자료뿐만 아니라 사진, 영상, 음성기록물 등 아카이브 자료를 포함하여 총 6만 3천여 점 이상의 유물이 소장되어 있다. 또한 매년 1회 이상의 기획전시를 통해 짚풀 문화를 현대적인 시각으로 재해석하며 관람객과의 지속적인 소통을 이어가고 있다.","<a href=""http://www.jipul.com/"" target=""_blank"" title=""새창: 짚풀생활사박물관 홈페이지로 이동"">http://www.jipul.com/</a>",10:00~17:00 (입장마감 16:00),매주 일요일~월요일 / 1월 1일 / 설·추석 연휴,"- 성인(20세 이상) 5,000원<br>- 아동·청소년(8세~19세) 4,000원<br>- 유아(36개월~7세) 3,000원",
1112029,14,창덕궁 소극장,서울특별시 종로구 창경궁로 227 (명륜4가),,23,126.9977743679,37.5824805174,,http://tong.visitkorea.or.kr/cms/resource/32/3572432_image2_1.jpg,Type3,VE,VE06,VE060100,"창덕궁 소극장은 한국음악의 활성화를 위해 지정된 문화특구인 국악로 창덕궁 바로 맞은편에 위치한 국악 전용 극장이다. 소극장이지만 아늑하고 편안한 분위기의 한국형 공연장으로, 매년 마당극, 실내악, 창극, 산조, 국악 발표, 콘서트 등 국악과 관련된 공연과 다채로운 공연이 펼쳐진다. 소극장의 공연을 통해 한국의 독창적이고 아름다운 문화를 보다 가깝고 편하게 느낄 수 있을 뿐만 아니라 색다른 예술을 경험할 수 있다.
인근에는 창경궁, 대학로 등과 인접해 있어 다양한 문화 관광이 가능하다.",,공연 별로 상이함,공연 별로 상이함,공연 별로 상이함,
2692866,14,청운문학도서관,서울특별시 종로구 자하문로36길 40 (청운동),,23,126.9659326010,37.5904317988,,http://tong.visitkorea.or.kr/cms/resource/37/3531837_image2_1.jpg,Type1,VE,VE09,VE090300,"청운문학도서관은 한옥의 고즈넉한 맛이 풍기는 문화특화 도서관이다. 독서와 사색, 휴식의 공간을 제공하고 주민을 위한 다양한 독서·문화예술프로그램을 운영하고 있다. 시, 소설, 수필 위주의 다양한 문학도서를 소장하고 있다. 또한 다양한 문화체험 프로그램을 진행하며 교육을 위한 장소로도 각광받고 있다. 건물은 인왕산의 경사 지형과 자연경관을 고려하여 설계되었다. 숭례문 복원에 사용된 지붕기와와 같은 방식으로 제작된 수제 기와를 사용하고, 돈의문 뉴타운 지역에서 철거된 한옥기와 3천여 장을 재사용한 의미 있는 건축물이다. 인근 윤동주문학관, 시인의 언덕 등과 함께 문학 인프라의 중심으로 다양한 연계 프로그램을 지원한다.","<a href=""https://www.jfac.or.kr/site/main/content/chungwoon01"" target=""_blank"" title=""새창 : 종로문화재단으로 이동"">https://www.jfac.or.kr</a>","- 평일 09:00~21:00<br>
- 주말 09:00~19:00",매주 월요일 / 1월 1일 / 설·추석 연휴,무료,
130263,14,초전섬유·퀼트박물관,서울특별시 중구 퇴계로18길 66 (남산동1가),,24,126.9842429564,37.5581803204,,http://tong.visitkorea.or.kr/cms/resource/51/3109351_image2_1.JPG,Type3,VE,VE07,VE070100,"초전섬유·퀼트박물관은 1998년 10월 27일에 개관한 박물관으로, 다양한 국내외 섬유예술작품들을 보유한 국내 유일의 섬유예술박물관이다. 박물관의 설립자인 제일문화원 김순희 원장은 사라져 가는 한국 전통 조각보 기법의 전승과 한국섬유예술의 세계화라는 생애 목표를 이루고자 수도 서울의 심장부인 남산 끝자락에 섬유예술박물관을 개관하였다.
개관과 동시에 첫 기획전인 일본 국제 퀼트 콘테스트 공모전 입상작 전시회를 성공리에 마쳤으며, 이어 제1회 한국퀼트콘테스트 공모전과 입상작 전시회, 퀼트 분야에서 새롭게 시도된 맨홀 퀼트 기획전 아름다운 환경을 위한 시도, 세계의 전통섬유직물전 등 퀼트와 텍스타일 분야를 넘나드는 다양한 기획전들을 차례로 개최하였다. 또한 섬유예술에 관련된 워크숍과 세미나를 개최하여 작가와 전문인들에 대한 교육의 장을 제공해나가고자 한다.
독특한 아이템과 전시기획으로 외국인들에게 새로운 관광 코스로 부각되고 있는 초전섬유·퀼트박물관은 소장품이 전시되는 상설 전뿐만 아니라 다양한 기획전과 섬유 및 퀼트 콘테스트를 개최함으로써 일반인들에게 다소 생소한 섬유예술작품들을 보다 가깝게 접할 수 있는 기회를 제공하고, 섬유예술을 공부하는 젊은 세대들에게는 민족의 우수한 전통 섬유예술 전수하여 세계로 발돋움할 수 있는 기반이 되어 주고자 한다. 또한, 국내의 기존 섬유예술작가들에게 해외 각국의 독특한 섬유예술을 소개함으로써 새로운 기법과 아이디어를 얻음과 동시에 폭넓은 안목, 국제적인 감각을 키울 수 있는 기회를 제공하고자 한다.","<a href=""http://www.chojunmuseum.org/museum/index1.htm"" target=""_blank"" title=""새창 : 초전섬유·퀼트박물관 홈페이지로 이동"">http://www.chojunmuseum.org/museum</a>","10:00~17:00 (입장마감 16:30)<br>
※ 사전 예약 필수",매주 토요일~일요일,"- 성인(만 19세 이상) 8,000원<br>- 청소년(만 19세 미만) 5,000원<br>- 어린이(3~7세) 3,000원<br>- 경로(65세 이상) / 장애인 5,000원",
229901,14,코엑스,서울특별시 강남구 영동대로 513,,1,127.0591541159,37.5117453937,,http://tong.visitkorea.or.kr/cms/resource/43/3590343_image2_1.jpg,Type1,VE,VE07,VE070400,"서울 강남구에 위치한 코엑스은 1979년 3월 개관이래 글로벌 전시회와 국제회의 개최를 통한 국제교류의 장을 마련하고 글로벌 비즈니스 인프라를 두루 갖춘 최고의 전시 문화, 관광의 명소로서 마이스 비즈니스의 중심으로 자리매김하였다. 코엑스는 지상 1층부터 4층까지 총 네 개의 전시장과 50개의 회의실, 그리고 최고의 편의시설과 공연장, 오피스 공간을 갖추고 있다. 이 뿐만 아니라 2009년 코엑스 아티움을 개관하였고 2014년 뉴코엑스몰을 오픈, 강남 마이스 관광특구 지정 등 친환경 마이스 테크 시스템을 갖춘 글로벌 문화, 비즈니스 플랫폼으로 발전하고 있다.","<a href=""http://www.coex.co.kr/"" target=""_blank"" title=""새창 : 코엑스 홈페이지로 이동"">http://www.coex.co.kr</a>",※ 시설 별로 상이하므로 홈페이지 참조,연중무휴,※ 시설 별로 상이하므로 홈페이지 참조,
2714028,14,쾨닉 서울,서울특별시 용산구 소월로38길 30-34 (이태원동),B1F,21,126.9902678047,37.5441515030,,http://tong.visitkorea.or.kr/cms/resource/06/3463106_image2_1.jpg,Type3,VE,VE07,VE070600,"쾨닉은 지난 20년 동안 독일에서 가장 흥미로운 현대 미술을 선도하는 갤러리로 자리 잡았다. 초창기부터 융복합적 또는 개념적 접근을 삼는 작가들에게 초점을 두었으며, 그들은 현재 현대 미술계에서 가장 중요한 작가들로 성장하였다. 갤러리는 현재 40명에 이르는 작가들을 대표하고 있으며, 소속 작가들은 쾨닉뿐만 아니라 국제적으로 저명한 여러 기관에서도 활발하게 활동하고 있다. 또한, 쾨닉은 서울에 갤러리 공간을 열기로 결정함에 따라 우수한 현대미술을 국제적으로 소개하는 것에 대한 강한 의지를 이어 나가고자 한다.<br>","<a href=""https://www.koeniggalerie.com""target=""_blank"" title=""쾨닉 서울"">https://www.koeniggalerie.com</a>",11:00~18:00,매주 일요일 / 월요일,무료,
130226,14,포스코미술관,서울특별시 강남구 테헤란로 440,,1,127.0560767850,37.5058765750,,http://tong.visitkorea.or.kr/cms/resource/54/684154_image2_1.jpg,Type3,VE,VE07,VE070600,"포스코미술관은 1995년 9월 포스코센터 포스코갤러리로 설립되었으며 포스코홀딩스가 추구하는 배려와 공조, 공생의 가치를 예술을 매개로 나누고 실천하는 포스코 그룹의 아트 플랫폼이다. 포스코미술관은 주로 회화, 조각, 설치, 미디어 아트 등 다양한 장르의 전시를 개최하고 있다. 또한, 전시와 연계된 교육 프로그램, 강연, 워크숍 등을 운영하여 대중들의 문화예술 향유 기회를 확대하고 있다. 포스코미술관은 이외에도 일반인과 포스코 그룹사 임직원등을 위한 포스코미술관 프로그램을 운영하고 있다.","<a href=""http://www.poscoartmuseum.org"" target=""_blank"" title=""새창 : 포스코미술관 홈페이지로 이동"">http://www.poscoartmuseum.org</a>","- 월요일~금요일10:00~18:00<br>
- 화요일 10:00~20:00<br>
- 토요일~일요일11:00~16:00",4월 1일 창립기념일,무료,
3452874,14,폭포책방 아름인도서관,서울특별시 서대문구 연희로 262-24 (홍은동),,14,126.9370354929,37.5813490039,,http://tong.visitkorea.or.kr/cms/resource/74/3452674_image2_1.jpg,Type1,VE,VE09,VE090300,자연과 책을 사랑하는 사람들에게 특별한 경험을 선사하는 곳이며 시원하게 쏟아지는 폭포 소리를 배경 삼아 책을 읽으며 여유로운 시간을 보낼 수 있는 도서관이다.,,,연중무휴,,
129852,14,표갤러리,서울특별시 종로구 자하문로5길 18-4,,23,126.9708491732,37.5779444497,,http://tong.visitkorea.or.kr/cms/resource/93/3413893_image2_1.jpg,Type3,VE,VE07,VE070600,"표갤러리는 한국적이고 현대적인 우리의 예술 문화를 국제적인 마인드와 경영방침으로 새로운 예술 문화를 주도하고 있는 곳이다. 백남준, 천경자, 박서보, 이우환 등 한국을 대표하는 최고 작가들의 작품 전시뿐만 아니라 MZ세대 컬렉터 사이에서 떠오르는 인기 작가 및 신진작가를 발굴하고 양성하고 있다. 중국, 미국 등 갤러리를 오픈하고 국내외 다양한 아트페어에 참가하여 국내 작가를 국제적으로 알리며 문화 발전에 힘쓰고 있다. 갤러리는 경복궁역 인근에 있어 경복궁, 덕수궁, 창경궁 등 고궁을 탐방하기에 용이하다.","<a href=""https://www.pyogallery.com/"" target=""_blank"" title=""새창 : 표갤러리 홈페이지로 이동"">https://www.pyogallery.com/</a>",09:00~18:00,매주 일요일 / 법정공휴일,,
2693507,14,플랫폼엘,서울특별시 강남구 언주로133길 11 (논현동),,1,127.0343062531,37.5161638784,,http://tong.visitkorea.or.kr/cms/resource/25/3548925_image2_1.jpg,Type1,VE,VE07,VE070300,"플랫폼엘 컨템포러리 아트센터는 수십 년간 다양한 문화예술 활동을 후원해 온 패션 브랜드 루이까또즈(Louis Quatorze)가 설립하고 후원하는 공간이다. 공연장, 전시장 등 문화예술 공간과 스토어, 카페, 중정 등 상업 공간이 함께 구성되어 있어, 동시대 예술가들의 창의적인 시도와 예술적 경험을 제공함과 동시에 다양한 브랜드의 스토리를 선보일 수 있는 팝업 공간으로도 활용이 가능하다. 현대적인 감각의 건축과 유연한 공간 구성으로 인해 공연, 전시뿐 아니라 컨퍼런스, 쇼케이스, 팝업 등 다양한 형태의 문화예술 행사를 진행할 수 있는 장소이다. 지하 3층부터 지상 4층, 루프탑과 넓은 중정까지 갖춘 대규모 단독 건물이다. 갤러리, 라이브홀, 스토어, 중정 등 공간별로 용도와 성격이 분리되어 있어 콘셉트에 따라 공간 구성이 가능하며, 각각의 공간은 중정과 다리를 통해 서로 연결되어 있어 독립적이면서도 유기적인 활용이 가능한 구조이다.","<a href=""https://www.platform-l.org/""target=""_blank"" title=""새창 : 플렛폼엘 홈페이지로 이동"">https://www.platform-l.org/</a>",11:00~20:00,매주 월요일 / 1월 1일 / 설·추석 연휴 / 성탄절,※ 각 행사 별 상이하므로 홈페이지 참조 요망,
2739479,14,한국미술관,서울특별시 종로구 인사동길 12,(인사동),23,126.9872645136,37.5719509965,,http://tong.visitkorea.or.kr/cms/resource/76/3412076_image2_1.JPG,Type3,VE,VE07,VE070600,"한국 미술의 다양한 전시를 소화할 수 있는 첨단 시설을 갖춘 1,460㎡의 한국 최대 규모를 갖춘 대형 전시관이다. 넓고 시원한 전시 공간과 시설로 전시 작품을 돋보이게 한다. 최신 장비를 설비하여 작품 감상을 위한 최상의 환경을 구축하였으며 미술에 친근하게 다가갈 수 있는 부대시설도 조성되어 있다. 한국 미술의 중심지이자 대표 화랑가인 인사동의 중심에 위치하여 국내외 관광객은 물론 미술 애호가, 일반인들이 쉽게 방문할 수 있다.","<a href=""https://www.koreagallery.co.kr/default/"" target=""_blank"" title=""새창 : 한국미술관 사이트로 이동"">https://www.koreagallery.co.kr/default/</a>",10:00~18:00,연중무휴,무료,
2751316,14,한국영상자료원,서울특별시 마포구 월드컵북로 400 (상암동),,13,126.8899064813,37.5805038139,,http://tong.visitkorea.or.kr/cms/resource/48/3545448_image2_1.jpg,Type1,VE,VE07,VE070300,"1974년 한국필름보관소에서 출발한 한국영상자료원은 문화체육관광부 산하 공공기관으로 상암 DMC 단지에 위치해 있다. 영화와 관련된 모든 자료를 수집, 보존, 서비스하고 있으며, 누구나 쉽고 즐겁게 영상문화를 즐길 수 있도록 다양한 대민시설을 운영하고 있다. 시네마테크KOFA에서는 국내외 고전, 예술, 독립영화를 상영하고 있으며, 한국영화박물관에서는 한국영화의 지난 역사를 직접 체험할 수 있다. 영상도서관에서는 국내 최대 규모의 영화 자료들을 열람할 수 있으며, 그 외 연구발간사업, 찾아가는 영화관을 진행하고 있으며 한국고전영화 VOD 등 다양한 온라인 서비스를 운영하고 있다.","<a href=""https://www.koreafilm.or.kr/"" target=""_blank"" title=""새창 : 한국영상자료원 공식 홈페이지로 이동"">https://www.koreafilm.or.kr</a>","[한국영상자료원]<br>
10:00~19:00<br>
[한국영화박물관]<br>
10:30~19:00","매주 일요일, 월요일 / 1월 1일 / 설·추석 연휴 / 창립기념일 / 근로자의 날",무료,
2760301,14,한생연 생명과학박물관,서울특별시 양천구 목동동로 206-1 (목동),,19,126.8720291483,37.5239767319,,http://tong.visitkorea.or.kr/cms/resource/81/3589481_image2_1.jpg,Type1,VE,VE07,VE070100,"한생연생명과학박물관은 과학문화의 저변확대와 생명과학의 전문화를 위해 2006년 4월에 개관한 국내 최초의 생명과학 박물관이다. 생명과학에 대해 체험학습 중심의 관람을 할 수 있는 곳이다. 개관과 함께 다양한 실험적인 전시와 체험, 교육프로그램과 이벤트를 대중에게 선보이며, 작게는 도심 속의, 크게는 세계 속의 생명과학박물관이 되고자 한다. 한생연생명과학박물관은 인체, 동물, 식물, 곤충 및 미생물에 대한 올바른 이해뿐만 아니라 첨단 실험기계를 활용하여 유전자와 생명현상을 과학적으로 탐구하는데 그 목표를 두고 있다. 이 박물관은 눈으로만 보는 박물관이 아닌 체험중심의 관람이 이루어질 수 있는 박물관이 되기 위해 많은 콘텐츠를 보유·개발하고 있다. 또한 박물관 본연의 기능인 지속적인 자료수집과 연구를 통해 더욱 대중적이고 전문적인 과학적인 전시를 제공하면서 평생 교육이 이루어지는 공간이 되고자 한다.","<a href=""https://www.hlsi.co.kr/sub/sub05_0101.php"" target=""_blank"" title=""새창 : 한생연생명과학박물관 홈페이지로 이동"">http://www.hlsi.co.kr/</a>","10:00 / 13:30 / 16:00<br>
※ 사전 예약제로 운영",매주 월요일 / 1월 1일 / 설·추석 연휴,"[개인]<br>- 일반 5,000원<br>- 학생(초·중·고등학생) 10,000원<br>- 유아(36개월 이상) 5,000원<br>[단체(10인 이상)]<br>- 일반 4,000원<br>- 학생(초·중·고등학생) 9,000원<br>- 유아(36개월 이상) 4,000원<br>[단체(20인 이상)]<br>- 일반 3,000원<br>- 학생(초·중·고등학생) 8,000원<br>- 유아(36개월 이상) 3,000원",
3080852,14,한생연 실험누리과학관,서울특별시 강남구 도곡로 408 (대치동),,1,127.0552604534,37.4966637406,,http://tong.visitkorea.or.kr/cms/resource/50/3080850_image2_1.JPG,Type3,VE,VE07,VE070500,"대치동에 위치한 실험누리과학관은 2010년 개관한 곳으로 다양한 실험을 체험해 볼 수 있는 체험형 사립 과학관이다. 생명과학, 화학, 물리 분야의 전문 실험기계가 갖추어져 있어 초등, 중등, 고등 수준에 맞는 실험 프로그램을 진행할 수 있다. 실험누리과학관은 총 15개의 실험 주제들과 나만의 현미경 만들기, 태양광 로봇 제작이라는 2개의 특별 프로그램으로 구성되어 있다. 모든 프로그램은 60분 내외로 진행된다. 그리고 관람의 경우 시설의 운영, 관리를 위해 사전예약제를 실시하기 때문에 사전예약을 통해 원하는 관람 시간을 선택할 수 있다.","<a href=""https://www.hlsi.co.kr/main/main.php"" target=""_blank"" title=""새창 : 한생연 실험누리과학관 공식 홈페이지로 이동"">https://www.hlsi.co.kr/main/main.php</a>",10:00~18:00,매주 월요일 / 공휴일,"- 일반 7,000원<br>- 유아/군/경/노인 3,000원",
2753817,14,한생연 휴먼탐구과학관,서울특별시 서초구 신반포로3길 8 (반포동),"6층 604, 608, 612호",15,126.9869165183,37.5021924286,,http://tong.visitkorea.or.kr/cms/resource/38/3393138_image2_1.JPG,Type3,VE,VE07,VE070500,"서울시 서초구 반포동에 위치한 한생연 휴먼탐구과학관은 2018년 8월에 처음 개관하였으며, 2023년 9월에는 기존 위치인 고속터미널역에서 구반포역으로 이전을 했다. 과학관은 아이들이 인체를 탐구하며 우리 몸의 구조와 기능을 익히고 성장과정 및 질병의 발생과정에 대해 과학적으로 알아가면서 자신의 건강과 성장, 그리고 미래를 탐구하고 개발시키는데 초점을 두고 있다. 특히, 한생연 휴먼탐구과학관에서 진행되는 연계 과학실험교육은 4차 산업 정신과 문이과 통합시대에 걸맞은 3iN(영감, 융합, 혁신)을 기반으로 아이들의 과학적 두뇌개발과 미래직업 탐색에 중점을 두게 된다. 과학관과 연계된 과학교육프로그램은 유아부터 고등학생까지 다양한 연령층으로 구성되어 있으며, 프로그램은 학년 별로 특화되어 진행된다. 한생연 과학 교육팀이 직접 개발한 과학 교재와 과학 교구재를 활용하여 세계 최고 수준의 과학관 연계 프로그램이 진행된다.","<a href=""http://hlsi.co.kr/sub/sub05_0106.php/"" target=""_blank"" title=""새창 : 한생연과학연구·과학전시로 이동"">http://hlsi.co.kr</a>","- 평일 09:30~18:00<br>
- 주말 09:00~18:00<br>
- 점심시간 12:30~13:30<br>
※ 사전 예약 필수",매주 월요일 / 설·추석 연휴,"[개인]<br>- 성인(대학생 이상) 5,000원<br>- 학생(초·중·고등학생) 10,000원<br>- 유아(36개월 이상) 5,000원<br><br>[단체(10인 이상)]<br>- 성인(대학생 이상) 4,000원<br>- 학생(초·중·고등학생) 9,000원<br>- 유아(36개월 이상) 4,000원<br><br>[단체(20인 이상)]<br>- 성인(대학생 이상) 3,000원<br>- 학생(초·중·고등학생) 8,000원<br>- 유아(36개월 이상) 3,000원",
3012716,14,한생연융합교육과학관,서울특별시 종로구 성균관로15길 32 (명륜1가),,23,126.9968353725,37.5892797098,,,,VE,VE07,VE070500,"한생연융합교육과학관은 아동과 청소년의 과학교육연구와 과학문화 확산을 위한 전문과학교육기관이다.
1993년 10월 18일 창립하여 전문 워크숍을 시작으로 청소년 전문과학교육을 시작했다. 종로에서 시작하여 목동, 반포, 강남, 잠실, 분당, 홍천에 7개의 과학관을 운영하고 있으며 각기 다른 주제의 과학관이다. 
유아, 초저, 초고 프로그램과 방학 프로그램 등 연령에 따른 다양한 프로그램들이 준비되어 있다.

* 테마과학관 
종로센터 : 한생연 융합교육과학관
반포센터 : 한생연 휴먼탐구과학관   
강남센터 : 한생연 실험누리과학관
잠실센터 : 한생연 인간과로봇과학관
목동센터 : 한생연 생명과학박물관
분당센터 : 한생연 마이크로과학관
홍천센터 : 한생연 자연속과학체험관","<a href=""http://www.hlsi.co.kr/main/main.php"" target=""_blank"" title=""새창 : 홈페이지로 이동"">http://www.hlsi.co.kr/main/main.php</a>",10:30~16:00,매주 월요일,,
1916296,14,한성백제박물관,서울특별시 송파구 위례성대로 71 (방이동),,18,127.1206650789,37.5154988428,,http://tong.visitkorea.or.kr/cms/resource/55/3502855_image2_1.jpg,Type1,VE,VE07,VE070100,"한성백제박물관은 서울이 2천 년 역사 도시라는 사실을 널리 알리기 위해 백제왕도 역사와 관련 깊은 유적들을 직접 보호·관리하면서 조사, 연구, 전시, 교육하고 있다. 서울의 고대 역사·문화를 조명하고, 문화유산의 의미와 가치를 되새기는 박물관이다. 박물관 로비에서 가장 먼저 마주치는 상징전시물은 풍납토성 성벽 단면 으로 성벽 단면을 얇게 떼어내 전시, 연출하였다. 제 1전시실은 서울의 구석기문화, 신석기문화, 청동기 및 초기철기문화를 한강유역이라는 공간에 맞춰 이야기로 꾸며져 있다. 제 2전시실은 제가 지금의 서울에서 건국하고 성장 및 발전하던 한성도읍기 493년을 다루고 있으며, 제 3전시실에서는 한강에서 벌어진 백제, 고구려, 신라의 각축과 한성함락 이후의 백제 역사를 다루고 있다.","<a href=""http://baekjemuseum.seoul.go.kr/"" target=""_blank"" title=""새창 : 한성백제박물관 공식 홈페이지로 이동"">http://baekjemuseum.seoul.go.kr</a>","[하절기(3월~10월)]<br>
- 평일 09:00~19:00<br>
- 주말 09:00~19:00<br>
- 금요일 09:00~21:00<br>
[동절기(11월~2월)]<br>
- 평일 09:00~19:00<br>
- 주말 09:00~18:00<br>
- 금요일 09:00~21:00<br>
※ 자세한 사항은 홈페이지 참조","매주 월요일 (단, 월요일이 공휴일인 경우 정상 운영) / 1월 1일 / 시장이 정하는 휴관일",무료<br>※ 특별 기획전시의 경우 유료로 진행될 수 있으므로 전화문의 요망,
130958,14,한양대학교 박물관,서울특별시 성동구 왕십리로 222 (사근동),,16,127.0429292967,37.5574647913,,http://tong.visitkorea.or.kr/cms/resource/29/3537629_image2_1.jpg,Type3,VE,VE07,VE070100,"한양대학교박물관은 1979년 개관 이래, 끊임없이 귀중한 문화유산을 발굴, 수집, 보존하고 연구하고 있다. 2003년 이후 매년 특별전을 개최하고 각종 문화체험 및 문화강좌, 박물관 교육 사업을 진행하는 등 대학 캠퍼스를 넘어 지역사회 문화적 플랫폼이자 복합문화예술공간으로서의 역할을 다하고 있다. 건물은 1층부터 5층까지 있지만 실질적으로 전시 공간은 2층부터 시작한다. 2층에는 다양한 전자기기들의 과거와 현재의 모습을 만나볼 수 있다. 3층에는 다양한 주제의 특별전이 열리는 100여평 규모의 기획전시실이 마련되어 있다. 4층은 도자·서화·생활민속실은 소장품 가운데 대표적인 도자기, 서화, 민속품을 엄선하여 전시하고 있으며, 화려하고 섬세한 공예 기술을 비롯하여, 다양한 서화와 생활 도구를 통해 당대 사람들의 삶과 문화를 이해할 수 있도록 구성하였다. 마지막으로 5층 고고역사실은 1979년 미사리 선사유적에 대한 발굴조사를 실시한 이래 한양대학교박물관에서 조사한 다양한 유적과 유물을 소개하고 있다.","<a href=""https://museumuf.hanyang.ac.kr/"" target=""_blank"" title=""새창 : 한양대학교 홈페이지로 이동"">https://museumuf.hanyang.ac.kr</a>",10:00~17:00 (입장 마감 16:30),매주 일요일 / 법정공휴일,무료,
130301,14,한전갤러리,서울특별시 서초구 효령로72길 60,,15,127.0280576979,37.4851840297,,http://tong.visitkorea.or.kr/cms/resource/24/682224_image2_1.jpg,Type3,VE,VE07,VE070600,"한전갤러리는 예술을 통해 사람과 지역을 연결하는 복합 문화 공간이다. 다양한 전시를 통해 현대와 전통을 넘나드는 예술적 가치를 공유하며, 누구나 편안히 즐길 수 있는 공간에서 예술의 깊이와 즐거움을 경험할 수 있다. 총 1,110㎡ 규모의 3개의 전시실을 통해 문화예술계 발전에 기여하고 있다.","<a href=""https://www.kepco.co.kr/art/space/gallery.do"" target=""_blank"" title=""새창 : 한전아트센터 홈페이지로 이동"">https://www.kepco.co.kr/art</a>",화요일~토요일 10:00~18:00 (입장마감 17:30),매주 일요일~월요일 / 법정공휴일,무료,
130315,14,한전아트센터 공연장,서울특별시 서초구 효령로72길 60 (서초동),,15,127.0280882379,37.4856423108,,http://tong.visitkorea.or.kr/cms/resource/99/3109799_image2_1.JPG,Type3,VE,VE06,VE060100,"한전아트센터 공연장은 한국전력이 운영하는 공연장으로, 뮤지컬, 오페라, 클래식, 대중음악 등 다양한 장르의 예술공연을 유치하고 있다. 엄정한 대관 심사를 거친 우수한 작품을 관객에게 제공함은 물론, 공연단체의 대관료 부담을 덜어 줌으로써 문화 예술계에 참신하고 획기적인 공연장 운영 모델을 제시해 주고 있다.","<a href=""http://cyber.kepco.co.kr/kepco/AR/main.do"" target=""_blank"" title=""새창 : 한전아트센터 홈페이지로 이동"">http://cyber.kepco.co.kr</a>",공연 별로 상이함,연중무휴,공연 별로 상이함,
2488585,14,헬로우뮤지움,서울특별시 성동구 성수일로12길 20 (성수동2가),,16,127.0532647290,37.5482271614,,http://tong.visitkorea.or.kr/cms/resource/16/3467516_image2_1.jpg,Type3,VE,VE07,VE070600,"국내 최초의 사립 어린이 미술관으로 2019년 10월 서울 성수동에 재개관을 했다. 헬로우 뮤지엄은 다음세대를 위한 미래적 가치를 실현하는 새로운 어린이미술관 모델을 선보이고 있으며, 지역 주민의 삶과 가까운 커뮤니티형 에코미술관으로 자리매김하고 있다. 어린이의 생태 감수성을 키우고, 어린이와 연결된 지역사회 구성원의 삶까지 풍요롭게 하는 전시와 교육 프로그램을 운영 중이다.","<a href=""https://www.instagram.com/hellomuseum/""target=""_blank"" title=""새창: 헬로우 뮤지움 "">https://www.instagram.com/hellomuseum/</a>",10:00~18:00,매주 월요일~수요일 / 설·추석 당일,,
3428325,14,현대카드 뮤직 라이브러리,서울특별시 용산구 이태원로 246 (한남동),,21,127.0007170640,37.5366886688,,http://tong.visitkorea.or.kr/cms/resource/57/3432157_image2_1.JPEG,Type1,VE,VE09,VE090300,"현대카드 라이브러리는 디자인, 트래블, 쿠킹, 뮤직 분야에서 역사적으로 중요한 가치를 지닌 주요 간행물을 엄선해 ‘전권 보유 컬렉션(Complete Collection)’을 선보인다. 뮤직 라이브러리에서는 미국의 전설적 음악 전문 잡지 <롤링스톤 Rolling Stone>을 창간호부터 최신호까지 모두 만날 수 있다.",https://dive.hyundaicard.com/web/main.hdc,화-토 12:00 - 21:00 / 일 12:00 - 18:00,"매주 월요일. (설, 추석 연휴 휴관)","현대카드 소지자(주중, 주말) 혹은 현대카드 DIVE앱 회원(주중) 입장 가능",
129799,14,호림박물관 신림본관,서울특별시 관악구 남부순환로152길 53 (신림동),,5,126.9187927683,37.4808186916,,http://tong.visitkorea.or.kr/cms/resource/80/3540180_image2_1.jpg,Type1,VE,VE07,VE070100,"호림박물관은 호림 윤장섭((湖林 尹章燮, 1922~2016) 선생이 출연한 문화유산과 기금을 기반으로 민족문화의 계승과 발전을 위하여 설립되었다. 윤장섭 선생은 1981년 7월 재단법인 성보문화재단을 설립하고, 이어서 1982년 10월 서울시 강남구 대치동에 호림박물관을 개관하였다. 그 후 서울시 관악구 신림동에 박물관을 확장·신축하여 1999년 5월에 재개관하였다. 2009년 6월에는 문화 예술을 사랑하는 시민들에게 더 가까이 다가가고자 문화의 중심지로 떠오르고 있는 강남구 신사동 호림아트센터 내에 신사분관을 개관하였다.
호림박물관은 도자․금속․나무․서화․전적 등 2만 여 점의 문화유산을 소장하고 있으며, 이 가운데 62건의 문화유산이 국보(8건)와 보물(54건)로, 11건의 문화유산이 서울특별시 유형문화재로 지정되어 있다. 호림박물관의 소장품은 다양함과 질적인 면에서 높이 평가를 받고 있으며, 한국미술사 연구에 중요한 기초자료가 되고 있다. 호림박물관은 개관 이후 수준 높은 소장품을 바탕으로 다양한 주제의 전시를 열어왔다. 이를 통해서 한국 미술의 아름다움과 가치를 널리 알리는 데에 힘을 쏟고 있다. 호림박물관은 지속적인 수집과 전시를 바탕으로 새로운 미술문화를 만들어가는 미래지향적인 문화공간이 되고자 한다.","<a href=""https://www.horimmuseum.org/ko"" target=""_blank"" title=""새창 : 호림박물관 홈페이지로 이동"">https://www.horimmuseum.org</a>",화요일~금요일 10:00~17:00 (입장 마감 16:00),"매주 토요일, 일요일, 월요일 / 법정공휴일 / 근로자의 날(5월 1일)","- 일반 5,000원<br>- 청소년 3,000원<br>- 장애인 / 경로 3,000원<br>※ 무료 : 매달 마지막 주 수요일(문화가 있는 날)",
3456876,14,화랑대역사 전시관,서울특별시 노원구 화랑로 610 (공릉동),,9,127.0932978062,37.6243079306,,http://tong.visitkorea.or.kr/cms/resource/62/3456862_image2_1.jpg,Type1,VE,VE07,VE070300,"화랑대역사 전시관은 서울 노원구 공릉동에 위치한 역사와 추억이 가득한 공간이다. 과거 경춘선의 마지막 간이역이었던 화랑대역을 리모델링하여 조성되었으며, 경춘선의 역사와 함께 다양한 철도 관련 자료들을 전시하고 있다.",,월 ~ 일 10:00 - 18:00,"매주 월요일 정기휴무 (공휴일 다음날, 1월1일, 추석, 설날 연휴기간)",무료,
129760,14,환기미술관,서울특별시 종로구 자하문로40길 63,(부암동),23,126.9661269237,37.5940980426,,http://tong.visitkorea.or.kr/cms/resource/52/3488552_image2_1.jpg,Type3,VE,VE07,VE070600,"환기미술관은 1992년 11월 수화 김환기를 기리고 현대미술의 발전에 공헌하고자 건축가 우규승의 설계로 서울에 개관하였다. 한국현대미술을 대표하는 김환기의 예술세계를 널리 알리기 위해 매년 김환기 연구 특별기획전과 도록을 발간하고 있으며 ‘근현대작가 연구’, ‘수화가 만난 사람들’, ‘환기미술관 공간프로젝트’, ‘환기재단 작가전’과 같은 현대작가와 동시대 작가들 전시뿐만 아니라 ‘프리환기’ 공모전을 통하여 다양한 분야에서 활동하는 젊은 예술가들의 창작활동을 지원하고 있다. 또한 ‘치매어르신 예술프로그램’ ‘아트온’ ‘아트띵크’ 등과 같은 교육프로그램을 통해 시민사회를 위한 공공교육기관으로서의 역할도 담당하고 있다. 이는 예술가가 남긴 훌륭한 예술세계가 시간과 더불어 우리 문화유산으로 역사에 남는다는 설립자의 신념에서 출발한 것이다. 앞으로도 환기미술관은 기관의 미래 비전인 “예술로써 소통하는 사회로의 꿈”을 실현하기 위해 더욱 노력할 것이다.","<a href=""http://www.whankimuseum.org"" target=""_blank"" title=""새창 : 환기미술관 홈페이지로 이동"">http://www.whankimuseum.org</a>",10:00~18:00,매주 월요일 / 1월 1일 / 설날·추석,※ 전시별 상이하므로 홈페이지 참고,
3082435,14,CJ아지트 광흥창,서울특별시 마포구 창전로 14 (신정동),,13,126.9303482605,37.5443004123,,http://tong.visitkorea.or.kr/cms/resource/30/3082430_image2_1.JPG,Type3,VE,VE06,VE060100,"CJ아지트 광흥창은 2009년 개관이래 홍대 라이브 클럽데이, 튠업 스테이지 기획 공연 등 다양한 창작자들을 지원하고 많은 무대를 제공하였다. 이곳에는 음악 공연장, 녹음 스튜디오(튠업 스튜디오)와 아티스트 라운지가 있어 뮤지션들이 수준 높은 음악콘텐츠를 창작할 수 있고 관객들은 새로운 공연을 마음껏 즐길 수 있다. 공연장은 스탠딩 250석을 수용할 수 있는 블랙박스 형태로 설계되었고 빈 공간에 자유롭게 무대와 객석을 설치할 수 있어서 음악 공연뿐만 아니라 다채로운 연출과 타 장르와의 콜라보레이션 등 다양한 시도가 가능하다. 튠업 스튜디오는 국내에서 손꼽히는 높은 층고로 깊은 울림의 사운드를 녹음할 수 있는 공간이다. 건물 2층의 아티스트 라운지는 공연장과 스튜디오를 사용하는 뮤지션들이 각종 인터뷰, 미팅, 커뮤니티모임에 활용할 수 있는 공간이다.",,공연별 상이,공연별 상이,공연별 상이,
1250301,14,CTS아트홀,서울특별시 동작구 노량진로 100,(노량진동),12,126.9369985380,37.5129652827,,http://tong.visitkorea.or.kr/cms/resource/20/3476920_image2_1.JPG,Type3,VE,VE06,VE060100,"CTS아트홀은 CTS 기독교TV에서 운영하는 공연장으로 404석 규모의 다목적홀이다. 멀티미디어 문화공간으로서 뮤지컬, 찬양집회, 발레, 연주회, 콘서트 등 대중음악부터 기독교 행사까지 다양한 공연 문화를 개최한다. 음향 오퍼를 기본적으로 지원하고 장비 렌탈도 가능하며 출연자 대기실, 휴식 공간 등의 편의시설과 장애인 관객의 편의를 위한 좌석을 갖추고 있다. 같은 건물에 100평 규모의 세미나홀로 CTS 컨벤션홀도 운영한다. 주로 기업행사, 발표회, 세미나, 강연 등의 행사가 열리고 그랜드 피아노, 원형 테이블을 대여할 수 있다. CTS 주차장은 3개의 타워시스템으로 이루어져 있으며 상시 주차를 제외하고 최대 110대의 주차가 가능하다.","<a href=""http://ctsart.co.kr"" target=""_blank"" title=""새창: CTS아트홀 홈페이지로 이동"">http://ctsart.co.kr</a>",공연 별로 상이함,연중무휴,공연 별로 상이함,
2947987,14,CXC아트뮤지엄,서울특별시 광진구 아차산로 272 (자양동),,6,127.0729937617,37.5385953021,,http://tong.visitkorea.or.kr/cms/resource/85/2947985_image2_1.jpg,Type3,VE,VE07,VE070300,"CxC아트뮤지엄은 로컬 문화를 선도하는 어반플레이의 캐비닛클럽과 전시문화의 새로운 패러다임을 제시하고 있는 ㈜씨씨오씨가 함께 만든 새로운 문화공간이다. 스타시티 3층에 자리잡았던 300여평 규모의 식당가를 전면 재해석, 전시장﻿·아트숍﻿·베이커리﻿·카페﻿·워크샵﻿·체험 및 모임공간을 아우르는 복합문화공간이다.  2022년 11월 18일 공식 오픈한 CxC아트뮤지엄은 개관 기념 첫 전시로 <헬가 스텐첼 사진전>을 선보였다. 헬가 스텐첼은 영국 런던을 기반으로 활동 중인 시각예술가로 일상에서 사용되는 오브제에 재치 있는 아이디어로 새로운 생명력을 불어넣은 작품이 최근 MZ 세대를 중심으로 인기몰이 중에 있다. 일러스트레이션, 사진, 비디오, 스톱모션 애니메이션 등 다양한 매체와 미디어를 활용해 작업하며 유수의 글로벌 브랜드와 협업을 진행했고 2020년에는 영국 내에서 s8올해의 푸드아트 크리에이터’ 상을 수상하기도 했다.",,11:00~20:00 (입장 마감 19:30),연중무휴,전시 별로 상이함,
2751339,14,KBS온,서울특별시 영등포구 여의공원로 13,(여의도동),20,126.9167444600,37.5260245145,,http://tong.visitkorea.or.kr/cms/resource/24/2784524_image2_1.jpg,Type3,VE,VE07,VE070300,"KBS는 견학을 원하는 이들을 위해 KBS온(on)을 운영하고 있다. KBS 온(On)은 (구 KBS 견학홀) 한국방송의 역사와 현재를 체험할 수 있는 국내 최초의 방송전시관으로, 방문자에게 방송 제작 현장의 직·간접 체험 기회를 제공하고 있다. 미니박물관, 기타 방송과 관련된 전시자료들을 통해 청소년들에게 방송 학습의 장을 제공하고 국가 기간방송 및 공영방송으로서의 KBS의 역할과 이미지를 알리기 위한 열린 공간으로 KBS 본관 2층에 있다. KBS 온(On)은 우리말 온 과 영어 On (On Air)을 의미한다.",,09:30~17:30 (17:00까지 입장),"명절 (신정, 설, 추석) 연휴, 주말, 공휴일",,
397572,14,KT&G 상상마당 홍대,서울특별시 마포구 어울마당로 65,,13,126.9210433658,37.5509355861,,http://tong.visitkorea.or.kr/cms/resource/17/3526617_image2_1.jpg,Type1,VE,VE06,VE060100,"KT&G 상상마당은 홍대축제거리 앞에 2007년 9월 개관한 복합문화공간이다. 상상마당은 복합문화공간 개관 이전에 이미 온라인 상상마당을 통해 사진, 만화, 문학, 단편영화 분야에서 시작했었고, 약 3년간의 활발한 활동 속에 그 입지를 굳혀갔다. 홍대 앞에 설립한 복합문화공간 상상마당은 온라인으로 운영했던 네 개 분야와 음악, 미술, 디자인, 공연의 영역을 더해 다양한 장르의 창작지원 및 활동 범위를 확대하여 운영하고 있다. 영화관, 공연장을 비롯해, 디자인스퀘어, 갤러리, 아카데미, 사진암실과 카페가 있어 예술가들에게는 문화예술 창작 활동 지원을, 일반인들에게는 문화 향유 기회를 제공하고 있는 곳으로 공연, 영화, 전시, 교육, 디자인 분야까지 여러 용도로 기획된 각 공간을 통해 다양한 문화예술 분야의 트렌드를 제시하고 공유하면서 새로운 문화를 만드는 데 기여하고 있다.","<a href=""https://www.sangsangmadang.com/"" target=""_blank"" title=""새창: KT&G 상상마당 공식 홈페이지로 이동"">https://www.sangsangmadang.com/</a>",11:00~21:00,※ 프로그램마다 상이하므로 홈페이지 참조,※ 프로그램마다 상이하므로 홈페이지 참조,
2773265,14,K현대미술관,서울특별시 강남구 선릉로 807 (신사동),,1,127.0391861299,37.5244324498,,http://tong.visitkorea.or.kr/cms/resource/79/2778979_image2_1.jpg,Type3,VE,VE07,VE070600,"서울 강남구 압구정동 중심에 위치한 K현대미술관은 6개 층 전시장 4,959㎡ 규모의 사립 미술관이다. 현대미술의 실험적이고, 다학문적인 플랫폼이며 현대 사회의 대화의 장이 될 수 있는 역할을 수행 하는 것을 목표로 다양한 국내외 아티스트들의 도전적 시도를 존중하며 실험적 전시를 대중에게 소개하고 있다. 또한 모든 연령층에게 예술에 대한 친숙함을 주기 위해 장벽 없는 환경에서 어린이부터 성인까지 누구나 쉽게 예술과 가까워지고, 직접 참여할 수 있는 프로그램과 워크숍을 제공하고 있다.","<a href=""http://kmcaseoul.org/"" target=""_blank"" title=""새창 : K현대미술관 사이트로 이동"">http://kmcaseoul.org/</a>",10:00~19:00 (18시 입장 마감),연중무휴,"성인(만19세 이상) 20,000원<br>청소년(만13-18세) 17,000원<br>어린이(만3-12세) 15,000원<br>※ 이용요금은 변동될 수 있으므로 홈페이지 참조 또는 전화 문의 요망",
130289,14,LG아트센터 서울,서울특별시 강서구 마곡중앙로 136 (마곡동),,4,126.8294429794,37.5653406087,,http://tong.visitkorea.or.kr/cms/resource/23/3437423_image2_1.JPG,Type3,VE,VE06,VE060100,"LG아트센터 서울은 LG연암문화재단에서 LG그룹의 재정적 지원을 받아 운영하고 있는 비영리 공연장이다. 2000년 3월, 서울 강남구 역삼동에서 개관한 LG아트센터는 동시대를 살면서 놓쳐서는 안 될 세계 최고 수준의 작품들을 우리 관객들에게 선보이는 것을 목표로 예술가들과 관객들 모두에게 놀라운 영감을 선사하기 위해 노력해오고 있다. 2022년 10월, 서울 강서구 마곡으로 이전하여 세계적인 건축가 안도 다다오의 설계로 풍부한 자연환경 속에서 한층 확장된 예술 체험이 가능한 열린 공간으로 다시 태어났다. LG아트센터는 앞으로도 창의적인 예술가와 열정적인 관객들이 만나 자유롭게 소통하는 공간이며, 언제나 믿고 찾을 수 있는 공연장이다.

(출처 : LG아트센터 홈페이지)","공식 홈페이지 <a href=""https://www.lgart.com/home/ko/main""target=""_blank"" title=""새창 : LG아트센터 서울 공식 홈페이지 이동"">https://www.lgart.com</a><br>
공식 인스타그램 <a href=""https://www.instagram.com/lgartscenter/""target=""_blank"" title=""새창 : LG아트센터 서울 공식 인스타그램 이동"">https://www.instagram.com/lgartscenter/</a>",10:00~23:00,매주 월요일,공연 별로 상이함,
3080870,14,SCC홀,서울특별시 서초구 남부순환로325길 9 (서초동),,15,127.0145340254,37.4817730723,,http://tong.visitkorea.or.kr/cms/resource/65/3080865_image2_1.JPG,Type3,VE,VE06,VE060100,"SCC홀은 문화예술의 중심지 예술의 전당 맞은편에 위치한 총 204석 규모의 복층 공연장이다. 독주회, 실내악 공연뿐만 아니라 강연회는 물론 기업행사와 간단한 리셉션 연출까지 가능한 다목적홀이다. 이곳은 무대, 객석, 로비, 야외테라스의 주요 시설이 있다. 무대는 객석과 소통할 수 있도록 부채꼴 모양으로 디자인되었고 소리의 울림과 반사, 잔향 등을 고려하여 디자인 되었다. 객석은 고급 페브릭 의자를 사용하고 효율적으로 공간을 배치하여 관객이 가장 편안한 자세로 무대의 공연을 감상할 수 있다. 로비는 리셉션 또는 이벤트홀로도 활용이 가능하며 스크린 모니터가 설치되어 있어서 밖에서도 무대 위의 공연을 볼 수 있다. 별도로 마련된 야외테라스는 원목으로 꾸며진 공간으로 공연 예술과 함께 여유로움을 즐길 수 있다.","<a href=""https://www.scc-hall.com/"" target=""_blank"" title=""새창 : SCC홀 홈페이지로 이동"">https://www.scc-hall.com/</a>",08:00~22:00,연중무휴,공연별 상이,
2833824,14,TINC,서울특별시 성북구 동소문로10길 34-16 명성교회,,17,127.0108618831,37.5888800082,,http://tong.visitkorea.or.kr/cms/resource/51/2833751_image2_1.jpg,Type3,VE,VE07,VE070300,"THIS IS NOT A CHURCH(약칭 TINC)는 삼선동4가 37 (구)명성교회에 위치한 다목적 공간이다.  교회의 예배당으로 쓰였던 공간의 성격이 살아있으며 전시, 공연, 촬영, 워크숍 등 다양한 분야의 행사에 열려있다. 3층에 위치한 메인홀은 시간에 따라 자연스럽게 공간 전체에 드리우는 태양광이 특징으로, 인위적인 조명의 연출보다 자연광을 이용한 빛 효과를 활용하는 공연이나 전시가 많이 개최된다. 예배당의 특징인 무대를 그대로 보존해 놓아서 전시나 공연 시 특별한 씬을 연출할 수 있다. 관객석으로 사용할 수 있는 예배당 벤치를 보유하고 있다.","<a href=""https://t-i-n-c.com"" target=""_blank"" title=""새창 : TINC 홈페이지로 이동"">https://t-i-n-c.com</a>",전시·공연 별로 상이함,전시·공연 별로 상이함,전시·공연 별로 상이함,
3106658,14,[K드라마 촬영지] 공근혜갤러리,서울특별시 종로구 삼청로7길 38,,23,126.9796815273,37.5840827831,,http://tong.visitkorea.or.kr/cms/resource/86/3095786_image2_1.jpg,Type1,VE,VE07,VE070600,"<재벌집 막내아들>의 모현민이 운영하는 갤러리의 실제 배경지, ‘공근혜 갤러리’는 국내 젊은 작가부터 해외 유명 작가까지 다양한 전시를 개최하는 화랑이다. K-DRAMA, K-POP에 이어 이제는 K-ART까지 한류의 중심이 된 지금, 서울의 화랑에서만 볼 수 있는 전시를 관람해 보는 것은 어떨까?",https://konggallery.com/,10:30 ~ 17:30,"매주 일, 월 휴무",전시별 상이,
250466,14,aT센터,서울특별시 서초구 강남대로 27 (양재동),,15,127.0407514903,37.4673918780,,http://tong.visitkorea.or.kr/cms/resource/36/3554636_image2_1.jpg,Type1,VE,VE07,VE070400,"aT센터는 2002년 11월 개관 이래 농수산식품 수출종합지원 기능을 수행하기 위해 다양한 국내외 전시 및 회의를 개최하고 있다. 국제외식산업식자재박람회, 바이어 수출상담회, 대한민국 국제요리경연대회 등 국내외 고객이 직접 참여하는 다양한 행사와 우리 농식품 판로확대를 위하여 지자체와 연계한 농수산물전시회도 적극으로 유치하여 개최하고 있다. 또한, 농식품 비즈니스 창조·융합 HUB 기능 수행을 위해 스마트 스튜디오(사진·동영상·상세페이지 제작), 디지털 스튜디오(영상 스튜디오·크로마키 스튜디오·화상상담실)를 운영하고 있다.","<a href=""http://atcenter.at.or.kr/"" target=""_blank"" title=""새창 : aT센터 홈페이지로 이동"">http://atcenter.at.or.kr</a>",홈페이지 참조,홈페이지 참조,,
3379778,15,가락옥토버페스트 미식야행,서울특별시 송파구 양재대로 932 (가락동),(가락동 600) 가락몰3층 하늘공원,18,127.1107693087,37.4960786971,02-3435-0455,http://tong.visitkorea.or.kr/cms/resource/73/3553073_image2_1.png,Type3,EV,EV01,EV010600,"전국 각지 농수산물이 모이는 서울시 송파구 가락몰 3층 하늘공원에서 루프탑 야외축제 '제2회 가락옥토버페스트 미식야행'을 개최한다. 낭만있는 캠핑, 수제맥주와 바베큐 그리고 가락시장에서 맛볼 수 있는 다양한 원물 요리까지 맛볼수 있는 행사이다. 10/24(금)~10/26(일), 3일간 약 20여 개의 전국 수제맥주브루어리와 다양한 먹거리 팝업 그리고 흑백요리사 출신 요리사들의 미식대결까지 새로운 맛의 향연이 펼쳐질 예정이다.","<a href=""https://www.garak.co.kr/homepage/M0000075/board/view.do?atcSn=17462&pageIndex=1"" target=""_blank"" title=""새창 : 가락옥토버페스트 미식야행 홈페이지 이동"">https://www.garak.co.kr/homepage/M0000075/board/view.do?atcSn=17462&pageIndex=1</a>",16:00~22:00,,무료,20251024~20251026
3021762,15,"가을 , 명동으로",서울특별시 중구 퇴계로 지하126 (충무로2가),,24,126.9859593880,37.5609633613,02-2277-8971,http://tong.visitkorea.or.kr/cms/resource/65/3559865_image2_1.png,Type3,EV,EV03,EV030400,"'가을, 명동으로'는 즐거움과 의미가 함께하는 행사이다. 명동역 3번 출구 앞 ‘재미로 상상 광장’에서 신나는 음악과 퍼포먼스가 어우러진 멋진 공연이 이어지며, 현장을 찾은 모든 이들에게 풍성한 볼거리를 제공한다. 공연과 함께 열리는 토이 플리마켓에서는 다양한 장난감과 굿즈를 직접 보고 구매할 수 있어, 어린이와 어른 모두 즐거운 시간을 보낼 수 있다. 행사 중간 중간 준비된 경품 이벤트는 참여자들에게 특별한 즐거움을 선사한다. 특히 토이 플리마켓의 수익 일부는 장난감이 필요한 어린이에게 기부되어, 방문객들이 즐거움을 누리는 동시에 의미 있는 나눔을 실천할 수 있다. 가족, 친구, 연인과 함께 가을의 정취 속에서 즐거운 추억을 만들 수 있는 뜻깊은 행사이다.",,12:00~18:00,,무료,20251115~20251115
3439947,15,강남 미디어 윈터페스타,서울특별시 강남구 영동대로 511 (삼성동),,1,127.0610512042,37.5103955843,02-6000-0114,http://tong.visitkorea.or.kr/cms/resource/54/3579654_image2_1.jpg,Type3,EV,EV01,EV010200,"한 해를 마무리하고 새로운 시작을 맞이하는 시기, 삼성동 무역센터 일대가 환상적인 미디어아트와 빛의 향연으로 물든다. 
2025 강남 미디어 윈터페스타는 크리스마스의 따뜻함을 한국적으로 재해석한 K-크리스마스 미디어아트와, 2026년 붉은 말의 해를 경쾌하게 밝히는 새해 미디어아트를 선보이는 연말∙연초 축제이다. 
총 두 가지의 미디어아트 테마쇼와 네 가지의 다양한 체험 프로그램으로 구성되어 관람객에게 생생한 시각적 몰입감과 다채로운 참여 경험을 제공한다. 
12월 19일부터 25일까지는 크리스마스 테마쇼 <Hechi's Gift of Light>, 12월 26일부터 1월 3일까지는 새해 테마쇼 이 이어지며 서로 다른 두 분위기를 통해 연말∙연초에만 느낄 수 있는 특별한 감동을 선사할 예정이다.","<a href=""https://gangnameyes.com/event/festival"" target=""_blank"" title=""새창 : 축제 페이지"">https://gangnameyes.com/event/festival	
</a>",11:00~22:00,,무료,20251219~20260103
1806376,15,강동북페스티벌,서울특별시 강동구 양재대로84길 63 (둔촌동),강동중앙도서관·둔촌 1동 근린공원,2,127.1369827856,37.5244036592,02-2045-7919,http://tong.visitkorea.or.kr/cms/resource/89/3567889_image2_1.jpg,Type3,EV,EV01,EV010200,"강동북페스티벌은 강동문화재단이 주최하고 강동구립도서관이 주관하는 독서문화축제로서, 올해로 16회를 맞이하였다.
이번 축제는 강동중앙도서관 개관을 기념하여 'THE LIBRARY: 도서관 +' 라는 주제로 강동중앙도서관 및 둔촌 1동 근린공원에서 진행된다. 한석준 아나운서의 <행복한 인생을 위한 소통> 강연과 박혜진 아나운서의 낭독 with Piano 공연 그리고 강동구립도서관 홍보 포토존과 굿즈 홍보 부스를 운영하며, 교보문고 전자책, 어크로스, 다람출판사, 북극곰, 내셔널지오그래픽, 시그니처 라이브러리, 오니프, 한국점자도서관 등 다양한 출판사와 서점·협력기관이 함께 할 예정이다.","<a href=""https://www.gdlibrary.or.kr/portal/menu/10/book-festival"" target=""_blank"" title=""새창 : 강동북페스티벌 홈페이지 이동"">https://glibf.or.kr</a>",10:00~17:00,,무료,20251101~20251101
2785797,15,"겨울, 청계천의 빛",서울특별시 중구 태평로1가 1,,24,126.9776154729,37.5691317067,02-904-1159,http://tong.visitkorea.or.kr/cms/resource/36/3567636_image2_1.jpg,Type3,EV,EV01,EV010200,"올해로 11회째를 맞는 '2025 겨울, 청계천의 빛'이 '황금빛 포근함 속, 모두가 하나되는 겨울'을 주제로 12월 12일부터 31일까지 서울 청계광장 일원에서 펼쳐진다. 세대를 잇고, 시민들이 하나 되어, 조화롭게(Harmony) 어우러진다는 메세지의 빛의 공간으로 연출하였으며, 금빛으로 물든 달콤한 케이크 트리를 중심으로 요정과 곰인형, 미니기차등 사랑스러운 조형물과 미디어아트가 어우러져 남녀노소 누구나 따뜻한 겨울의 감성과 행복을 느낄 수 있도록 연출하였다.","<a href=""http://www.seoulcl.kr/main/index.html"" target=""_blank"" title=""새창 : 겨울, 청계천의 빛 홈페이지 이동"">http://www.seoulcl.kr/main/index.html</a>",18:00~22:00,,무료,20251212~20251231
2862358,15,공공미술 빛조각축제 <노원 달빛산책>,서울특별시 노원구 동일로 1322-70 (상계동),,9,127.0657023804,37.6494961706,02-2289-3466,http://tong.visitkorea.or.kr/cms/resource/35/3547735_image2_1.jpg,Type3,EV,EV01,EV010600,"올해 6회를 맞은 달빛산책은 매년 100만 명 이상이 찾는 공공미술 빛조각축제이다. 10월 17일부터 11월 16일까지 매일 오후 5시 30분부터 밤 10시까지, 당현천 2km 구간이 야외 미술관으로 변신한다. 올해 주제는 모두의 달이며, 달이 가진 보편적 상징성을 통해 개인의 이야기가 공동체의 빛으로 확장되는 과정을 보여준다. 국내외 18팀의 아티스트가 참여해 30여 점의 빛조각과 미디어아트를 선보인다.","<a href=""https://moonlightwalk.kr/"" target=""_blank"" title=""새창 : 공공미술 빛조각축제 <노원 달빛산책> 홈페이지 이동"">https://moonlightwalk.kr/</a>",17:30~22:00,,무료,20251017~20251116
2778088,15,관악별빛산책,서울특별시 관악구 신림동 1642-7,별빛내린천 (신림교~봉림교),5,126.9276196866,37.4827825101,02-828-5743,http://tong.visitkorea.or.kr/cms/resource/88/3580588_image2_1.jpg,Type3,EV,EV01,EV010200,"올해 5회째인 '관악별빛산책'은 관악구 대표 겨울축제로 별빛내린천(도림천)을 따라 조성된 산책형 빛예술을 경험할 수 있는 조명 축제다. 신림교에서 봉림교까지 300m 구간에서 '화이트 매직(White Magic)'을 주제로 진행되며, 국내 10팀의 아티스트가 만든 다채로운 빛 예술이 함께 어우러지는 공간을 연출해 인간의 이야기가 공동체가 되는 예술적 경험을 선사한다. 축제는 12월 1일 점등식으로 시작해 시민들과 함께 겨울의 첫 불빛을 밝히며, 축제 기간 중에도 다양한 체험 프로그램을 통해 볼거리와 놀거리를 제공할 예정이다.","<a href=""https://gfac.or.kr/site/main/performance/FESTIVAL/view/276"" target=""_blank"" title=""새창 : 축제 페이지"">https://gfac.or.kr/</a>",18:00~22:00,,무료,20251201~20251231
3035607,15,광화문 마켓,서울특별시 종로구 세종대로 지하172 (세종로),,23,126.9767821434,37.5716786179,02-337-3692,http://tong.visitkorea.or.kr/cms/resource/03/3573403_image2_1.png,Type3,EV,EV03,EV030400,"올해 4회차를 맞이한 광화문 마켓은 서울 야간 관광 활성화와 소상공인 지원을 위해 개최하는 행사로, 12월 12일부터 12월 31일까지 광화문 광장 일대에서 겨울 동화 속 산타 마을이 펼쳐진다. 크리스마스 시즌 소품 및 먹거리 소상공인 판매 부스, 기업 협업의 파트너 부스, 포토존과 다양한 체험 이벤트 프로그램으로 산타 마을이 구성될 예정이다. 시즌 별 총 45팀의 마켓과 15m의 대형 트리 외 총 10개의 다양한 크리스마스 포토존, 그리고 루돌프 회전목마와 곰돌이 사진관(네컷사진) 등 광화문 마켓에서만 만날 수 있는 프로그램이 준비되어 있다. 그 외에도 특별 시즌에만 만날 수 있는 크리스마스 요정과 회전목마 역무원의 선물, 그리고 산타클로스와의 사진 촬영까지, 크리스마스 동화 속 주인공이 되어 특별한 추억을 만드는 하루를 경험할 수 있다.","공식 홈페이지 <a href=""https://www.stolantern.com/"" target=""_blank"" title=""새창 : 광화문 마켓 홈페이지로 이동"">https://www.stolantern.com/</a><br>
공식 인스타그램 <a href=""https://www.instagram.com/gwanghwamunmarket?igsh=d2N2Y2wwbHRtZXYx"" target=""_blank"" title=""새창 : 광화문 마켓 인스타그램 이동"">https://www.instagram.com/gwanghwamunmarket?igsh=d2N2Y2wwbHRtZXYx</a>",17:30~22:00,,무료,20251212~20251231
2618971,15,구로청소년축제,서울특별시 구로구 구로중앙로 48 (구로동),,7,126.8900783422,37.4941610735,02-860-2140,http://tong.visitkorea.or.kr/cms/resource/06/3562606_image2_1.jpg,Type3,EV,EV01,EV010200,"2025년 제10회 구로청소년축제가 10/18(토) 구로중학교 운동장에서 열린다. 구로청소년축제는 구로청소년자치연합 '그린나래' 청소년들이 직접 기획하고 운영하여 더욱 특별한 행사이다. 올해로 10주년을 맞이한 청소년축제는 '경기를 지배하듯, 구로의 주인공이 되자'라는 의미인'Own Game, Own GURO' 를 주제로 개최되며, 스포츠를 재해석한 다양한 참여 프로그램을 선보일 예정이다. 청소년의 수요를 맞춘 댄스, 밴드 동아리 공연, 진로체험박람회, 학생과학축전, 마을교육기관  체험부스와 이벤트, 아이돌(H1-KEY)의 공연이 진행된다.","<a href=""https://blog.naver.com/onon0313"" target=""_blank"" title=""새창 : 구로청소년축제 홈페이지 이동"">https://blog.naver.com/onon0313</a>",11:00~18:00,,무료,20251018~20251018
3548994,15,그린칩스 페스티벌,서울특별시 마포구 성미산로 151-1 (연남동),,13,126.9232288927,37.5645590416,02-3143-7366,http://tong.visitkorea.or.kr/cms/resource/93/3548993_image2_1.png,Type3,EV,EV03,EV030400,"그린칩스 페스티벌은 지속가능성과 로컬 문화를 주제로 한 서울의 대표적인 지속가능성 축제이다. 매년 연남연희 일대에서 열리는 '그린칩스' 축제는 서울시와 서울디자인재단이 만든 공동 마케팅 브랜드 ‘그린칩스’ 프로젝트의 일환으로, 올해로 3년째 이어지고 있다. 특히, 올해 페스티벌의 테마인 ‘그린칩스 타운’은 연남연희 한복판에 조성된 가상의 지속가능 마을 콘셉트로, 그린칩스 브랜드와 로컬 스폿들이 하나의 이웃이 되어 새로운 라이프스타일을 제안한다. 방문객들은 마치 마을을 산책하듯 연남연희의 각 공간을 거닐며, 지속가능성을 쉽고 재미있게 체험할 수 있는 특별한 하루를 보낼 수 있다. 축제에서는 우수한 지속가능 디자인 브랜드를 디양한 방법으로 직접 만날 수 있다. 특히, '그린칩스 타운 마을호텔'로 꾸며질 팝업에서는 페르소나와 함께 자신의 취향에 맞춰 올해의 선정 브랜드 제품을 친근하게 체험할 수 있으며, 로컬 상점들에서는 다양한 콘텐츠 및 제품 샵인샵 등을 즐길 수 있다. 또한, DDP 둘레길 등에서도 이벤트와 함께 그린칩스를 경험할 수 있다.","<a href=""https://greenchipsseoul.com/"" target=""_blank"" title=""새창 : 그린칩스 페스티벌 홈페이지로 이동"">https://greenchipsseoul.com/</a>",10:00~20:00,,무료,20251015~20251026
2865258,15,노원 북 페스티벌,서울특별시 노원구 공릉로55길 88 (하계동),하계2동 주민센터 앞 경춘선숲길 일대,9,127.0679693368,37.6320954567,02-2116-0701,http://tong.visitkorea.or.kr/cms/resource/61/3559561_image2_1.png,Type3,EV,EV01,EV010600,"노원구는 10월 17일(금)부터 11월 2일(일)까지 매주 금·토·일 총 9일간  “낭만보장”을 주제로 야외도서관을 개최한다.
10월 18일(토)에는 노원 북 페스티벌과 함께 야외도서관이 개막을 축하하며, 박상영 작가와의 북콘서트를 비롯한 다채로운 프로그램이 진행된다. 
 “노원 몽:땅 야외도서관”은 “낭만보장”을 주제로 ‘낭만독서’, ‘낭만여행’, ‘청춘낭만’을 주제별·요일별로 구성하여 책, 공연, 풍경이 어우러진 행사를 선보인다.
책이 일상으로 확장되는 계기를 마련하고 지역과 시민을 잇는 문화축제로 기획되었다. 여행의 상징적 장소인 경춘선 숲길에서 과거의 철길과 현재의 시민이 만나는 경험을 제공한다.","<a href=""https://www.nowonlib.kr/NoticeInfoDetail/15101"" target=""_blank"" title=""새창 : 축제 페이지"">https://www.nowonlib.kr/</a>",15:00~20:00(주말 12:00~20:00),,무료,20251017~20251102
3018924,15,도곡 메타세쿼이아 로드 페스타,서울특별시 강남구 양재천로 199 (도곡동),~167 양재천로 및 강남수도사업소 삼거리 일대,1,127.0472810057,37.4831568326,02-3423-7552,http://tong.visitkorea.or.kr/cms/resource/62/3543062_image2_1.jpg,Type3,EV,EV01,EV010600,"올해 개최 되는 도곡 메타세쿼이아 로드 페스타 시즌2는 작년 관람객들의 뜨거운 호응에 힘입어 아름다운 양재천로 메타세쿼이아길에서 다시 한 번 개최된다. 이번 도곡 메타세콰이아 로드 페스타는 지난 번과 동일하게 마켓 스트리트(프리마켓), 뮤직 스트리트(음악회), 푸드 스트리트(먹거리존), 플레이 스트리트(원데이클래스)와 더불어 '밖으로 나온 도서관'를 설치하여 축제 속에서도 휴식을 느낄 수 있는 공간을 보완하여 구성한다.  마켓 스트리트는 지역 소상공인 및 우수업체와 더불어 강남구 사회적경제기업이 참여한 총 30개 업체가 참여하여 다양한 물품을 선보이며, 관내 요식업 종사자와 다양한 푸드트럭으로 구성된 푸드 스트리트는 방문객들의 입맛을 사로 잡을 예정이다. 그리고 다양한 테마의 체험 프로그램과 더불어 환경을 생각하는 업싸이클링 공예, 그리고 각종 직능단체 들이 펼치는 체험과 나눔의 장도 펼쳐진다. 마지막으로 가을의 축제 분위기에 어울리는 나윤권, 솔지 등 다양한 장르의 가수들이 출연하여 이번 축제의 분위기를 더욱 무르익게 할 것이다.","<a href="" https://dogokmrf.com/"" target=""_blank"" title=""새창 : 도곡 메타세쿼이아 로드 페스타 축제 홈페이지 이동""> https://dogokmrf.com/</a>",11:00~18:00,,무료(원데이클래스의 경우 주제별로 재료비 있음),20250927~20250927
3572025,15,동궐동락,서울특별시 종로구 창경궁로 185 (와룡동),"창경궁, 서울 종로구 율곡로 99 창덕궁",23,126.9964634775,37.5789336838,1522-2295,http://tong.visitkorea.or.kr/cms/resource/22/3572022_image2_1.jpg,Type3,EV,EV01,EV010400,"2025년 <동궐동락>은 조선시대 '동궐'이라 불렸던 창경궁과 창덕궁에서 펼쳐지는 궁궐 야간 탐방 프로그램이다. 본 프로그램에서는 도화서 화원과 함께 하는 몰입형 궁궐 투어(60분)와 동궐 후원 자유관람(40분)을 즐길 수 있다. 1일 4회(18:00~ / 18:20~ / 18:40~ / 19:00~), 회당 50명이 참여할 수 있으며, 회당 소요시간은 110분 내외이다.","<a href=""https://www.kh.or.kr/cont/view/fest/month/menu/210?thisPage=1&idx=110321&searchCategory1=600&searchCategory2=&searchCategory3=&searchField=all&searchDate=202511&weekSel=undefined&searchType=&searchText="" target=""_blank"" title=""새창 : 축제 페이지"">https://www.kh.or.kr/cont/view/fest/month/menu/210?thisPage=1&idx=110321&searchCategory1=600&searchCategory2=&searchCategory3=&searchField=all&searchDate=202511&weekSel=undefined&searchType=&searchText=</a>",18:00~21:00,,"유료 (30,000원)",20251111~20251116
3563444,15,방배카페 골목페스타,서울특별시 서초구 방배중앙로 193 (방배동),방배카페골목 상권 일대,15,126.9854168201,37.4963319705,070-4266-5368,http://tong.visitkorea.or.kr/cms/resource/52/3564652_image2_1.png,Type3,EV,EV01,EV010600,"본 행사는 방배카페골목 상권의 브랜드 가치를 널리 알리고, 상인과 주민, 주변 직장인 모두가 참여하는 다채로운 콘텐츠를 통해 골목 상권의 활력을 도모하고자 한다. 또한 상인 중심의 추진위원회 운영과 특화 콘텐츠 개발을 통해 지속가능한 골목 브랜드를 구축하며 지역과 상권이 함께 성장할 수 있는 기반을 마련하고자 한다. 특히 '골목이 카페다!'라는 슬로건은 과거 젊은이들의 문화 아지트이자 모임의 명소였던 그 시절의 카페를 현대적으로 재해석하여 골목 자체를 하나의 '카페'로 만들자는 의미를 담고 있다. '카페골목'의 정체성을 되살려 지역 상권의 활력을 높이고, 세대와 세대를 잇는 소통과 교류의 장으로 발전시키고자 하는 의지를 표현했다.","<a href=""https://www.seocho.go.kr/site/seocho/ex/bbs/View.do?pageIndex=1&pageUnit=10&cbIdx=59&searchMedia=&bcIdx=405392&searchCondition=subCont&searchKeyword="" target=""_blank"" title=""새창 : 축제 페이지"">https://www.seocho.go.kr/</a>",13:00~21:00,,무료,20251115~20251115
3073454,15,서울라이트 광화문,서울특별시 종로구 세종로 1-68 5호선 광화문역,광화문광장 일대,23,126.9767821434,37.5716786179,02-2133-1936,http://tong.visitkorea.or.kr/cms/resource/04/3581704_image2_1.jpg,Type3,EV,EV01,EV010200,"서울라이트 광화문은 대중이 함께 향유할 수 있는 미디어아트와 문화예술 콘텐츠로 구성된 서울의 대표적인 빛 축제이다. 2025 서울라이트 광화문은 <광화, 빛으로 숨쉬다>(Gwanghwa, Breathe with Light)를 주제로 개최된다. 서울은 수많은 사람들의 움직임과 이야기가 모여 하나의 생명체처럼 변화하는 도시이다.  그 중심에 선 광화문은 오랜 시간 역사와 시민의 삶이 이어져 온 서울의 상징적 공간이자, 한국 근대에 전기가 처음 들어와 도시의 밤이 빛을 얻은 ‘빛의 시작점’이다. 그 빛은 어둠을 밝히는 것을 넘어 사람들의 일상과 문화를 변화시켰으며, 그 흐름은 지금도 이어져 우리의 삶 곳곳에서 도시의 리듬을 만든다. 서울라이트 광화문은 그 첫 빛이 켜졌던 자리에서 서울의 변화를 다시 빛으로 비춘다.","<a href=""https://www.seoullightgwanghwamun.com/"" target=""_blank"" title=""새창 : 서울라이트 광화문 페이지"">www.seoullightgwanghwamun.com</a>","일-목 17:30 ~ 21:30 , 금-토 17:30 ~ 22:00",,무료,20251212~20260104
3012095,15,서울라이트 한강 빛섬축제,서울특별시 광진구 강변북로 2273 (자양동),뚝섬한강공원,6,127.0739939307,37.5294186076,02-6952-4907,http://tong.visitkorea.or.kr/cms/resource/17/3579117_image2_1.jpg,Type3,EV,EV01,EV010600,"서울라이트 한강 빛섬축제는 서울을 세계적인 미디어아트 도시로 향해 나아가게 하는 국내 최대 규모의 빛·레이저·미디어아트 축제이다. 매년 한강의 여섯 섬을 순회하며 열리는 이 축제는, 도시와 자연, 기술과 예술을 잇는 서울시의 대표적인 예술축제이다.

올해로 3회를 맞는 2025년 빛섬축제는, ‘빛의 스펙트라(Spectra of Light)’를 주제로 10월 3일(금)부터 12일(일)까지 10일간 뚝섬한강공원에서 펼쳐진다. 유원지를 간직한 뚝섬의 감성 위에, 예술과 기술이 빚어낸 다채로운 빛의 파장이 가을밤 한강에서 펼쳐진다. 다양한 빛의 파장처럼 감각을 확장하는 '레이저아트(Laser Art)' 전시와, 시민이 직접 빛이 되어 거대한 빛의 띠를 완성하는 비주얼 러닝 프로그램 ‘라이트 런(Light Run)’, 그리고 기술과 예술을 잇는 ‘빛섬렉처(Lecture)’까지. 가을밤, 한강 위에 빛의 향연이 펼쳐진다.","<a href=""https://bitseomfestival.com/2025/"" target=""_blank"" title=""새창 : 서울라이트 한강 빛섬축제 홈페이지 이동"">https://bitseomfestival.com/2025/</a>",18:30~22:30,,무료,20251003~20251012
3113548,15,서울생활예술페스티벌,서울특별시 용산구 양녕로 445 (이촌동),한강 노들섬,18,126.9580520415,37.5177178854,"02-758-2020, 2075",http://tong.visitkorea.or.kr/cms/resource/52/3542852_image2_1.jpg,Type3,EV,EV01,EV010200,"서울생활예술페스티벌은 “예술로 물드는 가을, 생활로 스며드는 예술” 속에서 시민 누구나 주인공이 되는 서울의 대표 생활예술축제이다. 한가위의 여운이 머무는 노들섬 가을 풍경 속, 500명의 시민예술가 무대에서 예술이 피어나고, 참여의 가치는 섬 전역으로 울림처럼 번지며, 일상 속에 예술의 바람을 불러일으키고, 가을밤 작가농부마켓에서 모두를 감싸는 예술의 내음이 감돈다.
세대를 아우르며 즐기는 따뜻한 동행의 장에서 가족, 친구, 이웃과 함께 예술로 일상을 잇는 순간을 경험할 수 있다.","<a href=""https://www.sfac.or.kr/opensquare/notice/notice_list.do?cbIdx=955&bcIdx=137044&type="" target=""_blank"" title=""새창 : 서울생활예술페스티벌 축제 페이지"">www.sfac.or.kr/</a>",13:00~20:00,,축제 입장료 무료 (축제 내 일부 체험프로그램 유료),20251011~20251011
2487791,15,서울아프리카페스티벌,서울특별시 중구 을지로 281 (을지로7가),,24,127.0095709797,37.5661076320,02-6082-0801,http://tong.visitkorea.or.kr/cms/resource/10/3558510_image2_1.jpg,Type3,EV,EV01,EV010200,"2016년 시작된 서울아프리카페스티벌은 '아프리카'를 단일 주제로 하는 국내 최대 규모의 축제이다. 무대공연, 부스, 체험 등 대사관 및 커뮤니티와 유관 기관들이 협력하여 마련하는 다채로운 프로그램을 통해 활기차고 생동감이 넘치는 아프리카 지역의 문화를 직접 만날 수 있다. 서울아프리카페스티벌은 매년 서울에서 열리는 '아프리카 문화 축제'로서, 세계시민으로 나아가는 발걸음이자 국가와 인종을 넘은 화합의 장이다. 서울의 중심, 동대문디자인플라자에서 열리는 제8회 서울아프리카페스티벌에서는 국적 연령 불문, 열정과 재능이 넘치는 아프리칸 소울을 엿볼 수 있는 아시아 아프리카 탤런트 어워드, 아프리카 브랜드와 국내 아프리칸 모델들을 조명하는 패션쇼도 만나볼 수 있다. 이처럼 서울아프리카페스티벌은 아프리카에 대한 새로운 콘텐츠와 경험을 제공하여 시민들이 문화 다양성을 넓히고, 국가와 인종을 넘어 세계시민으로 서로를 만날 수 있는 장을 마련한다.","<a href=""https://africafestival.kr/"" target=""_blank"" title=""새창 : 서울아프리카페스티벌 홈페이지 이동"">https://africafestival.kr/</a>",11:00~21:00,,무료,20250912~20250913
626944,15,서울억새축제,서울특별시 마포구 하늘공원로 95 (상암동),,13,126.8861432556,37.5691522880,02-300-5567,http://tong.visitkorea.or.kr/cms/resource/81/3544281_image2_1.JPG,Type3,EV,EV01,EV010200,"서울억새축제가 열리는 하늘공원은 과거 서울시 쓰레기 매립장이자 각종 쓰레기가 매립되어 만들어진 해발 98m의 인공 쓰레기 산으로, ’02년 FIFA 한·일월드컵' 개최에 맞춰 생태공원화하였다. 특히 하늘공원은 매립지의 척박한 환경이 자연으로 복원되어지는 변화를 표현하고자 '억새'를 심어 현재는 도심 속 광활한 억새밭에서 매년 10월 서울억새축제가 개최된다.","<a href=""https://parks.seoul.go.kr/story/news/detailView.do?searchTp=all&searchWd=&currentPage=1&bIdx=3598&SH_C_START_DATE=&SH_C_END_DATE=&SH_C_CODE=&SH_C_PARK_CODE"" target=""_blank"" title=""새창 : 서울억새축제 홈페이지 이동"">https://parks.seoul.go.kr/</a>",10:00~21:00,,무료,20251018~20251024
3384023,15,양천가족 거리축제,서울특별시 양천구 중앙로 지하261 (신정동),신정네거리역 일대(서울남부지방법원 방향 약 900m 구간),19,126.8530059985,37.5198490944,02-2021-8943,http://tong.visitkorea.or.kr/cms/resource/32/3544832_image2_1.jpg,Type3,EV,EV01,EV010200,"전 세대가 서로의 문화를 체험·공감하며 가족의 의미를 되짚어보는 ""양천가족 거리축제""를 우리 구 중심인 신정네거리역 일대에서 개최하여 양천구민 화합의 장을 마련하고자 한다.","<a href=""https://yfac.kr/main/contents.do?idx=2719"" target=""_blank"" title=""새창 : 고양축산페스티벌 축제 페이지"">http://yfac.kr/</a>",10:30~21:00,,무료,20251026~20251026
3368863,15,연남동 주민화합 대축제,"서울특별시 마포구 동교로 233 (연남동, 이트라이브연남빌딩)",일대,13,126.9240400306,37.5610122460,02-3153-6860,http://tong.visitkorea.or.kr/cms/resource/86/3542886_image2_1.jpg,Type3,EV,EV01,EV010600,"연남동 주민화합 대축제는 연남동 주민을 대상으로 개최되는 지역 문화 축제이다. 축제에서는 공연, 체험, 전시, 먹거리 등 다양한 프로그램이 운영된다. 공연은 음악, 무용, 퍼포먼스 등으로 구성되어 주민들이 함께 즐길 수 있도록 마련되어 있다. 체험 프로그램은 가족 단위 참여가 가능하며, 전시와 먹거리 장터는 지역 예술가와 상인이 참여하여 운영된다. 본 축제는 주민 간 교류와 소통을 촉진하고, 지역 공동체 형성을 지원하는 목적을 가지고 있다.","<a href=""https://mobing.kr/yn_festival2025"" target=""_blank"" title=""새창 : 연남동 주민화합 대축제 홈페이지 이동"">https://mobing.kr/yn_festival2025</a>",11:00~17:00,,무료,20250927~20250927
3387201,15,영등포선유도원축제,서울특별시 영등포구 선유로 343 (당산동),선유도공원,20,126.9024425270,37.5422918129,02-2629-2261,http://tong.visitkorea.or.kr/cms/resource/25/3552525_image2_1.JPG,Type3,EV,EV01,EV010500,"영등포선유도원축제는 시민들에게 다양한 문화예술 콘텐츠를 제공하고, 선유도공원의 여유로움 속에서 자연과 예술의 조화를 느낄 수 있도록 기획된 축제이다. 신비로운 선유도공원에서 완연한 가을을 경험할 수 있는 자리이며, 영등포 북페스티벌과 영등포플리마켓 & 예술체험, ‘킵어스’의 친환경 캠페인과 기후 재난 피해아동을 위한 ‘세이브더칠드런’의 빨간나무 캠페인, ESG 기업 '리더뉴'의 굿즈 증정 이벤트, 선유도 새산책, 선유요가, 선유도공원과 어우러지는 발레, 국악 등의 공연과 거리예술축제 등 다채로운 프로그램이 펼쳐질 예정이다. 선유도 포토존과 다양한 체험 부스는 물론, 현장에서만 만날 수 있는 특별한 프로그램과 깜짝 이벤트도 준비되어 있어 더욱 풍성한 즐거움을 선사하는 축제이다.","<a href=""https://www.ydpcf.or.kr/festival/seonyudo.do"" target=""_blank"" title=""새창 : 영등포선유도원축제 홈페이지 이동"">https://www.ydpcf.or.kr/festival/seonyudo.do</a>","10.24~25(금,토) 12:00~20:00 <br>10.26(일) 12:00~18:00",,무료,20251024~20251026
3113222,15,온 가족 책 잔치,서울특별시 종로구 북촌로5길 48 (화동),,23,126.9823786270,37.5797361152,02-2011-5742,http://tong.visitkorea.or.kr/cms/resource/51/3564751_image2_1.jpg,Type3,EV,EV01,EV010600,"온 가족 책 잔치는 2013년부터 매년 가을 정독도서관에서 열려온 서울시교육청 대표 독서문화 축제이다. 책을 매개로 가족과 이웃이 함께 어울리며 소통할 수 있는 장을 마련하고, 다양한 체험과 공연, 전시를 통해 독서의 즐거움과 가치를 일상 속에서 경험하도록 기획되었다. 특히 도서관·평생학습관, 지역 서점, 학교 독서동아리 등 다양한 기관이 힘을 모아 시민과 학생들이 직접 참여하는 프로그램을 운영함으로써 협력형 축제로 발전하였다. 책 읽는 온 가족 시상식, 문화 공연, 책과 연계된 창의 체험 활동, 친환경·전통문화 체험 등 다채로운 프로그램이 마련되어 남녀노소 누구나 즐길 수 있으며, 독서가 단순한 활동을 넘어 생활의 기쁨과 공동체의 가치를 느끼는 계기를 제공하는 의미 있는 행사이다.","<a href=""https://jdlib.sen.go.kr/jdlib/board/index.do?menu_idx=242&manage_idx=2478"" target=""_blank"" title=""새창 : 온 가족 책 잔치 홈페이지 이동"">https://jdlib.sen.go.kr/jdlib/board/index.do?menu_idx=242&manage_idx=2478</a>",11:00~17:00,,무료,20251018~20251018
3551526,15,용마루 숲길 축제,서울특별시 용산구 효창원로55길 8 (용문동),,21,126.9605734386,37.5388210345,010-9771-2090,http://tong.visitkorea.or.kr/cms/resource/93/3551493_image2_1.jpg,Type3,EV,EV01,EV010200,"2025 용마루 숲길 축제는 지역의 자연과 상권, 그리고 시민이 함께 어우러지는 도심 속 힐링 축제다.축제는 2025년 10월 24일(금)부터 11월 9일(일)까지 매주 금·토·일, 총 9회에 걸쳐 용마루길 상권 및 경의선 숲길 일대에서 열린다. “도심 속 나만의 힐링 오아시스!”를 슬로건으로, 버스킹 공연·일일 클래스·거리 퍼포먼스·체험 프로그램 등 다채로운 즐길 거리를 선보인다. 마켓 부스에서는 지역 상인회와 로컬 브랜드가 함께하는 팝업마켓(플리마켓)이 열린다. 관람객은 도심 속 숲길을 거닐며, 용산구 지역 상권과 문화가 공존하는 따뜻한 축제의 풍경 속에서 ‘함께 걷는 일상의 여유와 쉼’을 체험할 수 있다.","<a href=""https://www.yongsan.go.kr/portal/bbs/B0000041/view.do?nttId=718229&menuNo=200228"" target=""_blank"" title=""새창 :  용마루 숲길 축제 홈페이지 이동"">https://www.yongsan.go.kr/portal/bbs/B0000041/view.do?nttId=718229&menuNo=200228</a>",13:00~20:00,,무료,20251024~20251109
142233,15,정동문화축제,서울특별시 중구 정동,(세종대로 19길 124),24,126.9753629579,37.5670957913,02-3701-1603,http://tong.visitkorea.or.kr/cms/resource/15/3552215_image2_1.jpeg,Type3,EV,EV01,EV010600,"경향신문이 주최하는 제27회 정동문화축제가 10월23~25일 서울 중구 정동길과 온라인에서 열린다. 경향신문~프란치스코 교육회관~서울시립미술관~덕수궁 대한문으로 이어지는 정동길은 대한제국 시절 외교·문화 ·교육의 중심지였다. 역사와 전통이 살아 숨쉬는 정동길은 걷는 것만으로도 소확행(小確幸)을 느낄 수 있는 곳이다. 사흘간의 축제 기간 동안 정동로터리에는 거리 페스티벌과 ‘기억의 풍선’ 설치가 진행된다. 또한 거리에서 만나는 예술, 추억의 오락실, 풍금 연주하기, 캐리커처 등 시민참여 행사도 함께 펼쳐진다.","<a href=""https://business.khan.co.kr/jeongdong/festival/introduce"" target=""_blank"" title=""새창:정동문화축제 홈페이지로 이동"">https://business.khan.co.kr/jeongdong/festival/introduce</a>",12:00~17:00,,무료,20251023~20251025
3524418,15,제2회 고메 잇 강남,서울특별시 강남구 영동대로 513 (삼성동),,1,127.0592179950,37.5119175967,070-7734-7796,http://tong.visitkorea.or.kr/cms/resource/24/3563924_image2_1.png,Type3,EV,EV03,EV030400,"'제 1회 고메 잇 강남:서울야장'이 야시장 감성으로 도심 속 힐링 공간을 선보였다면, 제 2회 고메 잇 강남은 '미식 축제' 컨셉에 맞추어 셰프 안주 쿠킹쇼, 맛있는 100여가지의 메뉴들과 함께 축제를 구성할 예정이다. 11월 4일 화요일 부터 11월 16일 일요일 까지 코엑스 동문 앞 광장에서 개최된다. 도심 한가운데에서 펼쳐지는 F&B 페스티벌로, 누구나 쉽게 접근할 수 있으며 음식 뿐만이 아닌 주류도 함께 즐기며 다양한 프로그램을 체험해볼 수 있는 축제이다.","<a href=""https://www.instagram.com/gourmet_eat_gangnam/"" target=""_blank"" title=""새창 : 고메 잇 강남 홈페이지로 이동"">https://www.instagram.com/gourmet_eat_gangnam/</a>",11:00~23:00,,무료,20251104~20251116
629742,15,제46회 서울무용제,서울특별시 종로구 대학로8길 7 (동숭동),,23,127.0029878163,37.5812640855,02-744-8066,http://tong.visitkorea.or.kr/cms/resource/87/3567087_image2_1.jpg,Type3,EV,EV02,EV020500,"""~스럽다"", ""~답다"" 라는 말로 수식되던 성향과 취향을 넘어서, 나는 나로서 존중되는 새로운 유기적 관계를 만들어가는 시대가 도래했다. 이제는 융합이 아닌 연결, 본질은 유지한 채 각각의 개성과 독립적 형태에서 상호 작용하며 존중되고, 그 속에서 새로운 발전을 이루는 옴니보어(omnivore)의 시대이다. 하나와 또 다른 하나 혹은 그 이상의 것들이 연결되어 새로운 예술적 언어를 창조하고 나아가 예술적 확장을 이루어가고자 한다. 사회적 그리고 예술적 맥락에서 개인을 존중하며 영향을 미치는 유기적 관계를 지향하는 제46회 서울무용제는 고정관념에 머물지 않고, 다양한 경험과 선택이 가능한 축제이자 새로운 창작의 가능성을 여는 축제로써 한발 더 다가가고자 한다.","<a href=""https://sdf1979.koreadanceassociation.org/v2/"" target=""_blank"" title=""새창 : 서울무용제 홈페이지로 이동"">https://sdf1979.koreadanceassociation.org/v2/</a>",20:00,,프로그램별 상이,20251121~20251207
3526695,15,제6회 푸른하늘의 날 기념행사,서울특별시 중구 을지로 지하12 (을지로1가),,24,126.9787960237,37.5655015943,02-2088-7388,http://tong.visitkorea.or.kr/cms/resource/94/3526694_image2_1.jpg,Type3,EV,EV03,EV030400,"푸른하늘의 날을 기념하여 9월 3일(수) 서울광장에서 열리는 환경부 수도권대기환경청 '푸른하늘의 날 기념행사' 이다. 푸른하늘을 지키기 위한 우리의 질주를 주제로 다양한 체험 프로그램, 공연 프로그램, 전시 등을 진행하는 행사이다. 무대 프로그램으로는 푸른 하늘을 지키는 목소리의 어린이 주인공들의 본선이 진행될 예정이며, 모든 연령이 참여할 수 있는 '푸른하늘 퀴즈쇼'를 진행한다. 사전 등록을 진행한 사람들에게 모두 '양우산'을 증정하고 1등에게는 푸른 하늘상 상금 50만원(1명), 2등에게는 깨끗한 공기상 상금 20만원(3)명, 추첨을 통한 행운상(3명)의 상품을 증정한다. 또한, '푸른 하늘 뮤직쇼'를 통한 푸른 하늘, 깨끗한 공기를 주제로한 공연이 진행되며 KCM 공연, 밴드 공연이 포함되어 있다. 마지막으로 '푸른 하늘 어린이 웅변대회'와 '하늘사랑 그림공모전' 시상식을 진행한다. 텀블러를 소지한 관람객에게는 '음료 무료 제공'과 '텀블러 꾸미기' 체험 프로그램을 진행할 수 있으며, 푸른 하늘 360도 포토존(이벤트 진행), 하늘사랑 그림공모전 수상작 전시를 진행한다.","<a href=""https://www.instagram.com/blueskymamo/"" target=""_blank"" title=""새창 : 푸른하늘의 날 기념행사 홈페이지로 이동"">https://www.instagram.com/blueskymamo/</a>",11:00~16:00,,무료,20250903~20250903
2405329,15,종로K축제,서울특별시 종로구 세종대로 지하172 (세종로),광화문광장,23,126.9767821434,37.5716786179,02-6203-1164,http://tong.visitkorea.or.kr/cms/resource/64/3563664_image2_1.jpg,Type3,EV,EV01,EV010400,"종로K축제는 2016년부터 매년 가을 개최하는 종로구 대표 브랜드 축제이다. 2025년 10주년을 맞이하여 한복을 넘어 우리 문화를 온전히 즐길 수 있는 종합전통예술축제 '종로K축제'로 거듭나고자 한다. 10월부터 10일 동안 축제주간을 운영하고, 10월 17일과 18일 양일간 개막식과 패션쇼, 전시 · 체험 · 판매 등 다양한 볼거리와 즐길거리가 진행된다.","<a href=""https://jongnofestival.kr/2025/html/?p=0601"" target=""_blank"" title=""새창 :  종로한복축제 홈페이지 이동"">https://jongnofestival.kr</a>",10:00~20:00,,무료,20251017~20251018
2621558,15,중랑용마폭포축제,서울특별시 중랑구 용마산로 250-12 (면목동),,25,127.0891385242,37.5734054382,02-3407-6532,http://tong.visitkorea.or.kr/cms/resource/95/3540195_image2_1.JPG,Type3,EV,EV01,EV010200,"아시아 최고의 인공폭포인 용마폭포와 함께 가을 밤의 감성있는 무대를 즐길 수 있는 축제로, 다양한 구민 참여 프로그램과 축제 전야제(들썩들썩 밤마실 영화제), 중랑 재능 콩쿠르, 가족 나들이 에어바운드 체험 등이 가능한 생활형 문화예술축제이다.","<a href=""https://www.jnfac.or.kr/contents/1335"" target=""_blank"" title=""새창 : 중랑용마폭포축제 홈페이지 이동"">https://www.jnfac.or.kr/contents/1335</a>",09.26<br>17:00~21:00<br>09.27<br>11:00~21:00,,무료,20250926~20250927
3489468,15,창덕궁 약다방,서울특별시 종로구 율곡로 99 (와룡동),,23,126.9902446339,37.5777031595,1522-2295,http://tong.visitkorea.or.kr/cms/resource/51/3489451_image2_1.jpg,Type3,EV,EV01,EV010400,"창덕궁 궐내각사의 고풍스러운 분위기 속에 자리하고 있는 약방은 내의원(內醫院)과 함께 궁중의 치료를 위해 왕실의 약재를 보관하고 관리하던 곳이었다. <창덕궁 약다방> 프로그램은 조선왕조실록의 내용을 토대로 궁중에서 사용되었던 약재와 약방 공간을 현대적으로 재해석하여, 오늘날에도 즐길 수 있도록 구성된 체험 프로그램 축제 이다.","<a href=""https://www.kh.or.kr/cont/view/all/day/menu/361?thisPage=1&idx=110216&searchField=all&searchDate=20251001&weekSel=&searchText=%EC%95%BD%EB%8B%A4%EB%B0%A9"" target=""_blank"" title=""새창 : 축제 페이지"">https://www.kh.or.kr/</a>",10:30~16:20,,"유료(추첨제 15,000원 / 50%할인 : 장애인, 국가유공자 해당)",20251001~20251023
3367338,15,2025 K-웨이브 댄스 페스티벌,서울특별시 서초구 올림픽대로 2085-14 (반포동),,15,126.9965764639,37.5123025381,010-2874-6881,http://tong.visitkorea.or.kr/cms/resource/65/3546365_image2_1.jpg,Type3,EV,EV02,EV020700,"2025 K-Wave Dance Festival은 반포한강공원 세빛섬 앞 수변무대에서 올해로 3번째로 진행된다. LOVE in 17˚C & 193˚C 라는 컨셉으로 열리는 이번 행사는, 전국 17개 행정구역과 전 세계 193개국이 춤으로 사랑을 교감한다는 의미를 갖고 있다. 193개국을 대상으로, 한국 문화와 춤을 사랑하는 해외 일반 참여자 100여 명이 자발적으로 국내를 방문해 열정적인 무대와 퍼포먼스를 제공한다. 유명 인플루언서, 전문 예술인들의 초청 공연뿐만 아니라 일반 시민들이 참여할 수 있는 시민참여 프로그램도 준비되어 있다.","<a href=""https://www.k-wavedance.com/"" target=""_blank"" title=""새창 : K-웨이브 댄스 페스티벌 홈페이지 이동"">www.k-wavedance.com</a>",16:00~21:00,,무료,20251011~20251012
2622167,15,2025 경북사과홍보행사,서울특별시 중구 을지로 지하12 (을지로1가),,24,126.9787960237,37.5655015943,대경사과원예농협 053-740-3033<br>경상북도 친환경농업과 054-880-3372,http://tong.visitkorea.or.kr/cms/resource/59/3550559_image2_1.jpg,Type3,EV,EV03,EV030400,"11월 10일부터 12일까지 3일간 서울광장에서 열리는 2025 경북사과홍보행사는 경상북도와 14개 사과 주산지 시장군수협의회가 주최하고 대경사과원예농업협동조합이 주관한다. 이번 행사는 경북사과의 우수성과 경쟁력을 수도 한복판에서 널리 알리고 실질적인 소비 촉진을 도모하는 데 목적이 있다. 행사 기간에는 명품사과전시관과 사과 조형물이 설치되며 개막식을 비롯해 공연과 문화행사, 경연행사, 참여형 부대행사가 진행된다. 오전 10시부터 오후 5시까지 운영되며, 현장에서 다양한 품종의 경북사과 전시와 시식, 체험 프로그램이 제공된다. 서울시민과 전국 소비자가 함께 어울려 경북사과의 브랜드 가치를 직접 경험하고 전국적 인지도를 확산하는 계기가 된다.",,10:00~17:00,,무료,20251110~20251112
2802077,15,2025 과학영재교육 페스티벌,서울특별시 강남구 테헤란로7길 22 (역삼동),,1,127.0307542337,37.5007739351,070-8803-6226,http://tong.visitkorea.or.kr/cms/resource/28/3572728_image2_1.jpg,Type3,EV,EV03,EV030400,"과학영재교육 페스티벌은 우리나라 과학영재교육의 학술적 성과를 한 자리에서 확인하고, 과학영재교육의 주체인 학생들이 이뤄낸 다양한 연구 결과와 탐구 성취를 공유하는 배움과 성장의 장을 형성하고, 17개 시도교육청 및 유관 공공기관 등 다양한 정책 주도기관이 공유하는 정책적 성과 및 발전을 확산하는 행사이다. 변화의 속도가 더욱 빨라지는 AX(Advanced Transformation) 시대를 맞아, 과학영재들이 미래 사회의 도전과제를 어떻게 바라보고 해결해 나갈지 함께 생각해 보는 뜻깊은 자리가 될 것이다. 과학영재교육 페스티벌은 과학영재교육에 관심있는 누구나 자유롭게 참여가 가능하고, 올해는 ""과학영재, AX시대를 밝히다""라는 주제로 12월 23일(화) 과학기술컨벤션센터에서 개최된다. 다양한 전시 프로그램, 과학영재 창의연구 발표, 교육기관 부스 운영, 정책 성과 공유 세션 등이 마련되어 있어 참여자들은 과학영재교육의 현재와 미래를 한눈에 조망할 수 있다.","<a href=""https://sgf2025.kr/"" target=""_blank"" title=""새창 : 과학영재교육 페스티벌 홈페이지로 이동"">https://sgf2025.kr/</a>",10:00~18:00,,무료,20251223~20251223
2854855,15,2025 대한민국 관광기념품 박람회,서울특별시 중구 을지로 281 (을지로7가),,24,127.0095709797,37.5661076320,010-8315-5434,http://tong.visitkorea.or.kr/cms/resource/83/3550583_image2_1.jpg,Type3,EV,EV03,EV030200,"흥미진진한 K-굿즈로 가득한 기념품 랜드, 2025 대한민국 관광기념품 박람회 (The Souvenir Fair 2025)가 11월 21일부터 23일까지, 동대문디자인플라자(DDP) 아트홀 1,2관에서 개최된다. 2025 대한민국 관광기념품 박람회에서는 130여 개 기업과 지자체가 모여 전통과 최신 트렌드를 담은 다양한 기념품을 선보일 예정이다. 방문객은 1관 이스트 랜드(East Land)와 2관 웨스트 랜드(West Land)로 나뉜 전시장을 자유롭게 여행하며 기념품 쇼핑, 체험, 미니게임, 퍼레이드 등 다채로운 프로그램을 즐길 수 있다. 공모전 수상작 전시, 지역 우수 기념품 존, 해외 기념품 특별전도 마련돼 있어 보는 재미와 사는 재미를 동시에 느낄 수 있다.","<a href=""https://kto.visitkorea.or.kr/kor/souvenir/main.kto"" target=""_blank"" title=""새창 : 대한민국 관광기념품 박람회"">https://kto.visitkorea.or.kr/</a>",10:00~19:00,,무료,20251121~20251123
3554794,15,2025 대한민국 김장대축제,서울특별시 서초구 강남대로 27 (양재동),,15,127.0407514903,37.4673918780,031-8027-0480,http://tong.visitkorea.or.kr/cms/resource/85/3562885_image2_1.jpg,Type3,EV,EV03,EV030400,"'2025 대한민국 김장대축제’는 한국의 대표 식문화이자 공동체 문화를 상징하는 김장문화를 계승·확산하기 위해 마련된 전국 규모의 참여형 행사이다. 한국농수산식품유통공사(aT)가 주최하며, 서울시와 김치협회가 공동으로 주관한다. 또한 김치 및 김장재료 판매, 김치 명인 판매관, 김장문화 홍보관 운영 등을 통해 전통의 가치와 현대적 소비 트렌드를 연결하고 있다. 그 밖에도 김치 할인, 식재료 직거래 장터 특판전, 축하공연, 다양한 체험 부스 운영 등으로 구성되어 있으며, 국민 누구나 참여 가능한 김치 문화 축제로 자리 잡고 있다. 이번 행사는 김치산업의 경쟁력 제고와 국내 소비 활성화, 나아가 김치를 중심으로 한 한식 세계화에 기여하는 것을 목표로 한다.","<a href=""https://kimjang-festa.com/default/"" target=""_blank"" title=""새창 : 대한민국 김장대축제 홈페이지로 이동"">https://kimjang-festa.com/default/</a>",10:00~18:00,,무료,20251122~20251122
2769990,15,2025 대한민국 우리술 대축제,서울특별시 서초구 강남대로 27 (양재동),,15,127.0407514903,37.4673918780,02-6952-9498,http://tong.visitkorea.or.kr/cms/resource/72/3550272_image2_1.jpg,Type3,EV,EV03,EV030200,"2025 대한민국 우리술대축제는 전통주의 가치와 다양성을 널리 알리고 국내외 소비자와의 소통을 강화하기 위해 마련된 국내 최대 규모의 전통주 축제이다. 서울 양재동 aT센터 제1전시관에서 2025년 11월 14일부터 16일까지 3일간 개최되며, 전국 각지의 우수한 전통주를 한자리에서 만날 수 있다. 우리 전통술을 한 자리에서 마주하며 시음·체험·구매를 통해 전통주의 매력을 직접 경험할 수 있다. 또한 전통주를 활용한 다양한 프로그램과 이벤트가 진행되어 누구나 즐길 수 있는 문화 축제의 장을 제공하고자 한다.","<a href=""https://thesool.com/front/home/M000000000/index.do"" target=""_blank"" title=""새창 : 대한민국 우리술 대축제"">https://thesool.com/</a>",13:00~20:00,,"10,000원",20251114~20251116
3069470,15,2025 로맨틱 한강 크리스마스 마켓,서울특별시 광진구 강변북로 2202 (자양동),,6,127.0655391172,37.5304044529,070-5149-5313,http://tong.visitkorea.or.kr/cms/resource/34/3578234_image2_1.jpg,Type3,EV,EV03,EV030400,"‘2025 로맨틱 한강 크리스마스 마켓’은 크리스마스 시즌 단 7일간 뚝섬한강공원에서 열린다. '겨울 놀이터'를 테마로 가족, 친구, 연인 등 다양한 방문객이 즐길 수 있도록 포토존, 푸드존, 마켓존 등으로 구성된다. 빛과 트리로 구성한 다채로운 포토존에서는 함께 방문한 이들과 사진을 찍으며 추억을 기록할 수 있다. 푸드존에서는 겨울철 간식과 세계의 다양한 음식을 즐길 수 있고, 마켓존에서는 크리스마스 소품과 수공예품 등을 판매한다. 매일 다양한 체험 프로그램도 운영되며, 크리스마스 이브와 크리스마스 저녁에는 특별한 공연이 열려 한강의 겨울밤을 더욱 로맨틱하게 만들어 줄 예정이다.","<a href=""https://www.instagram.com/hangang.christmas?igsh=NGdvazVzb2dhN2dz&utm_source=qr"" target=""_blank"" title=""새창 : 로맨틱한강 크리스마스 마켓 축제 페이지"">https://www.instagram.com/hangang.christmas/</a>",14:00~21:00,,무료,20251219~20251225
2384776,15,2025 한강명산트레킹(2차),서울특별시 중랑구 용마산로 250-12 (면목동),,25,127.0891385242,37.5734054382,02-490-2768,http://tong.visitkorea.or.kr/cms/resource/24/3547824_image2_1.png,Type3,EV,EV03,EV030400,"서울 내 한강 및 명산의 아름다운 트레킹 코스를 개발하여, 서울 시민들에게 걷기 기회를 제공을 통해 시민 건강을 향상시켜주는 프로그램이다. 시민들이 일상 속에서 쉽게 참여할 수 있도록 도심 접근성과 자연 환경을 고려하여 코스를 구성하였다. 2025년 한강명산트레킹은 가족과 함께 트레킹, 연인과 함께 트레킹, 나는 솔로 트레킹, 멍멍트레킹, 패션뽐내기 트레킹 등 회차별 다양한 테마로 운영될 예정이다. 각 회차마다 트레킹 코스와 테마에 어울리는 이벤트도 함께 마련될 계획이다. 회차별 최대 600명이 참가할 수 있으며, 멍멍트레킹의 경우 최대 200명(반려견 50마리 이내)이 참가할 수 있다. 본 사업을 통해 서울시민에게 그동안 발견하지 못했던 서울의 매력을 체험하고, 걷는 즐거움을 느낄 수 있는 기회를 제공할 예정이다.","<a href=""https://seoulsports.or.kr"" target=""_blank"" title=""새창: 서울특별시체육회 홈페이지로 이동"">https://seoulsports.or.kr</a>",09:00~14:00,,무료,20251109~20251109
3351622,15,DDP 가을축제: 디자인 라운지,서울특별시 중구 을지로 281 (을지로7가),,24,127.0095709797,37.5661076320,02-2088-4957,http://tong.visitkorea.or.kr/cms/resource/46/3542846_image2_1.jpg,Type3,EV,EV01,EV010200,"'올가을, 은빛의 DDP가 단 3일간 특별한 색으로 물든다. DDP의 거대한 공간과 거리 곳곳에 거대한 드로잉 월이 세워져 시민 모두가 작가가 되는 채색 축제가 시작된다. 여러분이 더하는 작은 색 한 줄기, 붓 터치 하나가 모여 DDP를 완성하는 가을빛 작품이 되는 축제이다.","<a href=""https://ddp.or.kr/index.html?menuno=230&siteno=2&bbsno=709&boardno=16&bbstopno=709&act=view&subno="" target=""_blank"" title=""새창 : DDP 가을축제: 디자인 라운지 페이지"">https://ddp.or.kr/index.html?menuno=230&siteno=2&bbsno=709&boardno=16&bbstopno=709&act=view&subno=</a>",11:00~18:00,,무료,20250926~20250928
131140,28,강서청소년회관,서울특별시 강서구 공항대로42길 23-19,,4,126.8442724314,37.5564807920,,http://tong.visitkorea.or.kr/cms/resource/55/3437455_image2_1.jpg,Type3,VE,VE10,VE100200,"강서청소년회관은 청소년을 위한 공간이다. 청소년들의 인성개발과 정서 함양을 통하여 21세기 주역으로 성장하게 하고 지역사회 문화 발전을 도모하기 위해 각종 문화강좌를 비롯하여 학습, 체육, 어울마당 등 여가 프로그램을 시행함으로써 지역사회의 발전에 기여하는데 그 목적이 있다.
다양한 프로그램과 활동을 통해 청소년들의 문화, 예술, 체육, 진로 탐색 등을 지원하는 곳으로, 청소년들의 건강한 성장을 돕고 있다. 청소년들이 자유롭게 이용할 수 있는 공간과 각종 교육 프로그램이 마련되어 있으며, 이를 통해 사회적 기술과 자기계발을 도울 수 있는 기회를 제공한다.","<a href=""http://www.gs-youth.or.kr "" target=""_blank"" title=""새창 : 강서청소년회관 홈페이지로 이동"">http://www.gs-youth.or.kr </a>",,,,
2704696,28,경춘선숲길,서울특별시 노원구 하계동 107-2,,9,127.0694164404,37.6316233163,,http://tong.visitkorea.or.kr/cms/resource/58/2650858_image2_1.jpg,Type3,LS,LS01,LS011900,경춘선숲길은 옛 경춘선이 오가던 철로를 단장해 뉴트로 명소로 자리 잡고 있다. 일제강점기 때  경춘철도주식회사에 의해 1939년 7월 25일 사설철도로 개통하여 2010년 12월 20일을 71년간의 마지막 열차 운행을 마치고 폐선이 되었다. 버려졌던 폐철길을 2013년부터 단계적으로 공원으로 조성하여 경춘선의 추억을 되살리고 다시금 생명이 깃든 길을 만들어 천천히 쉬어가며 자연과 나란히 걸을 수 있는 경춘선숲길로 재탄생되었다. 구간마다 다양한 테마가 있어 지루할 틈이 없다. 날씨가 좋은 날 걷기에 아주 좋은 코스이다.,"<a href=""https://parks.seoul.go.kr/parks/detailView.do?pIdx=1380"" target=""_blank"" title=""새창 : 서울의 공원으로 이동"">https://parks.seoul.go.kr/parks</a>",,,,
130999,28,고덕사회체육센터,서울특별시 강동구 구천면로93길 12 (상일동),,2,127.1687596859,37.5512288958,,http://tong.visitkorea.or.kr/cms/resource/82/3413882_image2_1.jpg,Type3,LS,LS02,LS020700,"고덕사회체육센터는 1988년 개장하여 지역사회주민들의 건강증진 기여 및 삶의 질 향상을 위해 운영하고 있다. 시설은 수영장과 헬스장, 에어로빅실, 대체육관, 스피닝실, 강의실 등을 갖추고 있다. 수영교실부터 체육교실, 헬스교실, 재키스피닝교실, 문화교실 등 각종 프로그램이 다양하게 운영되고 있다.","<a href=""http://www.kdsports.or.kr/"" target=""_blank"" title=""새창 : 고덕사회체육센터 홈페이지로 이동"">http://www.kdsports.or.kr/</a>",,,,
2591873,28,고척 스카이돔,서울특별시 구로구 경인로 430 (고척동),,7,126.8668969788,37.4992128511,,http://tong.visitkorea.or.kr/cms/resource/29/3082829_image2_1.jpg,Type3,VE,VE10,VE100100,"고척 스카이돔은 고척동에 건립된 대한민국 최초의 돔 야구장으로 2015년에 준공되었다. 이곳은 야구 경기 외 대형공연, 체육시설, 문화공간 등이 갖춰진 복합공간으로 운영된다. 2017년 국내 최초로 WBC(월드베이스볼클래식) 대회가 열렸으며 프로야구단인 키움 히어로즈의 홈구장으로서 한국 야구의 메카로 거듭나고 있다. 고척스카이돔은 지하 2층, 지상 4층으로 이루어져 있고 관람석은 16,783석이다. 공공 체육시설 확충과 다양한 행사가 가능한 문화시설 제공을 위해 국내 최초의 돔 야구장으로 건립된 고척스카이돔은 사계절 내내 기상 상황과 상관없이 체육·문화행사를 즐길 수 있는 대한민국 최고의 복합체육 문화시설이다. 또한 각종 행사 시 연계 행사가 열리기도 하는 보행광장과 야구를 테마로 구성한 야구테마거리가 고척스카이돔과 연결되어 있다. 그 외에도 수영장, 헬스장, 축구장, 농구장, 서울아트책보고 등을 갖추고 있다.","<a href=""https://www.sisul.or.kr/open_content/skydome/"" target=""_blank"" title=""새창 : 서울시설공단 홈페이지로 이동"">https://www.sisul.or.kr/skydome</a>",,,,
131453,28,관악청소년센터,서울특별시 관악구 신림로23길 17 (신림동),,5,126.9350193668,37.4702146570,,http://tong.visitkorea.or.kr/cms/resource/65/3589365_image2_1.jpg,Type1,VE,VE10,VE100200,"관악청소년센터는 관악구민들에게 생활체육과 화강좌 프로그램을 제공하는 공간이다. 올바른 청소년상을 구현하기 위해 각종 청소년 프로그램과 문화공간을 제공한다. 센터에는 실내수영장과 소극장, 동아리실, 문화교실, 헬스장, 피아노교실 등 다양한 문화공간이 구비되어 있다.","<a href=""https://booking.gwanakgongdan.or.kr/booking/1580"" target=""_blank"" title=""새창 : 관악구시설관리공단 홈페이지로 이동"">https://booking.gwanakgongdan.or.kr/</a>",[수영장]<br>- 평일 06:00~20:50<br>- 토요일 06:00~20:50<br>[헬스장]<br>- 평일 06:00~20:50<br>- 토요일 09:00~18:00<br>[체육관]<br>- 평일 06:30~21:50<br>[청다락(청소년쉼터)]<br>- 평일 14:00~18:00<br>- 토요일 10:00~18:00,매주 일요일,시설별 상이,
1029885,28,난지한강공원 익스트림장,서울특별시 마포구 한강난지로 162 (상암동),,13,126.8851546298,37.5630252055,,http://tong.visitkorea.or.kr/cms/resource/46/3466946_image2_1.jpg,Type3,LS,LS01,LS011600,"난지한강공원 익스트림장은 난지한강공원 내에 위치한 자전거공원에 산악자전거 전문 마니아뿐만 아니라 초, 중급 자전거 입문자들도 익스트림 자전거를 쉽고 안전하게 즐길 수 있는 MTB(Mountain Terrain Bike) 코스장이다. 폭 4m, 길이 450m 규모의 MTB 코스장(산악자전거 체험장)은 평지에 조성된 국내 최초 MTB 코스장으로, 산의 굴곡과 경사가 완벽하게 재현되어 있다.","<a href=""https://hangang.seoul.go.kr/www/facility/map.tab?srchCd=9030"" target=""_blank"" title=""새창 : 난지한강공원 홈페이지로 이동"">http://hangang.seoul.go.kr/</a>",,,,
2773417,28,다이브라이프,서울특별시 서초구 반포대로20길 27 (서초동),지하1층,15,127.0113174718,37.4881167222,,http://tong.visitkorea.or.kr/cms/resource/16/2794416_image2_1.jpg,Type3,LS,LS02,LS020400,"서울시 서초구에 위치한 프리다이빙 및 스쿠버다이빙 전문 교육센터이다. 깊이 3m, 가로 5m, 세로 8m의 센터 전용 풀장에서 자유로운 연습과 프리다이빙, 스쿠버다이빙 등의 전문적인 강습을 받을 수 있다. 다양한 수준과 연령대를 위한 전문 강습 및 체험 프로그램이 준비되어 있다. 풀장 밖에서도 풀장을 관람할 수 있도록 관람 창이 설치되어 있어 센터 내 카페를 이용 시 풀장 속 스킨스쿠버들을 볼 수 있다. 네이버 예약 시스템을 통해 사전 예약 및 결제 후 이용이 가능하며, 1인당 2시간씩 예약을 할 수 있다.",,,,,
3076152,28,더클라임 클라이밍 마곡점,서울특별시 강서구 마곡동로 62 (마곡동),마곡사이언스타워 7층,4,126.8339038169,37.5606079049,,http://tong.visitkorea.or.kr/cms/resource/80/3497580_image2_1.jpg,Type3,LS,LS01,LS011300,"더클라임은 클라이밍을 처음 접하는 사람들도 쉽고 재미있게 할 수 있는 실내 암벽등반장이다. 전국 최대 볼더링 짐으로써 서울과 경기도에 걸쳐 10개의 지점을 동시에 이용할 수 있다. 클라이밍을 즐기는 것뿐만 아니라 클라이밍에 관련된 피트니스 트레이닝도 할 수 있다.
클라이밍을 전문적으로 연구한 석사 출신의 강사와 현 국가대표로 이루어진 전문 강사진으로부터 체계적인 강습을 받을 수 있다.","<a href=""http://theclimb.co.kr"" target=""_blank"" title=""새창 : 더클라임 홈페이지 로 이동"">http://theclimb.co.kr</a>",,,,
2753381,28,더클라임 클라이밍 양재점,"서울특별시 강남구 남부순환로 2615 (도곡동, 극동스타클래스)",지하1층,1,127.0358930949,37.4852341646,,http://tong.visitkorea.or.kr/cms/resource/71/3497571_image2_1.jpg,Type3,LS,LS01,LS011300,더클라임은 클라이밍을 처음 접하는 사람들도 쉽고 재미있고 안전하게 클라이밍 할 수 있는 곳이다. 전국 최대 볼더링 짐으로써 서울과 경기도에 걸쳐 10개의 지점을 동시에 이용할 수 있다. 클라이밍을 전문적으로 연구한 석사 출신의 강사와 현 국가대표로 이루어진 전문 강사진으로부터 체계적인 강습을 받을 수 있다.,"<a href=""http://theclimb.co.kr"" target=""_blank"" title=""새창 : 더클라임 홈페이지 로 이동"">http://theclimb.co.kr</a>",,,,
2743751,28,뚝섬 윈드서핑장,서울특별시 광진구 강변북로 2326 (자양동),,6,127.0794573887,37.5270995313,,http://tong.visitkorea.or.kr/cms/resource/39/2784439_image2_1.jpg,Type3,LS,LS02,LS020100,"뚝섬 윈드서핑장은 서울 한강변에 위치한 대표적인 수상 레저 스포츠 시설이다. 한강에서 윈드서핑, 패들 보드, 카약, 패들 요가, 바나나보트 등의 수상스포츠를 즐길 수 있는 곳이다. 뚝섬한강공원 내 테니스장 옆에 위치해 있다. 
활동적인 스포츠를 즐기는 젊은 층에게 인기 있는 장소로 서핑장 내에 여러 사설 업체가 프로그램을 운영 중이다. 초보자부터 숙련자까지 모두 즐길 수 있도록 다양한 강습 프로그램과 장비 대여 서비스를 제공한다. 넓은 수상 공간과 한강의 안정된 바람 조건은 윈드서핑에 최적화되어 있다. 도심 속에서 자연과 스릴을 동시에 느낄 수 있는 매력적인 장소이다.",,,,,
2946635,28,레전드히어로즈 잠실롯데월드몰점,서울특별시 송파구 올림픽로 300 (신천동),3층,18,127.1040749597,37.5141653654,,http://tong.visitkorea.or.kr/cms/resource/94/2947194_image2_1.jpg,Type1,LS,LS04,LS040100,"2022년도 JTBC 방영 예능프로그램 <소시탐탐>에서 소녀시대 윤아와 수영이 실내에서 액티비티를 즐기던 스크린 테마파크이다. 날씨와 환경에 제약 없이 남녀노소 누구나 즐길 수 있는 체험형 실내 스포츠로 야구, 축구, 양궁, 사격, 레이싱게임, 클라이밍 등 10여 가지의 스포츠 종목과 게임이 마련되어 있다. 게임이 시작되면 상상보다 더 큰 몰입감에 누구나 집중해 경기에 임하게 된다. 원하는 게임을 예약한 후 차례가 오면 60초 이내에 카드를 태그 하는 방식인데, 이는 대기 시간을 단축해 주어 편리한 이용이 가능하다.","<a href=""https://www.legendheroesjamsil.co.kr/""target=""_blank"" title=""새창 : 레전드히어로즈 잠실롯데월드몰점으로 이동"">https://www.legendheroesjamsil.co.kr/</a>",,,,
2768087,28,롤파크,서울특별시 종로구 종로 33,그랑서울 타워[1] 3층 롤파크,23,126.9814539585,37.5710121125,,http://tong.visitkorea.or.kr/cms/resource/30/3454730_image2_1.JPG,Type3,VE,VE10,VE100100,"롤파크는 대한민국 최대 규모의 롤 대회인 LCK(League of legends Champions Korea)가 개최되는 공간이자 경기를 관람할 수 있는 곳이다. 주시설은 관람장이며 부대 시설로 LCK 아레나(라운지), 라이엇 스토어(굿즈), PC방, 카페로 구성되어 있다. 리그오브레전드는 2011년 12월 4일 출시된 라이엇의 MOBA 장르 게임으로 2019년 8월 기준 전 세계 동시 접속자 수가 800만 명을 넘는 등 현존하는 게임 중 최고의 인기를 끌고 있는 온라인 게임이다. 대한민국 롤 프로팀은 총 10팀이며 그중 LCK(League of legends Champions Korea) 에서 상위 성적을 이룬 3~4개의 팀은 세계 리그인 롤드컵(League of legends world championship)에 진출할 기회를 얻게 된다. 롤파크는 롤 프로게이머들의 꿈인 롤드컵으로 향하는 관문이다. LCK / WCK 정규 리그 일정에 따라 운영된다. 경기가 있는 날에는 경기 종료 시간이 운영 종료 시간이다.","<a href=""https://www.leagueoflegends.com/ko-kr/"" target=""_blank"" title=""새창 : 리그 오브 레전드 홈페이지로 이동"">https://www.leagueoflegends.com/ko-kr</a>",,,,
131297,28,롯데월드 아이스링크,서울특별시 송파구 올림픽로 240 (잠실동),,18,127.0976311526,37.5123821225,,http://tong.visitkorea.or.kr/cms/resource/94/3584594_image2_1.jpg,Type1,LS,LS01,LS010900,"잠실 롯데월드 지하 3층에 위치한 아이스링크는 낮에는 어드벤처 유리돔 천장으로부터 들어오는 자연채광의 야외 분위기에서, 밤에는 테마파크 야경과 퍼레이드 축제의 즐거움을 만끽할 수 있는 국내 최고의 실내 아이스링크장이다. 30mX60m 빙판 규격을 갖추고 있으며, 최대 800명까지 수용이 가능하다. 사이즈에 맞는 안전한 스케이트화 렌탈이 가능하며, 아이스링크 둘레에 안락한 좌석, 스케이트 이용 중 안정을 취할 수 있는 공간, 탈의실 등 다양한 편의시설을 갖추고 있다.","<a href=""http://adventure.lotteworld.com/icerink/main/index.do"" target=""_blank"" title=""새창: 롯데월드 아이스링크 홈페이지로 이동"">http://adventure.lotteworld.com/icerink</a>",- 일요일~목요일 11:00~20:50<br>- 금요일~토요일 11:00~21:20<br>※ 현장 운영 상황에 따라 이용시간이 조정될 수 있음,연중무휴,,
2755467,28,마곡 실내배드민턴장,서울특별시 강서구 양천로 251 (마곡동),,4,126.8321286352,37.5728175647,,http://tong.visitkorea.or.kr/cms/resource/16/2790816_image2_1.jpg,Type3,VE,VE10,VE100100,"강서구 시설관리공단에서 운영하는 마곡 실내 배드민턴장은 연면적 2,853㎡에 코트 14면과 650석의 관중석을 갖추고 있다. 선수 출신 전문 강사의 지도와 전문시설 관리가 함께하는 배드민턴 전용 체육관이다.<br>밝은 실내조명과 바닥 시설로 쾌적한 환경을 조성하고 있으며 대형탈의실과 샤워실, 화장실을 갖추고 있다. 평일 2시부터 30분간 클리닝 타임을 운영한다. 일일 입장 요금과 강습프로그램 이용료는 인근 지역 동 거주자와 강서구 내 거주민 특별할인이 적용된다.","<a href=""https://sport.gssi.or.kr/page/sisul/06/"" target=""_blank"" title=""새창 : 마곡실내배드민턴장 홈페이지로 이동"">https://sport.gssi.or.kr/page/sisul/06/</a>",,,,
131901,28,명동사격장,서울특별시 중구 명동8가길 27 (충무로2가),3층,24,126.9865398642,37.5618993737,,http://tong.visitkorea.or.kr/cms/resource/74/1813074_image2_1.jpg,Type3,LS,LS01,LS011200,"명동실탄사격장은 한국 대표 번화가 명동에 위치하여 쇼핑, 먹거리, 볼거리와 더불어 도심 속에서 짜릿한 사격을 즐길 수 있는 곳이다. 국제규격인 15m의 거리 조절이 자유로운 5개의 사격 사선은 물론 32구경에서 45구경 등 100정의 다양한 총기류를 구비하고 있다. 또한, 첨단 안전장치와 사격 전문 안전요원의 지도로 전문가는 물론, 여성과 초보자까지 안심하고 즐길 수 있다.",,,,,
130978,28,목동아이스링크(실내),서울특별시 양천구 안양천로 939 (목동),,19,126.8804587869,37.5292790440,,http://tong.visitkorea.or.kr/cms/resource/06/3486306_image2_1.jpg,Type3,LS,LS01,LS010900,"1988년 12월 1일에 개장한 한국 동계 스포츠 급성장의 산실이 다름없는 목동실내빙상장은 서울 지역 최고의 기량을 자랑하는 꿈나무 선수의 훈련장으로 제공하고 있다. 이곳은 국내외의 빙상실내경기가 열리며, 국제 아이스하키 규격의 링크를 갖추고 있다. 아이스링크장은 지상과 지하에 총 2개를 갖고 있어, 1층에서 특별한 행사가 있을 경우 지하 링크를 일반 개장하기 때문에 언제든지 이용이 가능하다. 스케이트 용품점과 연마실, 휴게실, 편의점 등 다양한 편의시설도 마련되어 있다.","<a href=""https://www.mdicerink.com/mdicerink/index.html"" target=""_blank"" title=""새창 : 목동아이스링크 홈페이지로 이동"">https://www.mdicerink.com/mdicerink/index.html</a>",,,,
2782166,28,목동종합운동장,서울특별시 양천구 안양천로 939,,19,126.8819114075,37.5301456356,,http://tong.visitkorea.or.kr/cms/resource/04/3466104_image2_1.jpg,Type3,VE,VE10,VE100100,"서울 양천구에 있는 목동종합운동장은 생활체육의 저변 확대와 아마야구 등의 활성화를 목적으로 서울 서부지역에 1987년 야구장 착공을 시작으로 주 경기장과 실내 빙상장을 건립한 종합운동장이다. 일반적으로 목동운동장이라고 하면 주 경기장을 지칭하는데 주 경기장에서는 주로 육상 및 축구대회와 각종 체육행사가 열리고 있으며, 야구장에서는 프로야구 및 초·중·고·대학 등 아마야구 경기가, 빙상장에서는 아이스하키와 피겨스케이팅 등 각종 빙상 관련 경기 및 문화공연행사가 개최되고 있다. 다목적 경기장에서는 연식 야구와 풋살 경기를 진행할 수 있다. 부대시설로는 실내 사격장과 헬스클럽이 있고 아침 운동을 할 수 있는 중앙광장 등 시민 휴식공간을 제공하고 있다.","<a href=""https://stadium.seoul.go.kr/reserve/mokdonggr"" target=""_blank"" title=""새창 : 목동종합운동장 사이트로 이동"">https://stadium.seoul.go.kr/</a>",,,,
2406564,28,북한산 자락길,서울특별시 서대문구 홍은동,,17,126.9429290191,37.5948003229,,http://tong.visitkorea.or.kr/cms/resource/43/2405143_image2_1.jpg,Type3,LS,LS01,LS011900,"북한산 자락길은 북한산에 조성된 산책길로 홍은동 실락어린이공원에서 시작하여 홍록배드민턴장과 삼하운수종점을 지나 옥천암에 이르는 총길이 4.5km의 무장애 길이다.
노약자나 휠체어 임산부 유모차 등 보행 약자들을 위해 특별히 배려한 산책로이며, 전 구간을 10% 이내의 경사도를 유지하고, 전체 길이의 90%를 목재 데크로 설치하여 자연 친화적인 산책길로 조성되어 있다.

(출처 : 서대문구 문화관광 홈페이지)","<a href=""https://www.sdm.go.kr/culture/attraction/sub2070.do"" target=""_blank"" title=""새창 : 서울 서대문구 문화관광으로 이동"">https://www.sdm.go.kr</a>",,,,
131534,28,사당청소년센터,서울특별시 동작구 사당로23길 57-7 (사당동),,12,126.9757430085,37.4854386174,,http://tong.visitkorea.or.kr/cms/resource/45/2958145_image2_1.jpg,Type3,VE,VE10,VE100200,"사당청소년센터는 ‘지역과 함께하는 청소년의 평화로운 일상, 행복한 삶’이라는 비전을 가지고 지역의 청소년들이 자신의 삶을 주도적으로 살아가며 지역사회를 변화시키는 창의적인 민주시민으로 성장할 수 있도록 다양한 프로그램을 제공하여 청소년들을 지원하고 있는 청소년시설이다.","<a href=""http://www.sdyouth.net"" target=""_blank"" title=""새창 : 사당청소년센터 홈페이지로 이동""> www.sdyouth.net </a>",- 화요일~토요일 09:00~21:00<br>- 일요일 / 공휴일 09:00~18:00,매주 월요일,,
131408,28,서울시립보라매청소년센터,서울특별시 동작구 여의대방로20길 61 (신대방동),,12,126.9215449274,37.4938977769,,http://tong.visitkorea.or.kr/cms/resource/92/3535092_image2_1.jpg,Type3,VE,VE10,VE100200,"서울시립보라매청소년센터는 현재 서울시에서 위탁받아 (재)서울가톨릭청소년회에서 운영하고 있다. 청소년활동, 생명사랑활동, 청소년상담, 교육지원활동 등을 운영하고 있다. 
시립보라매청소년센터에서는 청소년의 지속가능한 개발과 성장을 지원하기 위하여 기후환경, 재난안전 분야 등을 중점으로 한 청소년 활동을 지원하고 있다. 환경 시민으로서의 청소년의 권리 실현과 더불어 청소년 스스로 안전한 삶과 환경을 주도적으로 만들어 나아가기 위해 시립보라매청소년센터에서는 플랜N이라는 전략 사업을 추진하고 있다. 청소년 활동에는 시립보라매청소년센터의 운영 및 프로그램 등을 청소년이 직접 자문 평가할 수 있도록 마련된 청소년운영위원회, 다양한 동아리 활동과 활동프로그램 등이 있다. 
서울시립보라매청소년센터는 1986년에 개소하여 30년이라는 오랜 기간 동안 청소년들을 위한 상담, 활동, 교육, 복지 등 다양한 분야의 사업들을 운영하고 있다. 이러한 경험을 바탕으로 보라매청소년센터 상담실에서는 아동 및 청소년들을 대상으로 심리적 어려움을 해결할 수 있도록 하여 건강한 성장을 할 수 있도록 지원하고 있다. 또한 보다 다양한 심리적 어려움을 지원할 수 있도록 다양한 전문상담인력을 보유하여 청소년들에게 알맞은 도움을 제공하고자 노력하고 있다.","<a href=""https://www.boramyc.or.kr/"" target=""_blank"" title=""새창 : 서울시립보라매청소년센터 홈페이지로 이동"">https://www.boramyc.or.kr</a>",,,,
131712,28,서울월드컵경기장,서울특별시 마포구 월드컵로 240 (성산동),,13,126.8972867075,37.5683414708,,http://tong.visitkorea.or.kr/cms/resource/97/1805797_image2_1.jpg,Type3,VE,VE10,VE100100,"서울월드컵경기장은 2002년 FIFA 월드컵을 위해 건설된 다목적 경기장이다. 이 경기장은 최대 66,000명을 수용할 수 있는 규모를 자랑한다. 현대적인 디자인과 뛰어난 시설로 유명하며, 국내외 다양한 스포츠 이벤트와 공연이 열리는 장소이다. 또한, 경기장 주변에는 공원과 문화시설이 조성되어 있어 시민들의 여가 공간으로도 활용된다. 서울월드컵경기장은 한국 축구의 상징적인 장소로, 국가대표팀의 홈경기와 K리그 경기가 자주 개최된다. 이곳은 스포츠 팬들에게 특별한 경험을 제공하는 곳이다.","<a href=""https://www.sisul.or.kr/open_content/worldcup/"" target=""_blank"" title=""새창 : 서울월드컵경기장 홈페이지로 이동"">https://www.sisul.or.kr/open_content/worldcup/</a>",,,,
131138,28,서울청소년수련관,서울특별시 중구 을지로11길 23 (수표동),,24,126.9905726704,37.5675210155,,http://tong.visitkorea.or.kr/cms/resource/98/3568498_image2_1.jpg,Type3,VE,VE10,VE100200,"서울청소년수련관은 청소년의 인격 형성과 균형 있는 성장을 돕기 위한 문화, 예술, 체육 등의 수련활동을 실시하여 청소년에게 올바른 가치관을 심어주고 국가관을 확립하게 하여 국가 발전에 이바지하는 훌륭한 일꾼으로 성장할 수 있도록 하기 위한 생활권 청소년수련시설이다. 1970년에 청소년보호대책위원회(사단법인 한국청소년육성회 전신)에서 건립하여 서울특별시에 기부 체납하였으며 사단법인 한국청소년육성회가 운영하고 있다.","<a href=""http://www.youthc.or.kr"" target=""_blank"" title=""새창 : 시립서울청소년센터 홈페이지로 이동""> www.youthc.or.kr </a>",,,,
989663,28,송강카누학교 서울분교,서울특별시 광진구 강변북로 2326 (자양동),서울윈드서핑장 8호,6,127.0794573887,37.5270995313,,http://tong.visitkorea.or.kr/cms/resource/38/3497538_image2_1.jpg,Type3,LS,LS02,LS020200,"송강카누학교 서울분교는 30년 전통의 송강카누학교의 서울 분교로서 카약 교육, 렌털, 투어, 장비 보관 등 카약과 관련된 모든 서비스를 제공하는 곳이다. 지금까지 카약을 배우거나 타기 위해서는 먼바다나 강을 찾아야 했지만, 이제 서울 한강에서도 보다 쉽고 간편하게 카약을 즐길 수 있다. 
송강카누학교 서울분교의 스태프들은 자연을 즐기고 패들링 스포츠를 사랑하며, 평생의 천직으로 생각하며 행동하는 장인이 되고자 하는 이들이다. 또한 카약 교육체계를 보다 체계적으로 발전시켜 더 편안하고, 더 쉽게, 그리고 더욱 안전하게 많은 사람들이 카약을 즐길 수 있도록 안내한다.","<a href=""https://cafe.daum.net/gangnamcanoe"" target=""_blank"" title=""새창 : 송강카누학교 다음카페로 이동"">https://cafe.daum.net/gangnamcanoe</a>",,,,
3074766,28,슈터스클럽,서울특별시 강남구 강남대로96길 5 (역삼동),,1,127.0274684477,37.4998739801,,,,LS,LS01,LS011200,"슈터스클럽은 저렴한 가격으로 도심에서 사격을 할 수 있는 실내 사격장이다.  공기압 실감 반동 권총, 단발 소총, 볼트액션 저격소총, 소총 120발 연발 사격 등 다양한 종류의 에어 소프트건을 구비하고 있다. 연중무휴로 사격을 즐길 수 있다는 것이 큰 장점이다. 
슈터스클럽 사격장과 함께 에어소프트건을 구매할 수 있는 건샵을 맞은편에 운영도 하고 있다. 수도권 지하철 강남역 11번 출구에서 130m 거리에 위치하고 있어 방문이 용이하다.","<a href=""https://www.instagram.com/clubshooters/""target=""_blank"" title=""새창 : 슈터스클럽 공식 인스타그램 이동"">https://www.instagram.com/clubshooters</a>",,,,
2591870,28,안양천 물놀이장,서울특별시 구로구 신도림동,,7,126.8745155060,37.5071537309,,http://tong.visitkorea.or.kr/cms/resource/80/3526880_image2_1.jpg,Type1,LS,LS02,LS020700,"무더운 여름철, 어린이들과 가족단위 구민이 시원하고 즐거운 여름을 보낼 수 있도록 도심 속 피서지인 안양천 물놀이장을 개장한다. 넓은 수영장과 다양한 물놀이 시설을 갖추고 있어 어린이부터 성인까지 모두 즐길 수 있다. 물놀이장은 안전한 수심으로 설계되어 있어 어린이들이 안심하고 놀 수 있으며, 전문 안전 요원이 상시 배치되어 있다. 또한, 주변에는 그늘막과 벤치가 있어 휴식을 취하기에도 적합하다. 물놀이 외에도 자전거 도로와 산책로가 있어 운동과 산책을 즐기기에도 좋은 장소이다. 구로구 안양천 물놀이장은 여름철 더위를 피해 시원한 물놀이를 즐기고 싶은 이들에게 최적의 선택이다.","<a href=""https://www.guro.go.kr/www/contents.do?key=2945&"" target=""_blank"" title=""새창 : 구로구청으로 이동"">https://www.guro.go.kr</a>",,,,
1054888,28,여의도 둘레길(여의도 자전거도로),서울특별시 영등포구 여의동로 330,,20,126.9336123570,37.5263886632,,http://tong.visitkorea.or.kr/cms/resource/87/3551287_image2_1.jpg,Type1,LS,LS01,LS010200,"여의도 둘레에는 한강변으로 여의도 한강공원이, 63빌딩부터 국회의사당까지 이어진 여의도 안쪽으로 샛강생태공원이 조성되어 있다. 여의도 한강공원~샛강생태공원을 따라 약 8㎞는 자전거도로로 이어져 있는데, 이곳이 바로 여의도 둘레길이다. 
여의도 둘레길은 구간이 길지 않아 많은 시간을 들이지 않고도 여의도를 한 바퀴 둘러볼 수 있어 가족, 연인들이 나들이를 즐기기에 적합한 코스다. 여의도 둘레길 자전거 투어는 1~2시간 정도로 바쁜 일상에 찌든 현대인에게 신선한 활력소를, 가족들에게는 단란한 여가를, 연인들에게는 달콤한 데이트를 만끽할 수 있는 최적의 자전거 하이킹 코스를 제공한다.",,,,,
2758179,28,올림픽체조경기장(KSPO DOME),서울특별시 송파구 올림픽로 424 (방이동),,18,127.1150682209,37.5206092598,,http://tong.visitkorea.or.kr/cms/resource/09/3533809_image2_1.jpg,Type3,VE,VE10,VE100100,"현재 많은 한국가수를 비롯해 세계적인 팝 가수들의 내한공연이 연중 펼쳐지고 있는 올림픽체조경기장(KSPO DOME)은 14,594명을 동시에 수용할 수 있는 체육관으로 수납식 객석이 있어 공간을 다목적으로 활용할 수 있다. 2003년 오페라 <투란도트>, <아이다>, <라보엠> 등 대형 원형무대를 이용한 공연을 올려 이슈화되었던 체조경기장은 대형 오페라 공연과 국내외 대규모 콘서트 등 공연뿐만 아니라, 각종 행사를 치러 낼 수 있는 다목적 공연장으로 다양한 장르에 적합한 최고의 시설을 갖추고 있다. 또한 대관뿐만 아니라, 쇼케이스, 기업행사, 박람회 등을 직접 기획·제작할 수 있는 공간이다.","<a href=""https://www.ksponco.or.kr/olympicpark/menu.es?mid=a20301030800"" target=""_blank"" title=""새창 : 올림픽공원 홈페이지로 이동"">https://www.ksponco.or.kr/olympicpark</a>",,,,
2773297,28,워커힐숲길,서울특별시 광진구 워커힐로 177,(광장동),6,127.1107898477,37.5552218298,,http://tong.visitkorea.or.kr/cms/resource/72/2780772_image2_1.png,Type3,LS,LS01,LS011900,"서울 광진구 워커힐숲길은 그랜드워커힐 호텔 인근에 있는 산책로로 워커힐 주차장부터 아차산 생태공원까지 총 774m의 산책로이다. 봄철 벚꽃길로도 유명하지만, 특히 도로변을 오색으로 물들인 가로수가 아름다운 풍경을 자아내 단풍 명소로 유명하다. 잘 포장된 도로가 있어서 워커힐숲길의 풍경을 눈에 담기 좋은 산책로, 드라이브 명소로도 유명하다.",,,,,
2757125,28,인서울27 골프클럽,서울특별시 강서구 오쇠동,1-2,4,126.7964131765,37.5469532693,,http://tong.visitkorea.or.kr/cms/resource/15/2787315_image2_1.jpg,Type3,LS,LS01,LS010400,"인서울27 골프클럽은 서울시 유일의 대중골프장이다. 뛰어난 교통편의성과 각종 편의시설을 갖춘 최적의 여가 공간이다. 
이 지역은 공항 주변 대지가 조류 서식지로 변하자 조류충돌 사고의 위험이 발생하던 곳이다. 한국공항공사가 사업자를 선정해 골프장과 축구장, 테니스장 등 주민체육시설을 조성키로 하면서 2019년 마침내 골프장이 개장하게 된 것이다. 
공항 활주로와 같이 곧고 길게 조성된 EAST, WEST, SOUTH 3개의 코스로 구성되어 있다. 홈페이지에서 예약 후 이용이 가능하다.","<a href=""https://inseoul27.co.kr/index.php"" target=""_blank"" title=""새창 : 인서울27 골프클럽 홈페이지로 이동"">https://inseoul27.co.kr/index.php</a>",,,,
131318,28,잠실한강공원 잠실물놀이장,서울특별시 송파구 한가람로 65 (잠실동),,18,127.0867514361,37.5176813118,,,,LS,LS02,LS020700,"뚝섬, 여의도, 잠원한강공원에는 수영장이, 잠실, 난지, 양화한강공원에는 물놀이장이 매년 여름마다 운영되고 있다. 이용요금은 저렴하며, 철저한 수질관리로 안심하고 이용할 수 있다. 
잠실물놀이장은 기존의 노후화된 잠실수영장을 사계절 이용할 수 있는 자연형 물놀이장으로 재조성 했다. 인위적이지 않은 자연 소재를 활용했으며, 전체 면적의 50% 공간에 나무 18종과 초화류를 식재했다. 물놀이장 운영 기간은 6월~8월이며, 입장권 발권 후 입장이 가능하다. 미운영기 간에는 일반 공원처럼 상시 개방하기 때문에 언제든 이용이 가능하다. 물놀이장 시설로는 인피티니월 원더풀, 지형의 변화를 살려 가운데로 갈수록 깊어지는 조이풀, 아이들을 위한 유아풀, 자연형 계류, 모래놀이터, 잔디쉼터, 숲속산책로, 물빛길 등이 있다.","<a href=""https://hangang.seoul.go.kr/www/contents/774.do?mid=505"" target=""_blank"" title=""새창 : 미래한강본부 한강공원 홈페이지로 이동"">https://hangang.seoul.go.kr</a>","- 6월~8월 09:00~22:00 (이용 마감 21:30)<br>- 점심시간 12:00~13:00<br>- 저녁시간 17:30~19:00<br>※ 매시 15분간 휴식시간<br>※ 휴식시간, 점심시간, 저녁시간 중에는 입수 불가<br>※ 자세한 사항은 홈페이지 참조","개장 기간 중 연중무휴<br>※ 단, 폭우로 인한 침수 위험 시 일시 중단",,
990140,28,장충체육관,서울특별시 중구 동호로 241,,24,127.0068047884,37.5582390522,,http://tong.visitkorea.or.kr/cms/resource/06/3083906_image2_1.JPG,Type3,VE,VE10,VE100100,"서울 중구 장충동2가에 있는 장충체육관은 한국에서 처음으로 세워진 실내 종합경기장으로 1963년 2월 1일에 개관하였다. 체육관에서는 국내/해외의 스포츠경기 외에도 국제경연대회 및 콘서트, 마당놀이 등의 문화공연 등 각종 행사가 펼쳐진다. 체육관 외부는 원의 형태이고 돔으로된 지붕을 가지고 있다. 체육관 내부의 원형 코트는 배구, 농구, 핸드볼 경기가 가능하며 코트를 중심으로 본부석 및 하단 가변 관람석과 상단 관람석이 위치해서 중앙으로 시선을 집중시킨다. 각 관람석의 위치에 따른 시각적 사각지대를 만들지 않는다.","<a href=""https://www.sisul.or.kr/open_content/jangchung/"" target=""_blank"" title=""새창 : 서울시설공단 홈페이지로 이동"">https://www.sisul.or.kr</a>",,,,
131313,28,정립회관 수영센터,서울특별시 광진구 워커힐로 93,,6,127.0976467159,37.5511415116,,http://tong.visitkorea.or.kr/cms/resource/80/1903180_image2_1.jpg,Type3,LS,LS02,LS020700,"2006년 8월에 건물을 새롭게 재건축하여 오픈한 정립회관 수영센터는 지역 주민들에게 수영을 포함한 다양한 수상 스포츠 활동을 제공하는 공간으로, 체력 증진과 건강 관리를 위한 좋은 장소이다. 수영장은 보통 어린이부터 성인까지 다양한 연령대의 이용자가 사용할 수 있으며, 수영 강습 프로그램, 레슨, 자유 수영 시간 등이 마련되어 있다. 입장 가능 연력은 6세부터 가능하며, 6~7세는 안전을 위해 보호자와 함께 동반 입장이 가능하다.","<a href=""http://www.jeongnip.or.kr/sub02/sub01.php"" target=""_blank"" title=""새창 : 정립회관 홈페이지로 이동"">http://www.jeongnip.or.kr</a>",,,,
131958,28,창동문화체육센터,서울특별시 도봉구 노해로69길 132,(창동),10,127.0507507166,37.6582337733,,http://tong.visitkorea.or.kr/cms/resource/38/3531538_image2_1.jpg,Type3,VE,VE10,VE100200,"창동문화체육센터는 2005년 개장했으며 수영장과 헬스장을 비롯해 다양한 체육 프로그램을 즐길 수 있는 공공체육시설이다. 공연장, 체육관, 풋살구장, GX 스튜디오 등 여러 가지 대관시설을 갖추고 있다. 이용객의 편의를 위하여 탈의실, 샤워장 등의 부대시설을 갖췄으며 수영장에는 체온 유지를 위한 체온 회복실을 별도로 제공하고 있다. 엄선된 지도강사진을 선별하여 프로그램 만족도를 높이고자 노력하고 있으며 강습 프로그램 접수는 선착순으로 이루어진다.","<a href=""http://www.dobongsiseol.or.kr/index_sport.html"" target=""_blank"" title=""새창 : 창동문화체육센터 홈페이지로 이동"">www.dobongsiseol.or.kr</a>",,,,
2675078,28,초대길,서울특별시 강북구 4.19로 114,(수유동),3,127.0028388394,37.6435151778,,http://tong.visitkorea.or.kr/cms/resource/64/2675064_image2_1.jpg,Type3,LS,LS01,LS011900,"초대길은 강북구에서 새로 조성한 둘레길 코스로, 북한산 둘레길 2구간 순례길 일부분인 구간이다. 총 거리 1.3㎞이며, 그리 길지도, 난도가 높지 않은 코스이다. 초대검사 이준, 초대 국회의부장 신익희, 초대 대법원장 김병로, 초대 부통령 이시영 선생 등 대한민국 근현대사 초대 직위를 역임하신 분들의 묘역 길이다. 
초대길은 우리 선조들의 독립정신과 민주주의 역사를 담은 근현대사기념관을 출발하여, 독립운동가이자 건국 초 국회의장을 지낸 신익희 선생의 묘역을 거쳐 신익희 선생의 장남 신하균 선생, 이준 열사 묘역 등을 거쳐 마지막으로 한일 합병 후 형제들과 함께 재산을 모두 정리하고 만주로 건너가 독립운동에 매진했던 이시영 선생 묘역에서 마무리된다.","<a href=""https://www.gangbuk.go.kr/portal/bbs/B0000055/list.do?menuNo=200117&nttId=85133"" target=""_blank"" title=""새창 : 강북구 문화관광으로 이동"">https://www.gangbuk.go.kr</a>",,,,
3082446,28,키즈돌핀 서대문DMC점,"서울특별시 서대문구 수색로 102 (북가좌동, DMC요진아파트)",남수주상복합빌딩,14,126.9083161278,37.5729189136,,http://tong.visitkorea.or.kr/cms/resource/42/3082442_image2_1.jpg,Type3,LS,LS02,LS020700,"키즈돌핀 서대문 DMC점은 친환경 해수풀 어린이 레슨 전문 수영장이다. 1:4 소수정예 레슨으로 정확한 영법과 자세를 배울 수 있으며, 어린이 각자 개별특성과 눈높이에 맞는 수업을 진행한다. 어린이들의 신체발달과 더불어 사회성, 인성, 리더십 함양에 중점을 두고 교육하고 있다.
또한, 철저한 담임제 운영으로 담임 선생님들 및 전문 보조선생님이 직접 탈의, 샤워, 화장실, 수영수업까지 안전하게 수영을 배우고 집 앞까지 케어하는 올케어시스템(All Care System)이다. 수영장의 수온은 31℃~33℃를 유지하고 있기 때문에 겨울에도 따뜻하며 어린이에게 맞는 수심으로 안전하게 수영을 배울 수 있다. 어린이 전용 샴푸, 바디워시를 사용하고 샤워 후 전용 로션까지 보조 선생님이 케어해 준다. 또한, 기다리는 부모님들을 위해 카페 스타일의 아늑한 관람석이 있고 방문하지 않아도 수업 현장을 인터넷 또는 스마트폰으로 생중계하여 아이들의 수업을 실시간으로 확인할 수 있다.","<a href=""http://www.kidsdolphin-dmc.co.kr/"" target=""_blank"" title=""새창 : 키즈돌핀 홈페이지로 이동"">http://www.kidsdolphin-dmc.co.kr/</a>",,,,
131322,28,태릉국제스케이트장,서울특별시 노원구 화랑로 727 (공릉동),,9,127.1032521828,37.6338070057,,,,LS,LS01,LS010900,"국내 유일 국내 최대, 국제 규격의 400m 실내링크로서 국가대표선수들의 훈련장소이다. 일반인들에게도 공개하여 국민체력 증진 및 생활체육보급 시설로 활용되고 있다. 서울시 교육청지정 ‘현장체험학습 지정기관’으로 학생들의 인성교육의 장소로도 활용된다. 
스케이트장에서는 스피드 스케이트, 피겨스케이트, 컬링을 할 수 있고, 스케이트장 내에는 스케이트용품점, 커피 전문점, 스낵점의 편의시설이 있다. 또한, 스피트 스케이트와 피겨스케이트 강습도 진행하고 있으며, 급수별로 나누어져 있어 쉽게 배울 수 있다.","<a href=""https://icerink.sports.or.kr/user/main/mainPage/main/main.do""target=""_blank"" title=""새창 : 태릉국제스케이트장 홈페이지로 이동"">https://icerink.sports.or.kr</a>",,,,
2783331,28,한강레져스포츠,서울특별시 영등포구 여의동로 290 (여의도동),,20,126.9384174889,37.5258888069,,http://tong.visitkorea.or.kr/cms/resource/45/2794845_image2_1.jpeg,Type3,LS,LS02,LS021400,"여의도 유람선 이랜드크루즈 선착장 바로 옆에 있는 한강레져스포츠에서는 모터보트와 제트스키를 비롯해 수상스키, 웨이크보드, 바나나보트 등 한강을 배경으로 다양한 수상레저를 즐길 수 있다. 멀리 떠나지 않고도 도심 한복판에서 수상 레포츠를 즐길 수 있어 특히 인기다. 모터보트와 제트스키는 거대한 한강을 짜릿한 속도로 가로지르며 시원한 강바람을 즐기기에 좋다. 한강의 물살을 온몸으로 느껴볼 수 있는 웨이크보드도 매력적이다. 초보자들도 간단한 강습만 받으면 도전해볼 수 있다. 다른 곳에서는 접하기 어려운 플라이보드도 가능하다. 소형 제트엔진이 달린 보드를 타고 물 위로 솟구치며 자유롭게 움직이는 플라이보드는 마치 영화 속 히어로처럼 하늘을 나는 기분을 느껴볼 수 있다. 이곳에선 플라이보드 국가대표가 직접 강습에 나서 더욱 특별한 추억을 만들 수 있다.",,,,,
775883,28,한강시민공원 뚝섬수영장(실외),서울특별시 광진구 자양동,112,6,127.0671167729,37.5296517901,,http://tong.visitkorea.or.kr/cms/resource/45/2612845_image2_1.bmp,Type3,LS,LS02,LS020700,"뚝섬수영장은 서울시민들의 대표적인 휴식처인 뚝섬한강공원 내에 위치한 야외수영장이다. 약 3,500명 정도의 인원을 수용할 수 있는 대형 수영장이다. 이곳은 성인풀과 어린이풀, 유아풀로 나뉘어 있으며, 흐르는 물에 튜브를 타고 노는 유수풀, 시원한 물줄기가 쏟아지는 4m 높이의 아쿠아링을 즐길 수 있다. 또한 일광욕을 즐길 수 있는 선탠장 등도 설치되어 있다.","<a href=""https://hangang.seoul.go.kr/www/contents/774.do?mid=505"" target=""_blank"" title=""새창 : 한강공원 홈페이지로 이동"">https://hangang.seoul.go.kr</a>",,,,
131317,28,한강시민공원 여의도수영장(실외),서울특별시 영등포구 여의동로 330,(여의도동),20,126.9336123570,37.5263886632,,http://tong.visitkorea.or.kr/cms/resource/63/3557763_image2_1.jpg,Type3,LS,LS02,LS020700,"여의도 한강공원 야외수영장은 여름철 많은 시민이 찾는 인기 있는 도심 속 휴식 공간이다. 한강변에 위치해 시원한 물놀이와 함께 아름다운 강변 풍경을 감상할 수 있다. 매년 여름철에만 운영되며, 다양한 수영 시설과 편의 시설을 갖추고 있다. 수영장은 성인용과 어린이용으로 구분되어 있으며, 수심이 달라 안전하게 이용할 수 있다. 그늘막과 휴식 공간이 마련되어 있어 가족 단위 방문객에게 특히 적합하다.","<a href=""https://hangang.seoul.go.kr/www/contents/774.do?mid=505"" target=""_blank"" title=""새창 : 한강공원으로 이동"">https://hangang.seoul.go.kr</a>",,,,
131315,28,한강시민공원 잠원수영장(실외),서울특별시 서초구 잠원로 221-124,,15,127.0122970150,37.5208018331,,,,LS,LS02,LS020700,"한강공원에는 여의도 한강공원 등 6개 공원에 수영장이 있다. 매년 여름에는 수영장을, 겨울에는 눈썰매장으로 운영하고 있다. 수영장은 일반 야외수영장 이용요금의 절반 수준으로 가격이 저렴할 뿐 아니라 철저한 수질관리로 안심하고 이용할 수 있다. 이용시민의 편의를 도모하기 위하여 수영용품과 간단한 음료 등을 판매하는 매점 등의 부대시설을 갖추고 있다.","<a href=""https://hangang.seoul.go.kr/www/contents/657.do?mid=454"" target=""_blank"" title=""새창: 한강공원으로 이동"">https://hangang.seoul.go.kr/</a>",,,,
131326,28,KBS스포츠월드,서울특별시 강서구 공항대로 376,,4,126.8472165959,37.5569085725,,http://tong.visitkorea.or.kr/cms/resource/76/1805776_image2_1.jpg,Type3,VE,VE10,VE100200,"전국최대규모 종합스포츠센터이자 14개 종목 다채로운 프로그램 운영으로 명실공히 대한민국 대표 체육시설이다. 수영을 비롯한 14개 종목에 이르는 다양하고 알찬 프로그램 운영으로 국민건강 증진과 지역주민의 삶의 질을 향상하는 데 기여하고 있다. 수영, 헬스, 볼링, 골프 등 다채로운 프로그램을 운영함으로써 지역사회 체육 활성화와 체력증진에 이바지하고 있다.","<a href=""https://kbssw.co.kr/"" target=""_blank"" title=""새창 : KBS스포츠월드 홈페이지로 이동"">https://kbssw.co.kr/</a>",,,,
1037020,28,[북악하늘길 2산책로] 하늘교~성북천발원지,서울특별시 성북구 대사관로 1 (성북동),,17,126.9841946526,37.5965036428,,http://tong.visitkorea.or.kr/cms/resource/15/1868115_image2_1.jpg,Type3,LS,LS01,LS011900,"북악산하늘길은 청와대를 에워싼 북악산 능선과 산자락을 잇는 길로 드라이브 명소인 북악스카이웨이를 따라 북악산 안쪽으로 조성된 산책로와도 연결된다. 오랫동안 민간인의 출입을 금했던 덕분에 청정 자연의 생태가 고스란히 보존되어 있다. 깊은 숲에서 느껴지는 신비로운 기운으로 평온하고 고요한 산행을 즐길 수 있다. 북악산하늘길은 총 3가지 코스가 있다.
그 중 2산책로는 1·21사태 당시 격전지를 지나가는 길로 하늘교에서 성북천 발원지까지 가는 코스이다. 공비 침투 사건으로 한때 민간인의 출입이 통제되었던 곳이지만 산책로로 다시 태어났다. 2산책로를 걸으며 1·21사태 당시 격전지였던 호경암에서 당시의 총탄 흔적을 볼 수 있으며, 다양한 생물이 서식하는 연못이 있는 성북천 발원지도 볼 수 있다. 또한 하늘전망대에서는 서울 시내의 어느 산 정상에서보다 더 넓은 서울의 중심을 볼 수 있다.",,,,,
1037027,28,[북악하늘길 3산책로] 북카페~숲속다리,서울특별시 성북구 성북동,,17,126.9858969827,37.6068219183,,http://tong.visitkorea.or.kr/cms/resource/33/1868133_image2_1.jpg,Type3,LS,LS01,LS011900,"북악하늘길은 서울특별시 성북구에 위치한 북악산 능선과 산자락을 이어서 만든 산책길을 말한다. 이 구간은 1968년 북한 특수부대 소속 김신조 외 30명의 무장공비가 청와대를 습격하기 위해 이용했던 길로 민간인 출입이 금지되었다가 42년 만에 개방되었다. 오랜 시간 사람들의 발길이 닿지 않았던 곳이라 숲이 우거져있고, 자연 생태가 다양하게 살아있다.
북악하늘길은 3개의 산책로와 스카이웨이가 있다. 코스마다 제 각각 다른 풍경과 전망들을 보여주며 매력을 뽐내고, 산책로가 오르락내리락하면서 롤러코스터를 탄 것처럼 아찔한 맛을 낸다. 북악하늘길의 압권은 여러 전망대에서 바라보는 환상적인 조망이다. 전망대에 서면 숲이 열리고 서울의 너른 하늘이 펼쳐진다. 
이 중 북악하늘길 3 산책로는 북카페 → 동마루 → 숲속다리로 이어지는 코스로, 총 640m이다.",,,,,
1037031,28,[북악하늘길 스카이웨이] 하늘한마당~하늘마루,서울특별시 성북구 성북동,,17,127.0068155826,37.5693544270,,http://tong.visitkorea.or.kr/cms/resource/09/1568109_image2_1.jpg,Type3,LS,LS01,LS011900,"북악하늘길은 서울특별시 성북구에 위치한 북악산 능선과 산자락을 이어서 만든 산책길을 말한다. 이 구간은 1968년 북한 특수부대 소속 김신조 외 30명의 무장공비가 청와대를 습격하기 위해 이용했던 길로 민간인 출입이 금지되었다가 42년 만에 개방되었다. 오랜 시간 사람들의 발길이 닿지 않았던 곳이라 숲이 우거져있고, 자연 생태가 다양하게 살아있다.
북악하늘길은 3개의 산책로와 스카이웨이가 있다. 코스마다 제 각각 다른 풍경과 전망들을 보여주며 매력을 뽐내고, 산책로가 오르락내리락하면서 롤러코스터를 탄 것처럼 아찔한 맛을 낸다. 북악하늘길의 압권은 여러 전망대에서 바라보는 환상적인 조망이다. 전망대에 서면 숲이 열리고 서울의 너른 하늘이 펼쳐진다. 
이 중 북악하늘길 스카이웨이는 하늘한마당 → 북악정 → 다모정 → 숲속마루 → 하늘마루로 이어지는 코스로, 총 3,200m이다.",,,,,
1197225,28,[북한산 둘레길 10구간] 내시묘역길,서울특별시 은평구 진관동,(방패교육대 앞~효자동공설묘지),22,126.9382140738,37.6472524711,,http://tong.visitkorea.or.kr/cms/resource/22/3511822_image2_1.jpg,Type3,LS,LS01,LS011900,"북한산 둘레길은 기존의 샛길을 연결하고 다듬어서 북한산 자락을 완만하게 걸을 수 있도록 조성한 저지대 수평 산책로이다. 둘레길은 전체 71.5㎞ 중 서울시 구간과 우이령길을 포함하여 2010년 9월 7일 45.7㎞를 개통하고, 2011년 6월 30일에 나머지 25.8㎞ 구간을 개통하였다. 사람과 자연이 하나 되어 걷는 둘레길은 물길, 흙길, 숲길과 마을길 산책로의 형태에 각각 21가지 테마를 구성한 길이다. 누구나 쉽게 이용할 수 있는 둘레길을 우리의 소중한 자연을 보존하는 길, 그리고 역사와 문화, 생태를 체험할 수 있는 길이다.
21가지 테마 중 10구간인 내시묘역길은 국군신의 예를 목숨처럼 여기며 왕을 그림자처럼 보좌하던 내시들의 역할과 삶을 재발견할 수 있는 길이다. 또한 이 구간에서는 북한산성 축성 당시 동원되었던 연인을 기다리다가 만나지 못하고 연못에 빠져 죽은 기생의 흔적인 ‘여기소’의 터도 볼 수 있으며, 8m 높이의 추명 발판이 설치되어 있어 아찔함을 느낄 수 있는 ‘둘레교’도 만나볼 수 있다. 거리는 총 3.5㎞이며, 약 1시간 45분이 소요된다.","<a href=""https://www.knps.or.kr/portal/dulegil/bukhansan/course10.do"" target=""_blank"" title=""새창 : 북한산 둘레길로 이동"">https://www.knps.or.kr/portal/dulegil/bukhansan</a>",,,,
1196871,28,[북한산 둘레길 4구간] 솔샘길,서울특별시 성북구 솔샘로25길 121-50,(북한산생태숲 앞~정릉주차장),17,127.0069335488,37.6210484201,,http://tong.visitkorea.or.kr/cms/resource/07/3500007_image2_1.jpg,Type3,LS,LS01,LS011900,"북한산 둘레길은 기존의 샛길을 연결하고 다듬어서 북한산 자락을 완만하게 걸을 수 있도록 조성한 저지대 수평 산책로이다. 둘레길은 전체 71.5㎞ 중 서울시 구간과 우이령길을 포함하여 2010년 9월 7일 45.7㎞를 개통하고, 2011년 6월 30일에 나머지 25.8㎞ 구간을 개통하였다. 사람과 자연이 하나 되어 걷는 둘레길은 물길, 흙길, 숲길과 마을길 산책로의 형태에 각각 21가지 테마를 구성한 길이다. 누구나 쉽게 이용할 수 있는 둘레길을 우리의 소중한 자연을 보존하는 길, 그리고 역사와 문화, 생태를 체험할 수 있는 길이다.
21가지 테마 중 4구간인 솔샘길은 예부터 소나무가 무성하고 맑은 샘이 있어 솔샘이라 불린 곳이다. 이 구간을 지나가는 동안에는 거쳐가는 북한산생태숲은 성북구의 대표적인 도시공원으로 작은 꽃길을 따라 야생화단지가 잘 조성되어 있는 것으로 유명하다. 거리는 총 2.1㎞이며, 약 1시간이 소요된다.","<a href=""https://www.knps.or.kr/portal/dulegil/bukhansan/course04.do"" target=""_blank"" title=""새창 : 북한산 둘레길 홈페이지로 이동"">http://www.knps.or.kr</a>",,,,
2612154,28,[양천구 둘레길] 하천형코스,서울특별시 양천구 목동,,19,126.8808138178,37.5467520196,,http://tong.visitkorea.or.kr/cms/resource/29/2612129_image2_1.bmp,Type3,LS,LS01,LS011900,"양천둘레길은 산과 도심과 하천이 어울려진 곳으로 문화와 역사를 탐방할 수 있게 천천히 걸으면서 보고 느끼고 즐길 수 있는 느림의 미학을 실현하는 사람중심의 안심둘레길이다. 산악구간인 산림형, 도심을 통과하는 도시형, 안양천 중심의 하천형으로 구성되어 있으며, 보행취약지 및 안전위치 정보 등을 GPS측량을 통해 홈페이지 및 모바일 서비스 통해 추진하고 있다.
하천형 코스는 총 5.1㎞로, 안양천구간을 따라 걷는 길이다. 양화교~양평교(1.1㎞), 양평교~목동교(1.0㎞), 목동교~오목교(1.2㎞), 오목교~산정교(0.8㎞), 산정교~오금교(1.0㎞)로 구간으로 구성되어 있다.","<a href=""https://www.yangcheon.go.kr/site/yangcheon/05/10513010000002017080402.jsp"" target=""_blank"" title=""새창 : 양천구청으로 이동"">https://www.yangcheon.go.kr/</a>",,,,
2674964,28,[충효길코스 1코스] 고구동산길,서울특별시 동작구 본동,,12,126.9539136647,37.5129516983,,http://tong.visitkorea.or.kr/cms/resource/59/2677059_image2_1.jpg,Type3,LS,LS01,LS011900,"동작구는 예로부터 충효의 고장으로 유명하다. 그래서 동작의 길에는 충효의 정신을 엿볼 수 있는 역사와 문화공간이 곳곳에 자리하고 있다. 충과 효의 정신이 함께 하는 충효의 고장, 동작충효길이라는 명칭은 이러한 배경 속에서 탄생되었다. 충효정신이 깃든 동작충효길을 걷고 있으면 자연이 만든 도심 속의 녹지공간에서 여유로움을 즐길 수 있다. 
충효길은 총 7코스로 구성되어 있는데, 그중 1코스인 고구동산길은 배수지 공원에서 출발해 고구동산 정상, 서달산 잣나무길과 서달산 생태다리, 상도출입문까지 이어지는 코스이다. 총 3.2㎞이며, 약 1시간이 소요된다. 
지하철 9호선 노들역 2번 출구로 나오면 동작충효길의 시발점인 안내센터가 보인다. 안내센터 앞에 설치된 종합안내판을 보고, 현 위치를 파악한 다음 고구동산길로 출발하면 된다. 고구동산길을 가기 전 안내센터에 비치된 안내지도책자를 가지고 이동하면 코스를 좀 더 쉽게 찾을 수 있다. 
고구동산길 중간지점에는 중앙대학교 후문이 있으며, 중앙대 후문을 지나면 서달산을 진입할 수 있다. 서달산에는 피톤치드숲, 숲속도서관, 숲속유치원, 야생초화원 등 볼거리가 가득하다.","<a href=""https://www.dongjak.go.kr/portal/main/contents.do?menuNo=201108"" target=""_blank"" title=""새창 : 동작구청 홈페이지로 이동"">https://www.dongjak.go.kr</a>",,,,
132215,38,가락농수산물종합도매시장,서울특별시 송파구 양재대로 932 (가락동),,18,127.1107693087,37.4960786971,,http://tong.visitkorea.or.kr/cms/resource/37/3568037_image2_1.jpg,Type1,SH,SH06,SH060200,"가락농수산물종합도매시장은 국내 최대의 농수산물 도매시장이다. 1985년 청과시장과 수산시장이 처음 문을 열면서 국내 최고의 농수산물 유통단지로 성장해 왔다. 기타 직판시장이 들어서면서 오늘날의 규모로 자리 잡았으며 16만 4천여 평에 달하는 부지에 각종 시장 건물 17동이 있다. 연간 230여만 톤(하루 7,500여톤)으로 세계 최대 거래 물량을 자랑하며, 서울시 소요량의 49%, 전국 32개 공영도매시장이 취급하는 총거래량의 40%를 차지할 정도로 우리나라 농수산물 유통의 중심적인 역할을 하고 있다.","농수산물식품공사 <a href=""http://www.garak.co.kr/gongsa/jsp/mk/marketinfo/garak_overview201109.jsp"" target=""_blank"" title=""가락시장 안내페이지로 이동"">http://www.garak.co.kr</a>",점포별 상이,점포별 상이,,
2757647,38,가락몰,서울특별시 송파구 양재대로 932 (가락동),,18,127.1107693087,37.4960786971,,http://tong.visitkorea.or.kr/cms/resource/56/3467156_image2_1.jpg,Type3,SH,SH05,SH050200,"가락농수산물도매시장 옆 송파대로 변에 현대식 건물로 지어진 쇼핑센터이다. 총 7개 동으로 구성되었으며 판매동 지하 1층은 청과물, 지상 1층 수산물, 건해물과 축산물을 판매한다. 2층은 마트 형식의 종합상가와 주방용품을 판매하며 3층은 전문식당관으로 운영되고 있다. 테마동 4관은 식품 식자재와 팔도 특산품 홍보매장도 운영한다. 2관에 있는 유기농 전문 마트 (주)다농도 주부들에게는 인기다.",,점포별 상이,연중무휴 (점포별 상이),,
2757640,38,가락수산시장,서울특별시 송파구 양재대로 932 (가락동),,18,127.1107693087,37.4960786971,,http://tong.visitkorea.or.kr/cms/resource/34/3567934_image2_1.jpg,Type1,SH,SH06,SH060200,"가락동 농수산물 도매 시장 내에 있는 가락수산시장은 동부간선도로와 분당·수서 간 고속도로가 지나는 탄천 변 둑길에서 출입하는 것이 가깝다. 전국에서 잡은 수산물들이 이곳 가락수산시장에 모여 시세가 형성된 뒤 다시 전국 각지로 팔려나간다. 수산시장 옆으로 가락시장의 한가운데에 해당하는 과일시장이 도매시장 내에서 면적이 가장 크다. 올림픽패밀리아파트를 마주 보고 채소 시장이, 문정동 우체국 맞은편으로 마늘·고추파 시장이, 가락시장역과 연결된 가락몰이 있다.","<a href=""https://www.garak.co.kr/homepage/M0000194/content/view.do"" target=""_blank"" title=""새창 : 가락수산시장 사이트로 이동"">https://www.garak.co.kr/</a>",점포별 상이,점포별 상이,,
2989027,38,간격 드로잉스페이스,서울특별시 마포구 월드컵로23길 20 망원빌,4층,13,126.9077277407,37.5570179737,,http://tong.visitkorea.or.kr/cms/resource/16/2989016_image2_1.jpg,Type3,SH,SH07,SH070100,"망원동에 위치한 화실 드로잉스페이스 간격은 일상 속에서 예술을 쉽고, 자유롭게 접하게 하기 위한 화실이다. 원데이클래스 수업과 한 달간 자유롭게 이용 가능한 정규반을 운영 중에 있다.
원데이클래스 수업은 1일 3시간으로 운영 중이며, 정규반 클래스는 4주 결제 후 매주 1회 티칭을 할 수 있는 공간으로 운영 중에 있다. 또한, 티칭 외 오픈 시 자유롭게 방문하여 미술창작 활동을 할 수 있다. 
2019년에 시작하여 현재까지 많은 회원들과 다양한 재료를 이용한 미술 수업들을 진행하고 있다. 월 1회 야외 스케치, 인체, 인물 드로잉 활동 진행하고, 토요일 저녁 격주로 크로키 모임으로 진행한다.","<a href=""https://www.instagram.com/drw_space/"" target=""_blank"" title=""새창 : 간격 드로잉스페이스 인스타그램 페이지로 이동"">https://www.instagram.com/drw_space/</a>",- 월요일~화요일 11:00~21:00<br>- 수요일 15:00~21:00<br>- 토요일 11:00~21:00,매주 목요일~금요일 / 일요일,,
132201,38,강남고속터미널 혼수상가,서울특별시 서초구 신반포로 194 (반포동),4층,15,127.0055841495,37.5062061855,,http://tong.visitkorea.or.kr/cms/resource/32/3527832_image2_1.jpg,Type1,SH,SH05,SH050200,"강남고속터미널 혼수상가는 주로 침구, 커튼, 주단 등을 파는 혼수 및 홈인테리어 전문 상가이다. 1982년부터 혼수 가게들이 입점하여 침구점은 250여 곳, 커튼전문점은 100 여 곳이 있고, 별도 바느질하는 가공소도 40여 곳이 있다. 그 외 나머지 점포에서는 주단, 한복, 수예품, 원단, 양복지 등 혼수 관련 제품을 판매하고 있다. 고급 혼수 침구세트를 갖춰놓고 있지만 값은 시중보다 약 20%로 싸게 거래되며, 터미널을 이용하는 지방 상인들과 소비자들이 많이 찾고 있어 고속버스로 전국 각지에 무료 배달 서비스를 해주기도 한다.","<a href=""http://www.terminalsangga.com/"" target=""_blank"" title=""새창 : 강남터미널상가 홈페이지로 이동"">http://www.terminalsangga.com</a>",09:30~19:00,매주 일요일<br>※ 자세한 사항은 홈페이지 참조,,
2741626,38,강서농산물도매시장,서울특별시 강서구 발산로 40 (외발산동),,4,126.8216495158,37.5557499181,,http://tong.visitkorea.or.kr/cms/resource/22/3589922_image2_1.jpg,Type1,SH,SH06,SH060200,"서울 강서구 외발산동에 위치한 강서농산물도매시장은 서울시가 개설한 서울 제2의 서남권 농산물도매시장으로, 농산물, 수산물, 축산물, 공산물 등을 판매하고 있다. 경매제와 함께 우리나라 최초로 시장도매인제를 도입하여 현재 두 가지 유통체계가 병존하는 도매시장이다. 시장 내에는 식자재, 도소매 전문매장과 산지 직송 수산물을 판매하는 수협강서수산시장과 서울농수산식품공사도 있다. 일반인들도 농산물과 과일을 구매할 수 있으며, 전철 마곡역 인근에 위치하고 있어 접근성이 편리하다.","<a href=""https://www.garak.co.kr/homepage/M0000202/content/view.do"" target=""_blank"" title=""새창: 서울시농수산식품공사 홈페이지로 이동"">https://www.garak.co.kr</a>",점포 별로 상이,점포 별로 상이,,
2758193,38,개봉중앙시장,서울특별시 구로구 개봉로17길 34 (개봉동),,7,126.8538844883,37.4916357215,,http://tong.visitkorea.or.kr/cms/resource/61/3558661_image2_1.jpg,Type1,SH,SH06,SH060200,"서울 구로구 개봉동에 위치한 개봉중앙시장은 1976년 시장 부지로 구획되어 조성되었다. 1980년대 후반에서 1990년대 초까지 전성기를 누렸다. 주로 생활용품과 잡화 등을 판매하고 있다.
개봉중앙시장에서 매년 맥주 축제를 열고 있으며, 이외에도 설맞이 경품행사 등 다양한 이벤트를 진행하고 있다.",,점포 별로 상이함,점포 별로 상이함,,
273772,38,갤러리아백화점 명품관,서울특별시 강남구 압구정로 343 (압구정동),,1,127.0400692668,37.5285292127,,http://tong.visitkorea.or.kr/cms/resource/74/3495074_image2_1.jpg,Type3,SH,SH01,SH010100,"강남 갤러리아백화점 명품관은 우리나라 유통업계에서 명품관이라는 개념을 처음으로 본격 도입한 곳이다. 청담동과 함께 하이엔드 패션의 메카 역할을 하며 해외 명품들이 한국 시장 진출 시 가장 먼저 입점하는 백화점이다. 갤러리아백화점의 본점과도 같은 곳으로 도로를 사이에 두고 EAST 관과 WEST 관으로 구분되어 있다. 
2004년 리모델링을 거쳐 현재 갤러리아백화점 명품관 WEST 관과 EAST 관으로 변모했다. 그중 갤러리아백화점 패션관에서 명품관으로 승격된 WEST 관은 물고기 비늘을 형상한 외관으로 밤이 되면 색이 변하면서 영상을 투사한다. WEST 관과 EAST 관에는 유명한 명품 브랜드들이 입점해 있으며, 국내외의 최신 패션 경향 및 시즌 상품을 한 발 앞서 소개하는 안테나숍으로서의 기능을 하고 있다.
입점 브랜드로는 구찌, 루이비통, 미우미우, 프라다 등이 있다. 2016년 이후 매해 크리스마스 시즌마다 명품 브랜드와 협업을 통해 익스테리어를 꾸미는 것으로 유명하다. 2016년 불가리를 시작으로 까르띠에, 디올, 펜디 등의 브랜드들과 콜라보를 통해 익스테리어를 선보이고 있으며, 이를 통해 명품 백화점으로 명성을 더욱 견고히 하고 있다.","<a href=""https://dept.galleria.co.kr/store-info/luxuryhall/shopping-info"" target=""_blank"" title=""새창 : 갤러리아백화점 명품관 홈페이지로 이동"">http://dept.galleria.co.kr</a>",- 월요일~목요일 10:30~20:00<br>- 금요일~일요일 10:30~20:30,월 1회<br>※ 홈페이지 참조,,
132205,38,견지동 불교용품거리,서울특별시 종로구 우정국로 55,,23,126.9819927000,37.5744783860,,http://tong.visitkorea.or.kr/cms/resource/01/3589201_image2_1.jpg,Type1,SH,SH05,SH050200,"견지동 불교용품거리는 대한불교 조계종의 총본산인 조계사 입구에서 형성된 후 공평사거리와 인사동 일부까지 30여 개의 불교서적 및 불교용품 전문 판매점이 몰려있는 곳이다. 이곳에서 불교 서적, 목탁, 염주, 승복, 불상, 향 등의 불교용품을 살 수 있다. 견지동 불교용품거리는 시민들의 자발적인 발굴과 보존을 원칙으로 시민, 전문가 등이 제안해 사실 검증과 미래유산보존위원회의 심의를 거친 후 선정된 서울미래유산이다.",,점포 별로 상이함,점포 별로 상이함,,
2741571,38,고분다리전통시장,서울특별시 강동구 구천면로34길 8 (천호동),,2,127.1316577579,37.5424098057,,http://tong.visitkorea.or.kr/cms/resource/31/3571731_image2_1.jpg,Type1,SH,SH06,SH060200,"고분다리전통시장은 천호시장과 암사시장 사이에 위치한 재래시장이다. ‘고분다리’는 옛 천호동의 지명인 곡교리(曲橋里)를 고유어로 풀이한 것이다. 시장 한가운데 위치한 강동형 복합문화공간 다독다독은 주민들의 쉼터 공간으로 이용되고 있으며, 사진 찍기 좋은 벽화 포토존도 있다.","<a href=""https://blog.naver.com/millkyk0"" target=""_blank"" title=""새창 : 고분다리전통시장 네이버 블로그로 이동"">https://blog.naver.com/millkyk0</a>",점포 별로 상이함,점포 별로 상이함,,
2743854,38,고척근린시장,서울특별시 구로구 고척로32길 11-3 (고척동),,7,126.8498040086,37.5021872007,,http://tong.visitkorea.or.kr/cms/resource/74/3463574_image2_1.jpg,Type3,SH,SH06,SH060200,"전통시장과 현대 시장의 분위기를 동시에 느낄 수 있는 시장이다. 총면적 약 2200㎡로 약 70여 개의 점포가 영업 중인 중소형으로 제로 페이가 대부분 가능하다. 1971년부터 영업을 시작했으며 주변에 고척 근린공원이 있어 찾기 쉽다. 아케이드 지붕으로 날씨에 상관없이 이용이 편리하고 주민들이 찾는 시장을 만들기 위해 프리마켓 , 독거노인 돕기 등 다양한 행사도 개최하고 있다.",,09:00~21:00<br>※ 점포 별로 상이함,매월 셋째 주 화요일<br>※ 점포 별로 상이함,,
2743742,38,공릉동도깨비시장,서울특별시 노원구 동일로180길 53 (공릉동),,9,127.0771743155,37.6229161347,,http://tong.visitkorea.or.kr/cms/resource/99/2779699_image2_1.jpg,Type3,SH,SH06,SH060200,"1939년 7월 25일 경춘철도가 개통되면서 화랑대역 인근에 모여든 노점상으로부터 비롯된 공릉동도깨비시장은 노점 단속이 나오면 도깨비가 다녀간 듯 순식간에 사라지고, 단속이 끝나면 다시 옹기종기 철길에 모여 장터를 꾸려나가던 재래 도깨비시장으로 시작되었다. 우수한 품질의 상품을 저렴한 가격에 판매한다는 이미지와 도깨비방망이로 뚝딱한 듯 모든 물건이 다 있다는 노원구의 대표적 근린생활시장으로 운영되어 오다 2019년 경춘선 숲길공원 조성과 함께 문화관광시장인 동부권 랜드마크로 성장하고 있다.
시장 입구에 도깨비가 그려진 벽화가 도깨비시장 손님들을 맞는다. 눈이나 비가 와도 쇼핑이 가능할 수 있도록 아케이드 천장이라 이용이  편리하고 오르막과 내리막길 양옆으로 점포들이 잘 배치되어 있다.",,점포 별로 상이함,점포 별로 상이함,,
132183,38,광장시장,서울특별시 종로구 창경궁로 88,,23,126.9997217621,37.5701653166,,http://tong.visitkorea.or.kr/cms/resource/81/2668981_image2_1.jpg,Type3,SH,SH06,SH060200,"구한말 국내 정세가 혼미를 거듭하던 중 일본, 중국 등 열강세력의 각축장으로 국운은 풍전등화격이었다.  1905년 고종 42년  을사조약 체결 후 실질적으로 주권행사는 일본이 장악했고 따라서 경제침략 정책을 기도한 바 그 한 예로서 남대문시장 경영권  장악하였고 경제적인 돌파구로 새롭게 문을 연 것이 종로의 광장시장이다. 1905년  우리 나라 최초의 상설 시장 이 탄생한 순간이다. 원래 광장시장은 광교(너른 다리)와  장교(긴 다리) 사이를 복개하여 만들려고 했기 때문에 그 다리 이름의 첫머리를 따서  ‘너르고 긴’이라는 뜻의 광장(廣長)시장이라 이름 지었으나 배오개로 터를 옮기며  이전 이름의 한글 발음은 그대로 둔 채 ‘널리 모아 간직한다’는 뜻을 새로 담아 현재의  광장(廣藏)시장이 되었다. 시장개설시 주요 거래 상품으로는 주로  농수산물, 신탄 등인데 가평·뚝섬 이천, 철원 등지에서 우마차로 반입하는 소규모의 단조로운 원시적인 시장 기능일 뿐이었으나 100년이 훌쩍 넘은 현재의 주거래 품목으로는 주단, 포목(한복), 직물(양복,양장지), 여성의류제품, 커텐지, 침구, 수예,  나전칠기, 주방용품, 수입품코너, 청과, 건어물, 제수용품, 생선, 정육, 야채 등으로 상당량 거래 규모를 자랑하는 종합적인 면모를 갖춘  시장이 되었다. 또한 광장시장에서 가장 번화한 곳은 동문과 북2문, 남1문이 만나는  거리에 형성된 먹거리장터이다. 광장시장의 먹거리장터는 학생, 중장년층, 연세 지긋한 어르신까지 모든 연령을 아우른다. 현재 세계 관광코스로 지정되어 우리나라를 여행하는 많은 외국 관광객들의 경유지로 되어 있음을  자랑할 수 있다.","<a href=""http://www.kwangjangmarket.co.kr  "" target=""_blank"" title=""새창 : 광장시장 홈페이지로 이동"">http://www.kwangjangmarket.co.kr</a>",점포 별로 상이함,점포 별로 상이함,,
1013527,38,광장시장 한복매장,서울특별시 종로구 창경궁로 88 (예지동),,23,126.9980663554,37.5702347233,,http://tong.visitkorea.or.kr/cms/resource/80/1015080_image2_1.jpg,Type3,SH,SH06,SH060200,"광장시장의 한복매장은 전통 한복을 전문으로 취급하는 곳이다. 이곳은 다양한 디자인의 한복을 제공하여 고객의 취향에 맞는 선택을 가능하게 한다. 맞춤형 한복부터 트렌디한 생활 한복까지 다양한 디자인과 색상의 한복을 만나볼 수 있다. 품질 좋은 원단과 정성스러운 손길로 완성된 한복을 합리적인 가격에 제공한다. 또한, 맞춤 제작 서비스도 있어 고객의 취향에 따라 개성을 담은 한복을 제작할 수 있다. 오랜 전통을 자랑하는 장인들의 기술과 개성이 살아 있는 디자인으로 외국인 관광객과 젊은 세대 모두에게 큰 인기를 끌고 있는 곳이다.","<a href=""http://www.kwangjangmarket.co.kr"" target=""_blank"" title=""새창 : 광장시장 홈페이지로 이동"">http://www.kwangjangmarket.co.kr </a>",09:00~18:00<br>※ 점포 별로 상이함,연중무휴<br>※ 점포 별로 상이함,,
132420,38,구로 중앙유통단지,서울특별시 구로구 경인로53길 15,,7,126.8746156713,37.5009544532,,http://tong.visitkorea.or.kr/cms/resource/88/3526888_image2_1.jpg,Type1,SH,SH05,SH050200,"구로 중앙유통단지는 기계 공구, 산업용품, 전자 및 컴퓨터 부품 등의 유통을 전문으로 하는 중소기업 상인들이 자발적으로 조성한 전문 상권이다. 1984년 청계천 상가 상인들을 중심으로 유통단지 계획이 수립되었으며, 1996년 유통단지가 준공되어 본격적인 입주가 시작되었다. 총 4,000여 개의 상가가 6개 동 건물에 모여 있으며, 규모가 방대해 품목 또한 매우 다양하다. 가구, 전자제품, 휴대폰 등 다양한 산업 관련 상가와 사무실이 입주해 있으며, 식당, 문구점, 약국 등 편의시설도 잘 갖추어져 있다. 구로 중앙유통단지는 동양 최대의 산업용품 단지로서 상업과 산업 기능을 동시에 수행하고 있다.","<a href=""http://www.chacc.or.kr"" target=""_blank"" title=""새창 : 중앙유통단지 홈페이지로 이동"">http://www.chacc.or.kr</a>",점포별 상이함,점포별 상이함,,
2592394,38,구로시장,서울특별시 구로구 구로동로22길 17-4 (구로동),,7,126.8856260957,37.4896837364,,http://tong.visitkorea.or.kr/cms/resource/48/3400248_image2_1.JPG,Type3,SH,SH06,SH060200,"1962년 경인국도를 따라 구로구에 대규모의 주택들과 구로공단이 형성되면서 시장이 필요해졌고 그에 따라 계획적으로 만들어진 시장이다. 구로시장은 구로구에 있는 재래시장 중 가장 먼저 터를 잡았으며 개장 초기 포목과 한복, 의류 가게부터 해서 떡집, 참기름 집, 먹자골목 등이 형성되었다. 현재에도 구로시장에는 한복집이 많은데 그 이유는 구로공단에서 일했던 여성 노동자들이 명절 귀향길에 한복을 입고 가족 선물로도 한복을 많이 장만해 갔으며, 혼수를 이곳에서 구입했기 때문이다. 남대문시장, 동대문시장 다음으로 구로시장이란 말이 있을 정도로 이곳의 포목점은 호황을 누렸다. 시장 양 옆으로 포목점과 한복집이 늘어서면서 비단길이라고 불렀다고 한다. 2015년 노후화 시설을 개선하는 현대화 사업을 착수, 날씨에도 안전한 아케이드를 설치하고 간판을 정비했다. 
구로시장은 중국인 등 외국인이 많이 사는 동네라 여느 전통시장에서와는 다른 식재료들을 판매하는 곳이 많다. 그 외에도 우리의 전통적인 식품, 반찬, 농산물, 수산물, 의류 잡화 등 다양한 물건들을 저렴하게 판매하고 있다. 먹거리도 풍부해서 맷돌손두부, 진한 팥죽, 떡볶이, 보리밥과 함께 나오는 칼국수, 40년 전통의 엄마손국수공장 등 맛있는 음식을 가성비 있는 가격으로 맛볼 수 있다.",,,매월 첫째 주 월요일,,
2997938,38,그랑핸드 가회점,서울특별시 종로구 북촌로11길 61 (가회동),,23,126.9832562196,37.5834468109,,http://tong.visitkorea.or.kr/cms/resource/39/3572939_image2_1.JPG,Type3,SH,SH05,SH050100,"2014년 런칭한 국내 향수 브랜드 그랑핸드는 북촌의 작은 한옥에서 시작하여 현재는 서울의 아홉 곳에 크고 작은 오프라인 스토어까지 생기며 일상 곳곳에 향기로 자취를 남기는 브랜드이다. 단 한 번도 광고와 온라인 판매를 진행하지 않았으며, 오직 오프라인으로 만나볼 수 있는 곳이다. 이는 곧 브랜드의 철학이 되었다. 그랑핸드 가회점은 아홉번째 스토어로 북촌의 중심부이자 아름다운 경관을 가진 장소에 위치해 있으며, 서울의 지붕이 내려다보이는 언덕 위와 조용하고 단단한 한옥 골조 안에 그랑핸드 특유의 향기와 분위기를 담은 곳이다.","공식 홈페이지 <a href=""https://granhand.com/"" target=""_blank"" title=""그랑핸드 공식 홈페이지로 이동"">https://granhand.com</a><br>공식 인스타그램 <a href=""https://www.instagram.com/granhand_official/"" target=""_blank"" title=""그랑핸드 공식 인스타그램으로 이동"">https://www.instagram.com/granhand_official/</a>",10:00~17:30,연중무휴,,
2743748,38,금남시장,서울특별시 성동구 독서당로 303-7 (금호동3가),,16,127.0227286130,37.5485071360,,http://tong.visitkorea.or.kr/cms/resource/59/3414159_image2_1.jpg,Type3,SH,SH06,SH060200,"해방 후 1949년 백범 김구 선생은 금남시장 부근에 160호 규모의 주택단지와 백범 학원을 개원했는데, 그곳을 중심으로 사람들이 모이기 시작하면서 자연스럽게 장터가 형성되었다고 한다. 지금도 금남시장 앞 삼거리에 김구 선생님의 기념비가 있다. 전형적인 골목형 시장으로 독서당로를 따라 들어선 노점들과 좁은 골목 사이사이 점포들로 이뤄져 있다. 2005년부터 상인회를 중심으로 아케이드 설치, 조명등 교체와 같은 시설 현대화 사업을 실시하여 고객들에게 보다 쾌적한 쇼핑환경을 제공하고 있다. 금호동의 랜드마크이며 현대식 마트에서는 찾을 수 없는 맛과 정을 느낄 수 있는 친서민적인 시장이다.","<a href=""https://blog.naver.com/kumnammarket"" target=""_blank"" title=""새창 : 금남시장 네이버 블로그로 이동"">https://blog.naver.com/kumnammarket</a>",점포 별로 상이함,점포 별로 상이함,,
2741605,38,길동복조리시장,서울특별시 강동구 천호대로187길 62 (길동),,2,127.1431985291,37.5369606466,,http://tong.visitkorea.or.kr/cms/resource/74/2779574_image2_1.png,Type3,SH,SH06,SH060200,"길동복조리시장은 강동구민의 지역 주민의 일상과 전통이 살아 숨 쉬는 따뜻한 전통시장이다. 신선한 농산물, 수산물, 정육을 비롯해 다양한 반찬과 간편식까지 한자리에서 만날 수 있는 실속 있는 공간이다. 골목골목마다 맛있는 먹거리와 생활용품이 가득해 장보기의 즐거움을 더한다. 천장이 설치되어 있어 비나 눈이 오는 날에도 걱정 없이 장보기가 가능하다.",,점포 별로 상이함,점포 별로 상이함,,
132226,38,낙원 악기상가,서울특별시 종로구 삼일대로 428 (낙원동),,23,126.9880310857,37.5728259087,,http://tong.visitkorea.or.kr/cms/resource/19/923719_image2_1.jpg,Type3,SH,SH05,SH050200,"인사동 전통문화의 거리 바로 옆에 있는 낙원 악기상가는 70년대 이래로 악기 및 음악 관련 제품과 정보, 서비스만을 취급하고 있는 전문 상가로, 세계 최대의 규모이다. 330여 개에 이르는 악기점에서 기타, 관현악기, 타악기, 국악기와 첨단 전자악기 및 앰프와 스피커 등 각종 음향과 방송설비의 국내외 최신 제품과 정보를 얻고 구매할 수 있으며, 고가의 최신 제품뿐만 아니라 중고품의 교환과 판매도 가능해서 피아노 등 중고품의 수리, 조율 및 교환 등의 서비스도 제공된다. 또, 각종 행사의 악기 및 음향 장비 대여 서비스도 가능하다. 같은 상가 내에 복합 상영관인 할리우드 극장도 있어 인사동 전통문화의 거리와 함께 종로의 대표적인 명소로 자리매김하고 있고, 최근의 리뉴얼 이후로 일요일에도 개장하여 더욱 쾌적한 쇼핑환경을 제공하고 있다.","<a title=""새창 : 낙원상가 홈페이지로 이동"" href=""http://www.enakwon.com"" target=""_blank"">http://www.enakwon.com</a>",10:00~18:00 <br> ※ 점포별 상이,매주 일요일 <br> ※ 점포별 상이,,
2591755,38,남구로시장,서울특별시 구로구 구로동로26길 58 (구로동),,7,126.8872731601,37.4899615113,,http://tong.visitkorea.or.kr/cms/resource/67/3581067_image2_1.jpg,Type1,SH,SH06,SH060200,"구로동에 위치한 남구로시장은 1960년대 자연발생적으로 생긴 전통시장으로 50년 역사를 자랑한다. 주요 품목으로는 농산물, 축산물, 수산물, 의료 및 중국 식품 등이 있으며, 오랜 역사와 전통을 자랑하는 시장인 만큼 소문난 맛집이나 특색 있는 점포들이 많아 다양한 먹거리를 즐길 수 있다. 자잘한 골목 없이 일직선으로 쭉 이어져 있어 쇼핑하기가 아주 편하다. 특이한 점은 중국 음식이 많았고 중국 손님들이 많았다는 것이다. 중국 음식이 아니더라도 거의 모든 음식과 물건들에 한글과 함께 중국어도 표기돼 있었다. 점포 200여 개 중 10%는 중국 식품이며 중국인이 운영하고 있으며, 실제로 시장 이용객 70~80%가 중국인이다.","<a href=""https://www.guro.go.kr/www/contents.do?key=2979&"" target=""_blank"" title=""새창 : 구로구청 사이트로 이동"">https://www.guro.go.kr/</a>",09:00~21:00,매월 넷째 화요일,,
985961,38,남대문 문구상가,서울특별시 중구 남대문로 6-2 (남대문로4가),,24,126.9765019308,37.5604465848,,http://tong.visitkorea.or.kr/cms/resource/37/3573137_image2_1.jpg,Type1,SH,SH05,SH050200,"남대문 문구상가는 문구, 완구 및 포장 용품 전문점들이 모여있는 거리이다. 문구골이라고 불리는 문구 상가에는 기발한 아이디어가 돋보이는 문구와 완구들이 모여있는 곳으로, 발명 등에 관심이 많은 일본인이 많이 찾는 곳이다. 학용품, 팬시용품, 사무용품, 미술용품이 동별, 층별로 진열되어 있어 원스톱 쇼핑이 가능하다. 다른 도매 상가에 비해 낱개로 살 수 있는 것이 많다. 일부 매장은 인터넷 쇼핑몰도 운영하고 있다.",,매장 별로 상이함,매장 별로 상이함,,
986011,38,남대문 본동의류상가,서울특별시 중구 남대문시장2길 3-2 (남창동),,24,126.9766574889,37.5598688770,,http://tong.visitkorea.or.kr/cms/resource/76/3568376_image2_1.jpg,Type1,SH,SH05,SH050200,"남대문 본동의류상가는 전통시장인 남대문시장 안에 있는 상가 건물이다. 2층 건물에 명품의류 할인매장, 각종 숙녀복과 남성복, 패션잡화 도매상, 카페 등의 상점이 입점해 있다. 상가 건물 주변으로 남대문시장의 명물 갈치조림골목과 정육점, 식품, 잡화 등 우리나라 고유의 시장 문화와 특색이 담긴 상점들이 많다. 남대문시장의 예스럽고 정겨운 풍경을 보기 위해 찾는 국내외 관광객이 많다. 수도권 지하철 4호선 회현역 5번 출구에서 도보 약 10분 거리에 있다. 주변에 갈치조림, 잔치국수, 떡볶이 등 맛집들이 많아서 볼거리와 먹을거리를 함께 즐길 수 있다.",,점포별 상이,점포별 상이,,
132211,38,남대문 액세사리상가,서울특별시 중구 남대문시장4길 21,,24,126.9776157542,37.5591939725,,http://tong.visitkorea.or.kr/cms/resource/73/1984373_image2_1.jpg,Type3,SH,SH05,SH050200,"남대문 시장에는 옷과 수입품 못지않게 단일품목으로 규모가 큰 액세서리 상가가 있다. 퇴계로변 남대문시장 쪽에 연세 상가, 영창, 장안, 원랭땅, 남문, 렝땅, 유성상가, 실 로암상가 등이 몰려 있다. 남대문로 시장쪽에 우주상가, 삼호마게트가 있다. 이들 상가에서는 약 2천여곳의 악세 사리 전문점이 들어서 있는데 이는 국내에서 가장 큰 규모이다. 한 품목만 전문으로 파는 점포가 많으며 금, 은도금, 천연소재 플라스틱등 머리핀에서 발, 목걸이까지 신체 및 의류, 모자 등에 사용되는 모든 종류를 직접 제조판매함에 따 라 국내는 물론 세계시장에도 전문악세사리 상가로 유명하다.",,※ 점포별 상이함,※ 점포별 상이함,,
1013076,38,남대문 종합상가,서울특별시 중구 남대문시장4길 21,(남창동),24,126.9776518607,37.5592134153,,http://tong.visitkorea.or.kr/cms/resource/04/1015004_image2_1.jpg,Type3,SH,SH05,SH050200,"남대문 상가는 역사가 깊은 상가인만큼 수많은 품목을 자랑하기도 하지만 그보다는 다른 곳에서 구하기 힘든 물품들을 찾아볼 수 있다는 점에서 사람들에게 유명한 곳이다. 남대문 시장과 가까운 위치에 있어 전통적인 재래시장과 현대적인 쇼핑몰의 장점을 동시에 즐길 수 있다. 헤아리기도 힘든 수많은 품목의 상품들을 판매하고 있으며, 특히 카메라 부분에서는 쉽사리 구하기 힘든 부품들을 구해볼 수 있고, 전국의 각종 특산물들도 찾아볼 수 있다.","<a href=""http://www.namdaemunmarket.co.kr"" target=""_blank"" title=""새창 : 남대문종합상가 홈페이지로 이동"">http://www.namdaemunmarket.co.kr 
</a>",※ 점포별 상이함,※ 점포별 상이함,,
986038,38,남대문 중앙상가,서울특별시 중구 남대문시장4길 21,,24,126.9776157542,37.5591939725,,http://tong.visitkorea.or.kr/cms/resource/87/1009887_image2_1.jpg,Type3,SH,SH05,SH050200,"중앙상가는 각종 여성용품과 우리나라의 특색 있는 제품들로 구성되어 있다. 1층 여성 의류 전문 매장에는 전국의 다양한 디자인의 여성 의류가 한곳에 모여 있어 쇼핑을 즐기는 여성들이 많이 찾는 곳이며, 액세서리 전문점도 함께 있어 쇼핑 시간을 단축할 수 있다. 2층은 외국인들이 가장 선호하는 민속공예품 및 전통 공예품들이 많은 곳이며 포목, 수예, 침구, 전통 혼례용품들을 한눈에 볼 수 있는 곳이다.",,점포별 상이,점포별 상이,,
132180,38,남대문시장,서울특별시 중구 남대문시장4길 21,,24,126.9776796357,37.5592467455,,http://tong.visitkorea.or.kr/cms/resource/67/2612867_image2_1.jpg,Type3,SH,SH06,SH060200,"생동감이 넘쳐나는 남대문시장은 하루 평균 30만 명이 방문한다. 신세계백화점, 한국은행 등 서울의 주요 건물은 물론, 정동길, 명동, 남산타워, 남산한옥마을 등 관광명소들과 인근하고 있어 서울을 찾는 외국인들이 가장 많이 찾는 명소이다. 사람들의 발길은 숭례문을 기점으로 1만여 곳에 육박하는 점포로 향한다.
남대문시장에는 아동, 남성, 여성 등 각종 의류를 비롯해 액세서리, 주방용품, 민속공예, 식품, 잡화, 농수산물 등 일상생활에 필요한 1,700여 종에 달하는 상품을 판매하고 있다. “남대문시장에 없으면 서울 어디에도 없다”, “남대문시장엔 고양이 뿔 빼고 다 있다”는 말이 있을 정도다.
남대문시장은 전국 소매상과 소비자에게 저렴한 가격으로 유통하는 도·소매기능을 겸하고 있어 국내 소매상뿐 아니라 중국, 일본, 동남아시아와 유럽, 미국, 중동 등 세계 각지에서도 찾아오고 있다.
은호식당, 진주집 등 오랜 역사를 자랑하는 꼬리곰탕집을 비롯해 갈치골목, 칼국수골목, 야채호떡, 닭곰탕, 이북식 냉면집 부원면옥 등 남대문시장에서만 맛볼 수 있는 먹을거리들도 남대문시장을 꼭 한 번 방문해 볼 것을 추천한다.","<a href=""http://www.namdaemunmarket.co.kr"" target=""_blank"" title=""새창 : 남대문시장 홈페이지로 이동"">http://www.namdaemunmarket.co.kr </a>",점포 별로 상이함,점포 별로 상이함,,
132225,38,남대문인삼시장,서울특별시 중구 남대문시장길 25-8 (남대문로4가),,24,126.9775046150,37.5605299268,,http://tong.visitkorea.or.kr/cms/resource/31/3065131_image2_1.JPG,Type3,SH,SH06,SH060200,"남대문인삼시장은 남대문시장 안에 인삼을 판매하는 점포들이 모여있는 곳을 말한다. 시장 중앙통로를 사이에 두고 20여 개 점포들이 마주 보고 있다. 도소매를 겸하는 상점으로 일반 소비자들도 싼값에 품질 좋은 인삼을 살 수 있다. 값은 품목에 따라 조금씩 차이가 있으나, 보통 시중가보다 20~30%가 싸다. 이처럼 값이 싼 이유는 인삼이나 인삼가공 제품을 각각 생산지 농민, 가공 업체들과 직거래하기 때문이다.
남대문극장 빌딩 2층에 있는 남대문인삼유통센터에서는 수삼을 비롯하여 인삼차, 분말, 정과 등의 인삼 가공 제품을 팔고 있다. 그 밖에 담배인삼공사의 홍삼 제품, 꿀, 영지, 전통차, 현미, 율무, 야채 효소 등 인삼 관련 제품과 건강식품을 함께 취급한다. 수삼을 비롯한 인삼류는 그 해 작황에 따라 값이 오르내린다.",,점포 별로 상이함,점포 별로 상이함,,
2761466,38,남평화상가,서울특별시 중구 장충단로 282-10 (신당동),,24,127.0108429971,37.5692239587,,http://tong.visitkorea.or.kr/cms/resource/64/3568464_image2_1.jpg,Type1,SH,SH05,SH050200,"1980년 설립된 남평화상가는 서울 중구 장충단로에 위치한 가방 및 의류 전문 도매상가로 ‘남평화시장’으로 주로 불리며 건물 간판명에는 ‘패션남평화’로 쓰여 있다. 3층 규모 건물에 약 700여 개의 점포가 영업 중이며, 밤 8시부터 영업을 시작한다. 2, 3층은 캐주얼 의류매장으로 오후 8시부터 새벽 6시까지 영업하고, 1층과 지하 1층의 가방 도매상가는 밤 12시부터 낮 12시까지 영업을 한다. 지하철 4호선 동대문역 7번 출구, 1호선 동대문역 6번 출구를 이용하면 된다.",,- 의류 20:00~06:00<br>- 가방 24:00~12:00,금요일 / 토요일,,
132216,38,노량진수산물도매시장,서울특별시 동작구 노들로 674,,12,126.9368207234,37.5148539488,,http://tong.visitkorea.or.kr/cms/resource/54/2382954_image2_1.JPG,Type3,SH,SH06,SH060200,"노량진수산시장은 1927년에 지금의 서울역 옆 의주로에서 태동하여 90여 년의 긴 역사를 자랑하는 우리나라 내륙지 최대의 수산물 전문 도매시장이다. 1971년 노량진에 도매시장을 신축하였고, 2002년 어민 소득증대와 수산업 발전을 도모하는 수협이 시장을 인수하여 노량진수산시장 현대화사업을 진행하면서 유통과 문화가 공존하는 우리나라 대표 수산물 도매시장으로 재탄생하였다. 수도권 거래량의 50%를 점유하는 노량진수산물도매시장은 하루 거래되는 수산물 물량이 약 250~300톤가량이다. 수산물 시세는 그날 들어오는 물량에 따라 값이 결정되기 때문에 홈페이지를 통해 경매시세를 확인하는 것이 좋고, 소매시세는 경매시세보다 10~20% 정도 높다. 도매와 소매가 혼재되어 있는 노량진수산시장에서 새벽 1시부터 시작되는 경매는 많은 볼거리를 제공한다. 특히 3시에 진행되는 활어경매는 새벽시장의 활기찬 모습을 엿볼 수 있어 삶의 활력을 불러일으킨다.","<a href=""http://www.susansijang.co.kr  "" target=""_blank"" title=""새창 : 노량진수산주식회사로 이동"">www.susansijang.co.kr </a>",[경매]<br>- 패류뷰류 01:00~<br>- 고급선어 01:30~<br>- 대중부류 00:00~<br>- 고급활어 03:00~<br>- 냉동부류 03:00~<br><br>[판매(도소매)]<br>- 고급 00:00~24:00<br>- 대중 01:30~22:00<br>- 냉동 03:30~22:00<br>- 패류 01:00~22:00<br>- 건어 23:00~19:00<br>- 젓갈 03:00~19:00,[경매] 매주 일요일 / 1월 1일 / 설·추석 연휴<br>[판매(도소매)] 연중무휴,,
2751406,38,노룬산골목시장,서울특별시 광진구 자양동 816-79,,6,127.0647501150,37.5369286806,,http://tong.visitkorea.or.kr/cms/resource/56/2779656_image2_1.png,Type3,SH,SH06,SH060200,"1970년대에 개설된 광진구에서 가장 역사 깊은 전통시장으로 정비가 잘되어 있는 골목형 시장이다. 건대입구역에서 나와 조금 걸으면 시장이어서 접근성이 좋으며, 추억의 떡볶이와 전통 과자 등 다양한 먹거리도 인기다. 영동교 북단 방향으로 좀 더 걸으면 영동교골목시장까지 바로 연결되어 있어 동시에 이용할 수 있다. 알찬 먹거리가 가득하여 남녀노소 자주 찾는 시장이며 골목에 위치한 점포들이 방문객들에게 정겨운 느낌을 주는 전통시장이다.",,점포별 상이,점포별 상이,,
132235,38,논현 가구거리,서울특별시 강남구 학동로 125 (논현동),,1,127.0248794386,37.5124558057,,http://tong.visitkorea.or.kr/cms/resource/28/3571728_image2_1.jpg,Type1,SH,SH05,SH050200,"논현동 가구거리는 논현역 7호선과 학동역 사이에 가구 업체들이 밀집되어 있는 거리이다. 1970년부터 가구거리로 형성되었으며, 이때부터 가구거리라고 불렸다. 또한 강남구청에서 1996년 가구 문화 특화 거리로 지정하였다. 
논현동 가구거리를 방문하면 혼수용 가구, 공예 가구, 나전칠기, 부엌 가구, 사무용 가구, 인테리어, 수입 가구 등 가구의 모든 것을 한눈에 볼 수 있다. 고풍스러운 조명 등이 우리나라 가구의 1번지임을 돋보이게 하고 있다.",,매장 별로 상이함,매장 별로 상이함,,
2946235,38,단하,서울특별시 종로구 팔판길 39-7 (팔판동),,23,126.9809508653,37.5837550672,,http://tong.visitkorea.or.kr/cms/resource/68/2947568_image2_1.jpg,Type1,SH,SH05,SH050200,"단하는 2018년도에 김단하 디자이너가 론칭한 브랜드이다. 전통에서 유래한 문양과 소재, 복식을 활용하여 한국적 아이덴티티를 패션으로 전개하는 곳이다. 또한 전통과 현대를 아우르는 디자인으로 특별한 날 뿐만 아니라 일상에서도 누구나 착용할 수 있다. 소재는 친환경 소재의 원단을 사용하는 것을 지향하고 있으며, 입던 한복이나 폐 웨딩드레스를 해체 및 재가공하여 더욱 가치 있는 옷으로 재탄생시키는 작업도 진행하고 있다. 한복 구매는 매장방문 또는 온라인 쇼핑몰을 통해서 구입이 가능하며, 맞춤제작 한복을 원할 경우 미리 예약 후 방문하면 된다. 단하는 2020년도 발매된 블랙핑크의 <HOW YOU LIKE THAT> 뮤직비디오 촬영 의상을 제작한 곳이다. 전통 한복을 개량하였고 특히 봉황문인문보 문양을 활용하여 무대의상으로 완벽히 재탄생시킨 곳이다.","<a href=""https://danhaseoul.com/""target=""_blank"" title=""새창 : 단하 홈페이지 이동"">https://danhaseoul.com/</a>",11:00~19:00 (점심시간 13:00~14:00),매주 월요일,,
282011,38,답십리 고미술상가,서울특별시 동대문구 고미술로 39,,11,127.0522448086,37.5682581489,,http://tong.visitkorea.or.kr/cms/resource/98/3055898_image2_1.JPG,Type3,SH,SH05,SH050200,"답십리 고미술상가는 고서화, 고가구, 도자기 등의 고미술품과 독특하고 다양한 생활용품을 판매하는 상점이 밀집한 곳이다. 청계천 8가, 이태원, 아현동 등지에 흩어져 있던 고미술상점들이 1980년대 중반부터 답십리 일대에 모여들기 시작하여 형성되었으며, 현재 140여 개의 점포가 밀집해 있다. 
고미술품은 물론 나무 촛대, 괘종시계, 오래된 액자 등과 같은 오래되고 독특한 소품들이 많아 볼거리가 풍성하다. 일반 상점에서는 보기 힘든 특이한 물건들이 많아 한국인은 물론 외국인들도 자주 찾는다. 일반적으로 인사동이 질 좋고 값비싼 고미술품들을 주로 판매한다면 답십리 고미술 상가는 몇천 원부터 시작되는 작은 소품들이 많은 것이 특징이다.",,,매주 일요일<br>※ 매장 별로 상이할 수 있음,,
985952,38,대도종합상가,서울특별시 중구 남대문시장4길 9 (남창동),,24,126.9776907326,37.5597216902,,http://tong.visitkorea.or.kr/cms/resource/39/3570439_image2_1.jpg,Type1,SH,SH05,SH050200,"대도종합상가는 생활용품을 살 수 있는 남대문시장 안에 있는 종합쇼핑몰이다. 각종 수입용품, 개성 있는 생활잡화, 남성용 액세서리와 그릇 도매상가 등이 있고 남대문시장 내에서 가장 많은 인테리어 소품과 장식용 소품을 취급하는 전문상가가 있다. 점포마다 다량의 소품들이 전시되어 있으며, 특색 있는 소품과 주방용품들이 점포별로 다양하게 있어 즐거운 쇼핑을 할 수 있다.",,상점마다 상이,상점마다 상이,,
2753117,38,대신시장,서울특별시 영등포구 도신로60길 7 (신길동),,20,126.9176003574,37.5111234834,,http://tong.visitkorea.or.kr/cms/resource/25/3463525_image2_1.jpg,Type3,SH,SH06,SH060200,"서울특별시 영등포구 신길동에 위치한 재래시장이다. 1965년 개장하여 60년 가까운 역사를 지닌 상가형 시장이다. 신길동은 여의도와 샛강을 경계로 마주 보고 있는 곳으로, 예전엔 서울로 들어오는 방학호진 나루터가 있을 만큼 교통의 요지였다고 한다. 그러다 보니 사람과 물건이 모여들었고 자연스럽게 시장이 생겨났다. 지금은 인근에 아파트 단지와 주택가들이 많이 밀집해 있어 이용객들이 많으며 정감 넘치고 인심 넘치는 재래시장으로 제 역할을 해내고 있다.",,점포 별로 상이함,점포 별로 상이함,,
132202,38,대학천 책방거리,서울특별시 종로구 종로 258 (종로6가),,23,127.0064961295,37.5707098195,,http://tong.visitkorea.or.kr/cms/resource/97/3571897_image2_1.jpg,Type1,SH,SH05,SH050200,"대학천 책방거리는 새 책을 싸게 살 수 있는 오래된 골목으로, 전국의 출판사와 소규모 서점들을 연결하는 중간 거래처였다. 일반인들에게 널리 알려진 청계천 헌책방거리와는 달리 대학천 책방거리는 많이 알려지지는 않았지만, 전국의 1천5백여 개 출판사와 3천여 개 서점을 연결해 주는 연결다리로 크고 작은 서점의 책들도 거의 이곳 총판을 거치게 된다. 전집류, 단행본, 잡지류가 주로 유통되고 일부 점포에서는 무협지와 만화책만 전문으로 파는 점포도 있다. 호황기였던 1980년대에는 80개가 넘는 가게들이 있었고 인터넷과 다양한 유통경로의 발달로 가게가 많이 없어졌으나 보유한 중고 책 수량이 많이 책 고르는 재미가 있다.",,점포 별로 상이함,점포 별로 상이함,,
2782194,38,도곡시장,서울특별시 강남구 역삼동,805-36,1,127.0518163002,37.4974524760,,http://tong.visitkorea.or.kr/cms/resource/08/3571708_image2_1.jpg,Type1,SH,SH06,SH060200,도곡시장은 서울시 강남구 역삼동에 위치한 재래시장이다. 1970년대에 상인들이 하나둘씩 자연발생적으로 장사를 시작하면서 생겨난 시장이다. 도심 속 도로 쪽에서 아파트까지 이어지는 골목 양쪽 길을 따라 상점들이 배치된 골목형 시장으로 아파트 상가도 함께 맞물려 있어서 이용객이 많다. 주변에 아파트단지가 들어서면서 한 때 수 백 명의 상인들이 장사를 할 정도로 시장의 규모가 커졌다.,,점포 별로 상이함,점포 별로 상이함,,
2946238,38,도자기카페 줄,서울특별시 마포구 동교동 179-38,세광빌딩 3층,13,126.9285063921,37.5573821924,,http://tong.visitkorea.or.kr/cms/resource/43/2947643_image2_1.jpg,Type1,SH,SH05,SH050100,"도자기 카페 줄에서는 원데이 클래스를 위주로 진행하고 있는데 클래스 종류로는 한번 구워진 컵이나 접시에 도자기전용물감, 연필로 그림을 그리는 그림 그리기 클래스와 직접 흙을 만지면서 비정형적인 형태의 머그컵, 접시, 그릇을 만들고 간단하게 채색까지 할 수 있는 손빚기 클래스, 물레라는 기계를 이용하여 정형적인 원형의 그릇을 만들어보는 물레작업 클래스가 준비되어 있다. 도자기 완성 기간은 그림 그리기는 2주 정도의 예상기간이 걸리며 손빚기와 물레작업 클래스는 총 6주 정도의 기간이 소요된다. 그리고 도자기 카페라는 이름에 걸맞게 음료 주문이 가능하고 음료를 마시며 여유롭게 수업을 들을 수 있다. 블랙핑크 단독 리얼리티 콘텐츠인 <24/365 with BLACKPINK>에서 지수와 로제가 방문해 도자기를 만들었던 공방이다.",,,연중무휴,,
2743857,38,독산동 우시장,서울특별시 금천구 범안로 1209 (독산동),,8,126.8963118743,37.4668782419,,http://tong.visitkorea.or.kr/cms/resource/48/3573148_image2_1.jpg,Type1,SH,SH06,SH060200,"독산동 우시장은 1974년부터 영업을 이어오고 있는 축산물 전문 시장으로, 소와 돼지를 도축하여 최상 품질의 육류를 도·소매로 공급하고 있다. 소 부산물과 돼지 부산물은 가공식품이나 식당으로 직접 납품하고 있으며, 현재 협진식품, 농협부천, 농협음성, (주)평농 등 전국 73개 도축장에서 그날그날 신선한 육류와 부산물을 공급받고 있다. 또한, 2012년 사단법인 독산동 우시장 상인회를 결성하여 독산동 우시장만의 축제와 이벤트 및 나눌수록 커지는 행복이라는 나눔을 실천하고 있다.","<a href=""http://dswoo.or.kr"" target=""_blank"" title=""새창 : 독산동 우시장 홈페이지로 이동"">http://dswoo.or.kr</a>",- 유창상가 09:00~18:00<br>- 명선상가 09:00~18:00<br>- 명선상가 09:00~18:00<br>- 현대·협동상가 09:00~18:00<br>※ 점포 별로 상이할 수 있으므로 자세한 영업시간은 점포에 문의 요망,연중무휴,,
132200,38,동대문종합시장,서울특별시 종로구 종로 266 (종로6가),,23,127.0073349346,37.5709736927,,http://tong.visitkorea.or.kr/cms/resource/55/3571855_image2_1.jpg,Type1,SH,SH06,SH060200,"동대문종합시장은 1970년 12월 동양최대규모의 단일시장으로 출범하여 50여 년 동안 성장해 왔다. 동대문종합시장은 세계적인 의류재료 전문상가로, 원단, 의류부자재, 액세서리, 최신 혼수 용품까지, 쉽고 편안한 쇼핑 인프라를 제공하고 있다. 동대문역 내 9번 지하 연결통로와 연결되어 있어 동대문역에서 시장으로 진입이 편리하다.","<a href=""http://www.ddm-mall.com"" target=""_blank"" title=""새창 : 동대문종합시장 홈페이지로 이동"">http://www.ddm-mall.com</a>",- 원단 및 의류부자재 08:00~18:00<br>- 액세서리 부자재 09:30~19:00<br>- 혼수용품 및 홈인테리어 08:00~19:00,"매주 일요일 (단, 혼수용품 및 홈인테리어 첫 번째, 세 번째, 다섯 번째 일요일 부분 영업)<br>※ 매달 두 번째, 네 번째 일요일 전체 휴장",,
1013559,38,동대문종합시장 액세서리상가,서울특별시 종로구 종로 266 (종로6가),,23,127.0073349346,37.5709736927,,http://tong.visitkorea.or.kr/cms/resource/11/3571811_image2_1.jpg,Type1,SH,SH05,SH050200,"동대문종합시장은 1970년 12월 동양최대규모의 단일시장으로 출범하여 50여 년 동안 성장해 왔다. 동대문종합시장은 세계적인 의류재료 전문상가로, 원단, 의류부자재, 액세서리, 최신 혼수 용품까지, 쉽고 편안한 쇼핑 인프라를 제공하고 있다. 동대문역 내 9번 지하 연결통로와 연결되어 있어 동대문역에서 시장으로 진입이 편리하다.
동대문종합시장 내에 위치한 액세서리 부자재 상가는 A, B, C동 5층에 위치해 있다. 연결통로로 연결되어 있어 편리하게 이동하며 쇼핑을 즐길 수 있다. 이곳은 액세서리를 만들 수 있는 재료부터 완제품까지 모든 것을 만날 수 있다. 다양한 재료들을 보며 구경하는 재미도 쏠쏠하다.","<a href=""http://www.ddm-mall.com"" target=""_blank"" title=""새창 : 동대문종합시장 홈페이지로 이동"">http://www.ddm-mall.com</a>",09:30~19:00,매주 일요일,,
1013584,38,동대문종합시장 한복상가,서울특별시 종로구 종로 266 (종로6가),,23,127.0073349346,37.5709736927,,http://tong.visitkorea.or.kr/cms/resource/19/1015219_image2_1.jpg,Type3,SH,SH06,SH060200,"단일 시장으로 동양 최대 규모인 동대문종합시장 내에 있는 한복 매장은 우리나라 전통 한복 매장으로써도 국내 최대 규모를 자랑하며, 한복에 대한 모든 물품의 집결지이자 유통지이다. 원단에서 전통 한복에 기능성을 추가한 생활 한복, 그리고 여러 액세서리와 부자재들까지 모든 것을 한자리에서 만나 볼 수 있기 때문에 한국 관광에 최고의 기념품 구입점이자 한국 전통을 느껴 볼 수 있는 학습장으로 외국인 관광객들의 발길이 끊이질 않고 있다.","<a href=""http://www.ddm-mall.com"" target=""_blank"" title=""새창 : 동대문종합시장 홈페이지로 이동"">http://www.ddm-mall.com</a>",08:00~18:00 <br> ※ 매장별 상이,매주 일요일 <br> ※ 혼수용품 일요일 자율영업,,
2765213,38,동묘벼룩시장,서울특별시 종로구 숭인동,102-8,23,127.0177144794,37.5732541699,,http://tong.visitkorea.or.kr/cms/resource/73/3571873_image2_1.jpg,Type1,SH,SH06,SH060200,"동묘벼룩시장은 1980년대 말 생겨났으며, 명성에 비하면 그 규모가 많이 위축됐지만 지금도 온갖 희귀한 물건들이 모여드는 명소이다. 의류, 신발, 지갑부터 시계나 전자제품, 고서, 영화 포스터에 이르기까지 다양한 제품들을 망라하고 있다. 이곳의 물건은 아주 저렴해 거의 공짜라는 생각이 들 정도다. 동묘 벼룩시장에서 가장 인기 있는 품목은 의외로 중고의류다. 주로 아파트단지 재활용품 수거함에 모인 옷가지를 상인들이 1년 단위로 계약해 1㎏에 250~300원에 사 온다. 옷의 가격은 대부분 1,000원 정도이지만 모피나 가죽 등은 1만 원대, 명품은 10만 원을 호가하기도 한다. 입소문이 퍼지면서 지방에서도 알뜰족들이 찾아오고, 인터넷 쇼핑몰 운영자들이 대량 구매를 해 가기도 한다. 250여 명의 노점상이 매대를 펼치는 휴일 오후가 쇼핑하기에 가장 좋은 타이밍이다. 
평일은 부분적으로 열리며, 주말은 종일 장이 선다. 지하철 1호선 동묘앞역 3번 출구에서 도보 5분 거리에 있다.","<a href=""https://korean.visitseoul.net/shopping/%EB%8F%99%EB%AC%98-%EB%B2%BC%EB%A3%A9%EC%8B%9C%EC%9E%A5-KR_/9648"" target=""_blank"" title=""새창 : 비짓서울 홈페이지로 이동"">https://korean.visitseoul.net</a>",점포 별로 상이함,점포 별로 상이함,,
2762868,38,동화상가,서울특별시 중구 장충단로13길 34 (을지로6가),,24,127.0069017178,37.5682434466,,http://tong.visitkorea.or.kr/cms/resource/70/3570470_image2_1.jpg,Type1,SH,SH05,SH050200,"서울 중구 장춘단로에 있는 동화상가는 의류 원단에서부터 단추, 금속, 전사지는 물론, 라벨, 지퍼, 핫피스, 자수까지 의류 관련 부자재들을 총망라하여 판매하는 5층 규모의 의류 부자재 전문상가이다. 1968년 개장하여 50년이 넘는 역사를 가지고 있다. 지하철 4호선 동대문역 8번 출구 평화시장 뒤편, 2호선 동대문역사문화공원역 14번 출구를 이용하면 된다.",,09:00~19:00,매주 일요일,,
2751863,38,둔촌역전통시장,서울특별시 강동구 풍성로58길 34 (성내동),,2,127.1351717503,37.5275365958,,http://tong.visitkorea.or.kr/cms/resource/00/3463700_image2_1.jpg,Type3,SH,SH06,SH060200,"지하철 5호선 둔촌역 3번 출구와 붙어 있는 둔촌역 전통시장은 곧게 뻗은 골목형 전통시장이다. 30여 년간 지역 주민의 사랑을 받아 온 둔촌역 시장은 시장 안으로 들어오면 좁은 골목이지만 80여 개의 점포가 의식주에 필요한 다양한 용품들과 먹거리 등을 알차게 진열하여 판매하고 있으며, 다른 시장보다 특별한 점은 더욱더 다양한 해산물을 판매하고 있다는 것이다.",,09:00~22:00 (점포별 상이),점포별 상이,,
2505619,38,디타워 광화문,서울특별시 종로구 종로3길 17 (청진동),,23,126.9789291877,37.5710481741,,http://tong.visitkorea.or.kr/cms/resource/06/3573106_image2_1.jpg,Type1,SH,SH05,SH050200,"디타워(D-Tower)는 각기 다른 콘셉트의 레스토랑, 카페, 리테일샵, 오피스 공간으로 이뤄져 있는 오픈형 복합 타워이다. 광화문의 새로운 핫플레이스로 각광받는 디타워 광화문 외부에는 옛 피맛골의 역사를 기억하기 위해 당시의 느낌을 재현한 디타워만의 독특한 길인 소호(SOHO)가 있다. 작지만 좋은 가게가 모여 있다는 의미의 이 길에서는 테이크아웃이 가능한 메뉴를 중심으로 경리단길과 가로수길에서만 볼 수 있었던 트렌디한 맛집들을 큐레이션 하여 이국적이고 감각적인 분위기를 느낄 수 있다. 내부로 들어서면 직선으로 시원하게 뻗어 있는 에스컬레이터를 볼 수 있다. 1층부터 5층까지 연이어 오픈된 테라스 공간은 언덕을 오르는 듯한 재미를 주면서도 머무르는 동안 어반 라이프를 한껏 즐길 수 있는 여유와 편안함을 준다.",,매장 별로 상이함,매장 별로 상이함,,
1535690,38,롯데몰 김포공항점,서울특별시 강서구 하늘길 지하77 (방화동),,4,126.8015844987,37.5621960337,,,,SH,SH02,SH020100,"쇼핑·호텔·엔터테인먼트·테마파크(여가형)가 어우러진 국내 최초, 최대의 라이프스타일형 복합 쇼핑몰인 롯데몰 김포공항점은 부지면적 19만 5000㎡로 국내 최대 규모로 지하 5층, 지상 9층 규모이다. 또, 건물 지상 주변은 12만 9000㎡ 규모의 녹지공간 자연생태공원인 스카이파크가 조성되어 있고, 백화점 6층 꼭대기에는 비행기의 이착륙을 바라볼 수 있는 전망대가 설치되어 있다. 지하철 5·9호선, 공항철도가 교차하며 지하통로로 연결되어 있어서 이용하기 편리하다.","<a href=""https://www.lotteshopping.com/store/main?cstrCd=0402""target=""_blank"" title=""새창 : 롯데몰 홈페이지 이동"">https://www.lotteshopping.com</a>",10:30~22:00,[백화점] 1월 1일 / 설·추석 / 매월 월요일 중 하루<br>[쇼핑몰] 연중무휴<br>※ 자세한 사항은 홈페이지 참조,,
3447174,38,롯데몰 은평점,서울특별시 은평구 통일로 1050 (진관동),,22,126.9179162000,37.6375893423,,,,SH,SH02,SH020100,"롯데몰 은평점은 서울 은평구에 위치한 대형 복합 쇼핑몰로, 다양한 쇼핑, 식사, 여가 시설을 제공하다. 주요 시설로는 다양한 브랜드 매장, 식당가, 하이마트, 볼링장, 풋살장, 롯데마트, 롯데시네마 등이 있으며, 대중교통으로 접근이 용이하다. 쇼핑과 레저를 한 곳에서 즐길 수 있는 장소이다.",,매일 10:30 ~ 22:00,,,
2979848,38,롯데백화점 건대스타시티점,서울특별시 광진구 능동로 92 롯데백화점,,6,127.0712300203,37.5390535504,,http://tong.visitkorea.or.kr/cms/resource/52/3007052_image2_1.jpg,Type3,SH,SH01,SH010100,"매일 새로움과 즐거운 경험을 제공하는 롯데백화점 건대스타시티점은 즐길 거리가 가득한 힙플레이스이다. 지하 1층 교보문고, 5층 캉골, 디스커버리 7층 나이키, 8층 유니클로, 9층 한샘리하우스 등 다양한 브랜드를 만나볼 수 있다. 그리고 식당도 많이 자리하고 있어 데이트 장소로도 안성맞춤인 곳이다.","<a href=""https://www.lotteshopping.com/store/main?cstrCd=0028"" title=""새창:롯데백화점 건대스타시티점 열기"" target=""_blank"">https://www.lotteshopping.com</a>",주중 10:30~20:00 <br>주말 10:30~20:30,1월 1일 / 설·추석 연휴 / 월 1회 비정기 휴무,,
2997813,38,롯데백화점 김포공항점,서울특별시 강서구 하늘길 38 (방화동),,4,117.9925662504,19.6944274800,,http://tong.visitkorea.or.kr/cms/resource/04/2997804_image2_1.jpg,Type3,SH,SH01,SH010100,"매일 새로움과 즐거운 경험을 제공하는 롯데백화점 김포공항점이다. 김포공항역과 연결되어 있으며, 롯데마트, 롯데시네마, 롯데하이마트, 롯데호텔 등과 함께 위치해 있다. 다양한 F&B와 함께 편히 주차를 이용할 수 있다.","<a href=""https://www.lotteshopping.com/store/main?cstrCd=0340"" target=""_blank"" title=""새창 : 롯데백화점 김포공항점 홈페이지로 이동"">https://www.lotteshopping.com/</a>",10:30~20:00,홈페이지 참조,,
273806,38,롯데백화점 본점 에비뉴엘,서울특별시 중구 남대문로 81 (소공동),,24,126.9817485525,37.5647822864,,http://tong.visitkorea.or.kr/cms/resource/09/3589509_image2_1.jpg,Type1,SH,SH01,SH010100,"롯데백화점에서 운영하는 에비뉴엘은 서울 중구에 위치한 가든&갤러리 콘셉트의 명품 백화점이다. 롯데백화점 본점과 연결되어 있으며, 해외 패션 브랜드 및 보석 브랜드의 매장만 입점해 있는 고품격 백화점이다. 따로 포토존이 만들어져 있으며 독특한 인테리어로 꾸며져 있다. 지하 1층부터 5층까지는 샤넬, 구찌, 루이뷔통 등의 명품매장이 들어서 있고, 6층부터 8층까지는 최신 영화를 상영하는 극장이 있다. 9층에는 다양한 테마의 전시회를 감상할 수 있는 갤러리와 레스토랑이 있으며, 10층에는 피부 클리닉 센터와 스파가 있다. 쇼핑을 즐기고 다양한 서비스도 받을 수 있는 신개념의 백화점이다.","<a href=""https://www.lotteshopping.com/store/main?cstrCd=0394"" target=""_blank"" title=""새창 : 롯데백화점 본점 홈페이지로 이동"">https://global.lotteshopping.com</a>",10:30~20:00,"방문 전, 홈페이지 확인 요망",,
132248,38,롯데월드 쇼핑몰,서울특별시 송파구 올림픽로 300 (신천동),,18,127.1040749597,37.5141653654,,http://tong.visitkorea.or.kr/cms/resource/29/1920629_image2_1.jpg,Type3,SH,SH02,SH020100,"쇼핑몰이 위치한 단지 내에 세계 최대의 실내 주제공원인 롯데월드 어드벤처 및 우리 민족의 문화와 민속을 쉽게 접할 수 있는 민속박물관, 그리고 연중무휴로 연인과 가족이 함께 스케이트를 즐길 수 있는 아이스링크 및 실내 수영장, 볼링장, 스포츠센터 등이 있다. 또한 백화점과 트도 같이 있어 문화와 쇼핑 여가생활을 동시에 즐길 수 있는 명소이다.","<a href=""https://www.lotteshopping.com/store/main?cstrCd=0409""target=""_blank"" title=""새창 : 홈페이지 이동"">https://www.lotteshopping.com/</a>",10:30~20:00,연중무휴,,
132593,38,마리오아울렛,서울특별시 금천구 디지털로9길 23 (가산동),,8,126.8865152102,37.4787739084,,http://tong.visitkorea.or.kr/cms/resource/71/3538871_image2_1.jpg,Type1,SH,SH02,SH020200,"서울 가산동에 위치한 마리오아울렛은 총면적 13만 2000㎡(약 4만 평)에 약 600여 개의 브랜드가 입점한 아시아 최대 규모의 도심형 아웃렛이다. 2001년 7월, 도심 속 정통 패션 아웃렛으로 출발한 마리오아울렛은 2004년 2관 오픈에 이어 2013년 9월에는 1관을 리뉴얼 오픈함으로써 마리오아울렛 1관, 2관, 3관을 하나로 잇는 ‘마리오아울렛 패션 타운’을 완성하였다.
아시아 최대 규모에 최다 입점 브랜드 수를 자랑하는 만큼 마리오아울렛에서는 의류, 잡화, 화장품 등 국내∙외 유명 브랜드의 상품을 만나 볼 수 있으며, 해외 명품관은 물론 가구 및 생활용품의 리빙 매장, 프리미엄 레스토랑 및 패스트푸드, 키즈테마파크 등 다양한 쇼핑 카테고리가 마련되어 있어 한 곳에서 폭넓은 쇼핑∙문화 서비스를 누릴 수 있다. 무엇보다 국내∙외 유명 브랜드 제품을 최대 80%까지 할인된 가격으로 판매함으로써 ‘가치 소비’를 중요시하는 현대 소비자들에게 합리적 쇼핑 공간으로 각광받고 있다.","<a href=""http://www.mariooutlet.co.kr"" target=""_blank"" title=""마리오아울렛 홈페이지로 이동"">http://www.mariooutlet.co.kr</a>",- 월요일~목요일 10:30~21:00<br>- 금요일~일요일 10:30~21:30,설·추석 당일,,
1253230,38,마장 축산물시장,서울특별시 성동구 마장로33길 53 (마장동),,16,127.0400208620,37.5703743501,,http://tong.visitkorea.or.kr/cms/resource/38/3463038_image2_1.jpg,Type3,SH,SH06,SH060200,"마장축산물시장은 전국 축산 농가에서 매시간 배송되는 축산물과 수입육을 취급하며 정확한 원산지와 가격표시제가 의무화되어 소비자가 가장 믿고 신뢰할 수 있다. 또한, 시민의 건강과 직결된 먹거리로 안심하고 먹을 수 있다고 의사협회도 인정한 곳이다. 좀 더 저렴하면서 양질의 육류를 공급하고 있는 마장축산물시장은 시중 대형 마트보다 최대 30%까지 저렴하게 구매할 수 있는 장점이 있다. 마장 축산물 시장은 기존 전통 재래시장의 구조가 아닌 빠르게 변해가는 유통환경과 고객의 요구에 대처하고자 첨단 시스템을 갖추어 자율적으로 상거래가 형성되는 곳이다.","<a href=""http://www.mjmm.co.kr"" target=""_blank"" title=""마장축산물 시장 홈페이지로 이동"">http://www.mjmm.co.kr</a>",03:00~23:00 <br> ※ 점포별 상이,연중무휴 <br> ※ 점포별 상이,,
2759129,38,마천시장,서울특별시 송파구 마천로45길 23 (마천동),,18,127.1505795216,37.4980180786,,http://tong.visitkorea.or.kr/cms/resource/21/3567921_image2_1.jpg,Type1,SH,SH06,SH060200,"마천시장은 마천중앙시장으로도 불리는 전통시장으로 송파구 관내에서는 유일하게 개설된 지 30년이 넘는 건물형 재래시장이다. 일반주택, 아파트, 소형상가 등 주거지역 한복판에 있어 주민들이 편리하게 이용할 수 있으며 시장 활성화와 고객 편의 증진을 위해 시장 정비 사업도 추진 중에 있다. TV프로그램 <생생정보>에 방영된 가마솥 치킨집과 입소문 난 족발집 등 가격 경쟁력과 맛집으로 소문난 점포들이 있다.",,점포별 상이,점포별 상이,,
2761474,38,만리시장,서울특별시 용산구 효창원로 276,,21,126.9632283903,37.5516390373,,http://tong.visitkorea.or.kr/cms/resource/74/3564974_image2_1.jpg,Type1,SH,SH06,SH060200,"서울 용산구 서울역 뒤편에 위치한 만리시장은 3층 건물로 된 종합상가식 시장으로, 1968년 개장한 50년 역사의 전통시장이다. 1970년대 초기에는 노점상이 많았으나 차츰 상가 형태를 만들어 가면서 오늘날의 시장 형태를 갖추었다. 당시 만리동 시장은 규모가 꽤 커서 타 지역 사람들도 자주 찾는 시장이었다. 하지만 대형 마트의 등장으로 현재는 시간이 멈춘 듯한 옛 재래시장의 모습을 많이 간직하고 있어 2016년 서울 미래유산으로 선정되었다.",,※ 점포 별로 상이함,※ 점포 별로 상이함,,
2907085,38,망원월드컵시장,서울특별시 마포구 망원동,480-8,13,126.9059167761,37.5576900854,,http://tong.visitkorea.or.kr/cms/resource/67/2906867_image2_1.jpg,Type3,SH,SH06,SH060200,"6호선 망원역에서 도보로 10분 정도 걸리는 망원동 전통시장이다. 1975년에 개설되어 지금까지도 매일 개장한다. 2006년 아케이드형으로 현대화됐다. 50여 개의 점포에서 농수산물, 축산물, 분식, 생활잡화 등 다양한 품목을 판매한다. 도매 중심의 점포가 다수 존재한다는 것이 특징이다. 근처에 서울 월드컵 경기장과 공원, 한강이 있어 접근성이 좋다. 망원동 월드컵 시장은 오전 10시에 개장하여 22시까지 운영한다. 주차가 가능하여 방문하기 편리하다.",,10:00~22:00,연중무휴,,
2759985,38,면목시장,서울특별시 중랑구 면목로37길 5 (면목동),,25,127.0859581012,37.5789352941,,http://tong.visitkorea.or.kr/cms/resource/68/3539768_image2_1.jpg,Type1,SH,SH06,SH060200,"서울 중랑구 면목동 주택가 사이로 난 재래시장으로 1968년에 개장하여 중랑구에서 가장 오랜 역사를 자랑하는 시장이다. 약 35개의 점포가 단층 건물 안에 모여있는 상가건물형 시장으로, 주택 밀집도가 높은 지역 특성상 오래 거주한 주민들이 많아 재래시장의 인기도 높다. 국수, 냉면, 순댓국 등 유명한 맛집들과 다양한 상품을 파는 가게들로 사람들이 많이 찾는 시장이다.",,점포 별로 상이함,점포 별로 상이함,,
706303,38,문정동 로데오거리,서울특별시 송파구 동남로4길 10 (문정동),,18,127.1239099771,37.4891519596,,http://tong.visitkorea.or.kr/cms/resource/93/3571793_image2_1.jpg,Type1,SH,SH07,SH070100,"문정동 로데오거리는 패션, 골프, 아웃도어와 국내∙외 전문 유명 브랜드 매장 등 넘치는 볼거리, 먹거리, 놀거리가 가득한 곳이다. 30여 년이 넘는 시간 동안 로드 아울렛으로 자리매김해 왔다. 
국내·외 유명브랜드를 할인된 가격으로 구매할 수 있는 패션할인매장이 밀집된 쇼핑거리이다. 스포츠, 캐주얼, 신발, 남녀정장, 골프웨어 등 다양한 종류의 브랜드 매장이 있기 때문에 10대 청소년부터 40~50대 장년층까지 다양한 고객층이 형성되어 있다.","<a href=""http://rodeo1.co.kr/"" target=""_blank"" title=""새창 : 문정로데오 홈페이지로 이동"">http://rodeo1.co.kr</a>",매장 별로 상이함,매장 별로 상이함,,
273758,38,밀리오레 동대문점,서울특별시 중구 장충단로 263,,24,127.0085265783,37.5679629533,,http://tong.visitkorea.or.kr/cms/resource/49/3065149_image2_1.JPG,Type3,SH,SH05,SH050200,"밀리오레 동대문점은 한 공간에서 모든 것을 해결할 수 있는 원스톱 쇼핑 공간이다. 동대문은 종로5가역부터 동대문 지하철역까지 전통시장이 형성되어 있다. 최근에는 시장이 현대화되면서 프레야타운, 두산타워, 밀리오레 등 대형 패션몰들이 생겨났다. 동대문 밀리오레는 시장의 장점인 패션의류와 다양한 제품, 저렴한 가격과 깨끗하고 백화점의 장점인 현대적인 건물, 다양한 편의시설을 갖춘 패션몰이다. 지하 2층부터 지상 9층까지 수입명품, 아동복, 임부복, 여성복, 남성복, 패션잡화, 전통공예 기념품, 한복, 구두 등 모든 패션 아이템이 모여있다. 9층에는 식당가도 있어서 먹을거리, 볼거리가 가득한 곳이다.
수도권 지하철 2, 4, 5호선 동대문역사문화공원역 14번 출구에서 도보 5분 거리에 있다. 청계천과 동대문(흥인지문)이 접해 있어서 국내외 관광객들이 많이 찾는다.","<a href=""https://themigliore.com/"" target=""_blank"" title=""새창 : 밀리오레 홈페이지로 이동"">https://themigliore.com/</a>",10:30~02:00,월요일 / 명절은 별도 공지,,
132558,38,밀리오레 명동점,서울특별시 중구 퇴계로 115 (충무로1가),"1, 2층",24,126.9845400690,37.5611022086,,http://tong.visitkorea.or.kr/cms/resource/30/3468830_image2_1.jpg,Type3,SH,SH02,SH020100,"한국 대표 관광지 명동에 위치한 쇼핑몰 밀리오레 명동점은 2024년 8월에 리모델링 후 재오픈하였다. 명동역 6번 출구 바로 앞에 위치해 있다. 1층과 2층은 쇼핑몰이고, 3층부터 17층은 호텔로 운영 중이다. 한 곳에서 쇼핑과 숙박이 모두 가능한 복합문화공간이다.
밀리오레 쇼핑몰 명동점 1층에는 뷰티&라이프스타일 브랜드인 올리브영과 글로벌 스파 브랜드인 지오다노가 입점해 있다. 2층에는 개인 맞춤형 패션 플랫폼 트렌드 편집샵 브랜드 폴더와 로맨틱 라이프스타일 20~30대 여성 영캐주얼 브랜드 로엠, 영패션 피플들을 위한 모던 컨템퍼러리 브랜드 드로우핏, 유니크한 펑크스타일의 셀럽들의 워너비 브랜드 인스턴트펑크가 입점해 있다. 또한 인기 아이돌의 최신 앨범, 콘서트용 라이트 스틱, 희귀 포토카드와 잡지를 구매할 수 있는 K-POP의 모든 것 올댓케이팝도 있다. 이외에도 카페 등도 있어 쇼핑을 하다가 쉬어갈 수 있다.",,매장 별로 상이,연중무휴,,
132241,38,방산 종합시장,서울특별시 중구 동호로37길 20 (주교동),,24,127.0008217013,37.5687766093,,http://tong.visitkorea.or.kr/cms/resource/79/2667479_image2_1.jpg,Type3,SH,SH06,SH060200,"방산 종합시장은 서울 중구 방산동에 위치한 전통적인 산업 자재 전문 시장이다. 쇄, 포장, 제본, 공예 관련 자재부터 문구, 팬시용품까지 다양한 상품을 한곳에서 구매할 수 있는 곳이다. 소규모 상점들이 모여 있어 가격 비교와 맞춤 구매가 용이하며, 소상공인과 디자이너, 창작자들에게 실용적인 자재 공급처로 사랑받고 있다. 합리적인 가격과 다양한 품목으로 꾸준한 인기를 얻고 있는 전통 시장이다.","<a href=""http://www.bangsanmarket.net/""target=""_blank"" title=""새창 : 공식로 이동"">http://www.bangsanmarket.net/</a>",매장 별로 상이함,매장 별로 상이함,,
2759655,38,방신전통시장,서울특별시 강서구 방화동로16길 31 (방화동),,4,126.8123638102,37.5714757018,,http://tong.visitkorea.or.kr/cms/resource/87/3566887_image2_1.jpg,Type1,SH,SH06,SH060200,김포공항 인근 방화동 오거리에 있는 시장으로 시장 입구 간판 이름은 ‘방신전통시장’이다. 시장을 통하는 길이 여러 갈래인 골목 시장으로 약 123개 점포가 운영되고 있으며 다양한 먹거리와 80년대 시장 분위기를 느낄 수 있는 점포들이 많고 줄 서서 사 가는 인기 족발 맛집이 있다. 5호선 개화산역과 9호선 신방화역을 이용할 수 있다.,,점포별 상이,점포별 상이,,
2759106,38,사당시장,서울특별시 동작구 사당로 244 (사당동),,12,126.9747681614,37.4831388673,,,,SH,SH06,SH060200,"1987년에 개설한 사당시장은 7호선 남성역에서 이수역 사거리로 가는 길 대로변에 위치해 있다. 3층 규모의 건물 종합상가형 시장으로 마트, 생활용품 할인점, 옷가게, 잡화, 병원등의 업종으로 구성되어 있어 골목형  전통 시장과는 분위기가 다르지만 기본적으로 필요한 건 구입할 수 있는 동네 시장이다. 2층과 3층에는 병원 등이 입점해 있다. 관리사무소가 있어 오래된 건물이지만 깨끗하게 유지되고 있으며 사람들의 발길이 지속되고 있다.","<a href=""https://www.dongjak.go.kr/portal/main/contents.do?menuNo=200580"" target=""_blank"" title=""새창 : 동작구청 홈페이지로 이동"">https://www.dongjak.go.kr/</a>",점포 별로 상이함,점포 별로 상이함,,
1019638,38,삼익패션타운,서울특별시 중구 남대문시장8길 7 (남창동),,24,126.9788489464,37.5601966561,,http://tong.visitkorea.or.kr/cms/resource/57/3064057_image2_1.JPG,Type3,SH,SH05,SH050200,"삼익패션타운은 쇼핑의 메카 남대문시장에 위치한 도매상가 관광특구이다. 지하 5층, 지상 10층의 규모로 총 1,500여 개의 점포가 입점해 있다. 남대문시장의 낙후한 이미지를 벗고 쾌적한 쇼핑환경의 대형 전문 상가로 1985년 문을 열었다. 
삼익패션타운은 한 건물에 숙녀복, 아동복, 남성복, 구두, 잡화 등의 제품을 갖추고 있으며, 도매상인뿐만 아니라 재래시장을 찾는 실속파 소비자들에게도 편리한 쇼핑환경을 제공한다. 
1층의 대규모 아동복 시장과 6층의 구두 전문백화점 등의 매장이 유명하다. 2층과 3층은 숙녀복, 4층은 액세서리와 잡화, 5층은 남성복, 7~8층은 유명의류할인매장이 위치해 있다. 층마다 이용 시간이 달라서 확인 후 이용하는 것이 좋다.",,매장 별로 상이함,매장 별로 상이함,,
2758191,38,상계중앙시장,서울특별시 노원구 상계로23나길 33 (상계동),,9,127.0702933369,37.6597006221,,http://tong.visitkorea.or.kr/cms/resource/93/3566893_image2_1.jpg,Type1,SH,SH06,SH060200,"서울시 노원구 상계5동에 위치한 전통시장으로 2010년 개설되었다. 서울 지역의 정비구역 지정사업인 재개발의 붐으로 인해 시장의 존폐 여부가 대립되었던 곳이다. 현재는 시장현대화사업을 통해 지중화 공사, 아케이드 설치, 주차장 완비 등으로 편리성이 좋아져 지금은 주민들의 나들이 장터로 사랑받고 있다. 4호선 상계역 2번 출구에서 도보 5~7분 거리로 접근성이 좋다.","<a href=""https://www.nowon.kr/www/info/info7/info7_23/info7_23_02.jsp"" target=""_blank"" title=""새창 : 노원구청 사이트로 이동"">https://www.nowon.kr/</a>",점포별 상이,점포별 상이,,
132217,38,서울 중부시장,서울특별시 중구 을지로36길 35,,24,127.0019383691,37.5651409407,,http://tong.visitkorea.or.kr/cms/resource/46/1984446_image2_1.jpg,Type3,SH,SH06,SH060200,"서울 중부시장은 서울특별시 중구에 위치한 전통적인 재래시장으로, 다양한 상품과 먹거리를 제공하는 곳이다. 중부시장은 다양한 음식, 의류, 생필품 등을 판매하는 상점들이 밀집해 있어 쇼핑과 먹거리를 동시에 즐길 수 있는 명소로 유명하다. 이곳은 특히 김, 미역, 조기, 멸치, 오징어, 북어, 쥐포 등 마른반찬 재료로 쓰이는 건어물들을 저렴한 가격에 살 수 있다. 또한, 시장 내에서는 지역 주민들과의 소통과 활기찬 분위기를 느낄 수 있어 서울의 옛 정취를 경험할 수 있는 특별한 장소이다.","중부시장 <a href=""http://www.jungbusijang.co.kr/"" target=""_blank"" title=""새창 : 중부시장 홈페이지로 이동"">http://www.jungbusijang.co.kr/</a><br/>
서울중구 문화관광 <a href=""http://www.junggu.seoul.kr/tour/"" target=""_blank"" title=""새창 : 서울 중구 문화관광 홈페이지로 이동"">http://www.junggu.seoul.kr/tour/</a>",※ 점포별 상이함,※ 점포별 상이함,,
2589070,38,서울 중앙시장,서울특별시 중구 퇴계로85길 36,,24,127.0197783639,37.5667827371,,http://tong.visitkorea.or.kr/cms/resource/44/3414144_image2_1.jpg,Type3,SH,SH06,SH060200,"서울의 많은 전통시장 중 하나인 서울 중앙시장은 한국전쟁 이후로 한국의 3대 시장으로 꼽힐 만큼 많은 거래와 소비가 이루어지던 시장이다. 오랜 세월 동안 지역 상권의 중심지 역할을 해왔다. 다양한 식재료와 생활용품을 합리적인 가격에 구매할 수 있어 주부들과 자영업자들의 발길이 끊이지 않는다. 특히 건어물, 반찬류, 분식 등이 인기 품목이다. 시장 골목 곳곳에는 오래된 맛집과 현대적인 점포가 공존하여 전통과 현대가 어우러진 모습을 보여준다. 또한, 지하에 예술가들의 공간인 신당창작아케이드가 들어서서 색다른 분위기를 연출하고 있다.","<a href=""https://korean.visitseoul.net/shopping/%EC%84%9C%EC%9A%B8-%EC%A4%91%EC%95%99%EC%8B%9C%EC%9E%A5_/38195"" target=""_blank"" title=""새창 : 비짓서울로 이동"">https://korean.visitseoul.net</a>",점포 별로 상이함,점포 별로 상이함,,
132182,38,서울 평화시장,서울특별시 중구 청계천로 274,,24,127.0080126943,37.5694211079,,http://tong.visitkorea.or.kr/cms/resource/19/3077619_image2_1.JPG,Type3,SH,SH06,SH060200,"동대문 평화시장은 의류를 생산 판매하는 도매 시장으로서 60년 역사를 자랑하는 곳이다. 또한 K-패션을 선도하는 시장으로서 디자인에서 제작, 배송까지 72시간 만에 이루어지는 역동적인 도매 시장이다. 다양한 패션상품을 저렴한 가격으로 구매할 수 있다. 평화시장의 큰 특징은 의류, 모자, 스카프 등 상품을 직접 생산하는 공장 갖추고 있으며, 해외 수출을 하는 등 한국경제의 일익을 담당해 온 것이다.
평화시장은 동대문을 마주하고 있으며, 청계천변에 위치하고 있어 볼거리와 먹거리 등이 가득해 원스톱쇼핑이 가능한 시장이다.","<a href=""http://www.pyounghwa.com"" target=""_blank"" title=""새창 : 서울 평화시장 홈페이지로 이동"">http://www.pyounghwa.com</a>",22:00~익일 18:00,매주 토요일~일요일,,
132230,38,서울고속버스터미널 꽃도매상가,서울특별시 서초구 신반포로 194 (반포동),3층,15,127.0055841495,37.5062061855,,http://tong.visitkorea.or.kr/cms/resource/24/3527824_image2_1.jpg,Type1,SH,SH05,SH050200,"서울고속버스터미널 3층에 위치한 꽃도매상가는 전국 최대의 꽃 도매 상가이다. 전국 도매 상가답게 전국 출하 물량의 30∼40%를 소화하고 있다. 입하된 꽃 중에서 40% 정도는 서울 지역 소매상들과 화훼업자들에게, 나머지 50∼60% 정도는 강릉, 대전, 대구, 광주 등 지방 대도시 중간상인들에게 판매한다. 가격은 반입물량이나 꽃의 상태, 모양에 따라 매일매일 차이가 나지만, 일반소비자들도 시중 소매 꽃집보다 30∼50% 정도 저렴하게 살 수 있다.","<a href=""http://www.exterminal.co.kr/floor.asp"" target=""_blank"" title=""새창 : 서울고속버스터미널 홈페이지로 이동"">http://www.exterminal.co.kr</a>",- 생화 23:30~익일 12:00<br>- 조화 24:00~익일 18:00,매주 일요일,,
132184,38,서울고속버스터미널 의류도매상가,서울특별시 서초구 신반포로 194 (반포동),6층~8층,15,127.0055841495,37.5062061855,,http://tong.visitkorea.or.kr/cms/resource/41/3527841_image2_1.jpg,Type1,SH,SH05,SH050200,"서울고속버스터미널 의류도매상가는 다양한 의류와 액세서리를 한자리에서 만날 수 있는 곳이다. 이곳은 여성, 남성, 아동 의류는 물론, 패션 소품까지 다채로운 상품을 구비하고 있다. 6층은 아동의류, 7층은 남성과 여성, 아동의류, 8층은 여성의류로 구성되어 있다. 구경하는 재미가 쏠쏠하고 합리적인 가격으로 쇼핑을 즐길 수 있다.","<a href=""http://exterminal.co.kr/index.asp"" target=""_blank"" title=""새창 : 서울고속버스터미널 홈페이지로 이동"">http://www.exterminal.co.kr</a>",09:30~20:00<br>※ 매장 별로 상이할 수 있음,"매월 둘째, 넷째 주 수요일",,
2774454,38,서울청과,서울특별시 송파구 양재대로 932 (가락동),,18,127.1107693087,37.4960786971,,http://tong.visitkorea.or.kr/cms/resource/08/3568008_image2_1.jpg,Type1,SH,SH05,SH050200,"서울 송파구 가락동 농수산물 종합도매시장에 있는 서울청과는 일제강점기인 1939년 3월 서울의 남대문시장에서 '경성중앙청과주식회사'로 창립하여 80년이 넘는 역사를 가진 국내 최고의 농산물(채소, 과일) 도매시장 법인이다. 경매 위주로 물건을 유통하기에 일반 소비자들이 구매할 수 있는 물건은 일부 품목이지만 신선한 과일과 채소를 구입하기 위해 찾는 사람들이 있으며 특히 명절에는 선물용으로 과일을 구입하려는 사람들이 많이 찾는다. 지하철 3호선, 8호선 가락시장역 3번 출구 좌측 200m 거리에 있다.","<a href=""https://www.sfvc.co.kr/company/location.asp"" target=""_blank"" title=""새창 : 서울청과 사이트로 이동"">https://www.sfvc.co.kr/</a>",점포별 상이,점포별 상이,,
1754832,38,서울풍물시장,서울특별시 동대문구 천호대로4길 21 (신설동),,11,127.0255193372,37.5727654781,,http://tong.visitkorea.or.kr/cms/resource/63/3107663_image2_1.jpg,Type1,SH,SH06,SH060200,"서울풍물시장은 원래 청계천이 복원되기 전 황학동을 중심으로 우리나라를 대표하는 벼룩시장 또는 만물시장이라는 이름으로 운영을 하고 있었다. 전국 각지에서 수집된 오래된 물건이나 상품을 판매하는 점포와 거리로 황학동 벼룩시장이 형성되었다. 
청계천 복원 사업과 함께 황학동과 청계천변 노점 상태로 운영 중이던 황학동 벼룩시장은 (구) 동대문운동장 내 동대문 풍물벼룩시장으로 이전하여 영업을 해왔다. 그러던 중 (구) 동대문운동장 공원화 선행사업으로 관광산업과 연계한 우리나라를 대표하는 풍물시장 개발을 위해 청계천과 인접한 청계 8가 숭인여중 자리에 세계적인 풍물시장을 목표로 새로운 쇼핑의 명소가 될 서울풍물시장(Seoul Folk Flea Market)을 개장하였다.
서울풍물시장은 골동품, 근현대사 상품, 우리 고유의 옛것에부터 생활잡화, 가방, 구제의류까지 구매할 수 있는 다양한 상품을 판매하고 있다. 또한 전통생활용품 전시장등 다양한 볼거리, 먹거리, 즐길거리가 한 공간에 함께 있어 특색 있는 시장이다. 특히 지난 2015년도에는 ‘서울시 미래유산’으로 선정되었다.","<a href=""http://pungmul.or.kr"" target=""_blank"" title=""새창: 서울풍물시장 홈페이지로 이동"">http://pungmul.or.kr</a>",- 시장 10:00~19:00<br>- 식당가 10:00~22:00,매주 화요일,,
132218,38,세브도르,서울특별시 강남구 언주로 431,,1,127.0474283341,37.4789545450,,http://tong.visitkorea.or.kr/cms/resource/45/1926445_image2_1.jpg,Type3,SH,SH05,SH050200,"서울에서 술만 전문으로 파는 전문점이 생겨 손님을 맞기 시작한 때가 1990년 9월이다. 세브도르는 이제 애주가들 사이에 꽤 알려진 곳이다. 이곳에는 국내 업체에서 생산하는 민속주, 소주, 맥주, 와인, 양주 등은 물론 동·서유럽 각국과 미국, 일본, 중국, 대만, 소련 등지의 와인, 위스키, 코냑, 진, 보드카 등 모두 1,000여 종 이상의 진귀한 술이 전시 및 판매되고 있다. 이곳에서는 정찰제를 실시한다. 이곳의 정찰가격은 시중 소매점이나 백화점에 비해 싼 편이다. 세일은 보통 추석이나 설 등 성수기가 지난 후에 실시하는데, 성수기라도 단체로 구입하는 경우에는 정찰가격보다 싸게 살 수 있다.","<a href=""http://www.cepdor.com"" target=""_blank"" title=""새창 : 세브도르 홈페이지로 이동"">http://www.cepdor.com</a>",- 평일 09:00~24:00 <br>- 주말 12:00~22:00,연중무휴,,
132231,38,세운전자상가,서울특별시 종로구 청계천로 159 (장사동),,23,126.9952555258,37.5693347773,,http://tong.visitkorea.or.kr/cms/resource/21/3571821_image2_1.jpg,Type1,SH,SH05,SH050200,"세운전자상가는 1968년 ‘세계의 기운이 모이다’라는 뜻을 가진 국내 최초의 종합전자상가이자 40년 전통의 전자상가이다. 오래된 전통만큼 수많은 기업들이 이곳을 거쳐 갔으며, TG삼보컴퓨터, 한글과 컴퓨터, 코맥스도 모두 여기서 시작됐다. 서울의 중심인 종로에 위치한 도심전자산업지역의 메카로서 수많은 장인들과 전기전자부품, 전기재료, 컴퓨터반도체, 음향기기, 전자제품, CCTV, 오락기기, 노래방기기, 조명기기 등 다양한 전자상품들을 만나볼 수 있다.","<a href=""http://sewoonplaza.com"" target=""_blank"" title=""새창 : 세운전자상가 홈페이지로 이동"">http://sewoonplaza.com</a>","09:00~20:00<br>※ 단, 매장 별로 상이할 수 있음","매주 일요일 / 법정공휴일<br>※ 단, 매장 별로 상이할 수 있음",,
1221790,38,센트럴시티,서울특별시 서초구 신반포로 176 (반포동),,15,127.0035815712,37.5056062193,,http://tong.visitkorea.or.kr/cms/resource/99/3463399_image2_1.jpg,Type3,SH,SH07,SH070100,"센트럴시티는 서울시 강남구 반포동에 위치해 있다. 신세계 백화점, 메리어트 호텔을 비롯하여 휴식공간인 센트럴파크가 자리하고 있고, 예식장과 대형 행사를 치를 수 있는 밀레니엄 홀과 은행, 병원, 증권, 우체국 등의 편의시설 및 대형주차 공간도 갖추어져 있어 복합문화시설로 한국의 건축 문화를 한 차원 높이는 수준의 복합 건물로 평가되고 있다. 또한 센트럴시티 안에는 고품격 명품 쇼핑몰 , 다양한 장르의 음반을 취급하는 레코드 매장, 초대형 문고센터를 비롯한 영화관 시설과 첨단 오락시설을 갖춘 도심형 테마파크 등이 자리 잡고 있다.","<a href=""https://www.shinsegae.com/store/main.do?storeCd=SC00002"" target=""_blank"" title=""새창 : 센트럴시티 홈페이지로 이동"">https://www.shinsegae.com</a>",[정상영업]<br> - 10:30~20:00<br> [연장영업] <br> - 10:30~20:30<br> [식당가 영업]<br> - 11:30~21:30 (마지막 주문 21:00) <br> ※ 유동가능성 있으므로 홈페이지 참고,점포별 상이,,
2946109,38,손놀림공방,서울특별시 종로구 낙산성곽서1길 19-1 (이화동),,23,127.0079541244,37.5779590034,,http://tong.visitkorea.or.kr/cms/resource/81/2947481_image2_1.jpg,Type1,SH,SH05,SH050100,"김영애 가죽공예 작가가 운영하는 곳으로 아기자기한 소품이 많은 것으로 입소문 났다. 현재 예약손님 위주로 운영되고 있으며 예약손님이 없을 시 문이 닫혀있다. 원데이 클래스는 가죽 매듭 끈 팔찌와 반지 만들기 등을 저렴한 비용으로 체험할 수 있다. 시간당 한 팀만 공방을 사용하며 다양한 색상의 가죽과 실, 부자재가 제공되고 만들고 싶은 디자인을 최대한 구현할 수 있도록 옆에서 도와준다. 공방 내에 상주중인 고양이가 3마리 정도 있어 알레르기가 있을 경우 유의해야 한다. 그리고 손놀림공방은 드라마 ‘남자친구’에 나온 장소인데 차수현(송혜교 분)과 김진혁(박보검 분)이 재회하는 장면에 등장하였다.",,,,,
2741624,38,송화벽화시장,서울특별시 강서구 내발산동,724-62,4,126.8357150763,37.5494536785,,http://tong.visitkorea.or.kr/cms/resource/46/2779746_image2_1.jpg,Type3,SH,SH06,SH060200,지하철 5호선 우장산역에 인접해 있는 송화벽화시장은 정확한 연대는 불확실하지만 주민들이 생활비를 마련하기 위해 옛날 66번 시내버스 종점에서 직접 거둬들인 농산물을 판던 것이 유래가 되었다. 시장 곳곳에 명화 작품을 벽화로 설치하여 쇼핑을 하며 곳곳에 볼거리들도 함께 즐길 수 있는 시장이다. 서울시에서 2년 연속 우수시장으로 선정된 바가 있다. 구매 물품을 집까지 무료 배송해 주는 서비스도 실시하고 있다.,,점포 별로 상이함,점포 별로 상이함,,
2741592,38,수유시장,서울특별시 강북구 도봉로67길 18 (수유동),,3,127.0232678952,37.6307392541,,http://tong.visitkorea.or.kr/cms/resource/40/2779640_image2_1.png,Type3,SH,SH06,SH060200,"1966년에 개장한 서울 시내의 5대 재래시장으로 건물형시장(수유시장), 골목형시장 (수유전통시장, 수유재래시장)으로 구성되어 있다. 점포를 쉽게 찾을 수 있도록 도로를 색깔로 구분하고 출입구에 상호를 적어놓았다. 정육, 생선, 야채, 간식, 먹거리를 함께 묶어서 구매 배달하는 비대면 장보기 서비스를 제공하고 있다.",,점포 별로 상이함,점포 별로 상이함,,
2741594,38,수유중앙시장,서울특별시 강북구 노해로17길 21 (수유동),,3,127.0212566863,37.6406214014,,http://tong.visitkorea.or.kr/cms/resource/67/2779667_image2_1.png,Type3,SH,SH06,SH060200,"서울 강북구에 위치한 수유중앙시장은 서울시에서 선정한 서울 시내 5대 우수 시장 중 한 곳이다. 이곳은 건물형 시장으로 시작해 골목골목 작은 점포들도 들어서 지금 형태의 시장의 모습을 보이고 있다. 이곳은 농산물, 채소, 과일, 가공식품, 의류 등 다양한 업종으로 구성되어 다양한 물건을 구매할 수 있는 생활밀착형 전통시장이다. 수유중앙시장은 인심이 넘치고 저렴한 가격으로 제품을 구입할 수 있다는 장점도 가지고 있다.",,점포 별로 상이함,점포 별로 상이함,,
1013079,38,숭례문(남대문) 수입상가,서울특별시 중구 남대문시장4길 21 (남창동),,24,126.9776685255,37.5592411902,,http://tong.visitkorea.or.kr/cms/resource/29/3083029_image2_1.JPG,Type3,SH,SH05,SH050200,"지하 3층 지상 22층 건물인 대한 화재 빌딩 지하 2개 층으로 이루어진 숭례문 수입 상가는 상대적으로 낮은 남대문 시장의 다른 건물들에 비해 눈에 띄기 때문에 쉽사리 찾아갈 수 있다. 숭례문 수입 상가는 각종 수입 잡화를 만나 볼 수 있지만, 그중 음향 기기와 카메라로 유명하다. 그와 더불어 등산, 낚시 용품, 생활용품 가전 등 다양한 수입품목 등을 만나 볼 수 있다.",,06:30~18:30,매주 일요일,,
2741591,38,숭인시장,서울특별시 강북구 도봉로 45 (미아동),,3,127.0298594613,37.6131469738,,http://tong.visitkorea.or.kr/cms/resource/86/2779686_image2_1.png,Type3,SH,SH06,SH060200,"미아사거리역 인근에 위치한 전통의 재래시장이다. 다양한 먹거리와 생활용품을 저렴한 가격에 판매하며 지역 주민들의 삶과 밀접하게 연결되어 있다. 오랜 역사와 정겨운 분위기를 간직하고 있어 방문객들에게 따뜻한 인상을 준다. 분식, 튀김, 족발 등 맛있는 길거리 음식이 유명하지만, 특히 떡볶이가 맛있는 시장으로도 유명하다.",,점포 별로 상이함,점포 별로 상이함,,
3060917,38,슬로우파마씨,서울특별시 성동구 아차산로11가길 26 (성수동2가),,16,127.0630222462,37.5456665230,,http://tong.visitkorea.or.kr/cms/resource/66/3052766_image2_1.jpg,Type3,SH,SH07,SH070100,"슬로우파마씨는 성수동에 있는 창고형 식물 인테리어 숍이다. 반려 식물을 키우는 식집사들이 꼭 들러봐야 할 명소 중 한 곳이다. 슬로우파마씨의 크지 않은 공간에 식물들이 빽빽하게 들어서 있다. 높은 천장에는 아래로 늘어뜨리면서 자라는 예쁜 모양의 행잉 플랜트들이 화려하게 자리 잡고 있다. 홋카이도에서 최초로 발견된 녹조류 마리모, 작은 사이즈의 미니 다육이와 파인애플 선인장이라고 불리는 괴마옥, 초보들도 쉽게 키울 수 있는 고사리 종류들과 신기한 모양의 선인장들도 많다. 가장 대표 제품인 테라리엄 세트와 식물표본도 실물로 볼 수 있다. 이끼 표본을 피겨와 함께 예쁘게 꾸며 놓은 이끼 테라리엄과 보존액에 담겨 있어서 오랫동안 식물을 감상할 수 있다.","공식 홈페이지 <a href=""https://www.slowpharmacy.com/""target=""_blank"" title=""새창 : 슬로우파마씨 공식 홈페이지 이동"">https://www.slowpharmacy.com/</a><br>공식 인스타그램 <a href=""https://www.instagram.com/slow_pharmacy/""target=""_blank"" title=""새창 : 슬로우파마씨 공식 인스타그램으로 이동"">https://www.instagram.com/slow_pharmacy/</a>",13:00~19:00,매주 월요일 / 토요일 / 일요일,,
1304880,38,승진완구,서울특별시 종로구 종로52길 30 (창신동),,23,127.0142037410,37.5713959893,,http://tong.visitkorea.or.kr/cms/resource/07/3583807_image2_1.jpg,Type3,SH,SH05,SH050200,"승진완구는 45년의 역사 깊은 대한민국 최대 장난감 도매점이다. 전 세계 아이들이 좋아하는 한국 캐릭터 장난감부터 각종 자동차, 로봇, 공주인형, 드론, 붕붕카, 킥보드, 레고 등 아이들이 좋아하는 모든 장난감이 한자리에 다 있다. 또한 마진을 과감히 줄여 저렴하고 합리적인 가격으로 구매할 수 있다. 한국을 찾는 많은 관광객들이 방문하고 있다.",,09:00~18:00,연중무휴,,
2760228,38,신곡종합시장,서울특별시 양천구 남부순환로79길 37 (신월동),,19,126.8432097098,37.5184213081,,http://tong.visitkorea.or.kr/cms/resource/57/3568157_image2_1.jpg,Type1,SH,SH06,SH060200,"서울시 양천구 신월동에 위치한 소규모의 재래시장으로 1976년에 개장한 이래 현재 30개의 점포가 남아 운영되고 있다. 옛 시장의 모습을 많이 유지하고 있어 따뜻하고 정겨운 분위기의 느낄 수 있는 시장으로 농수산물, 과일, 반찬 등 다양한 먹거리와 생필품을 판매하고 있다. 인근 주민들에게는 사랑방처럼 따뜻한 곳이다.","<a href=""https://www.yangcheon.go.kr/site/yangcheon/ex/bbs/View.do?cbIdx=1131&bcIdx=298007"" target=""_blank"" title=""새창 : 양천구청 사이트로 이동"">https://www.yangcheon.go.kr/</a>",점포별 상이,점포별 상이,,
2752555,38,신사상가,서울특별시 강남구 압구정로29길 72-1,(압구정동),1,127.0284174418,37.5323396711,,,,SH,SH06,SH060200,압구정역 1번 출구에서 압구정 현대아파트 방향으로 걸어가다 보면 만날 수 있는 시장으로 약 80여 개 점포가 있다. 1976년에 준공되었으나 이후로 재건축이나 리모델링을 하지 않아서 본래 모습을 거의 변함 없이 유지하고 있는 전형적인 재래시장의 모습이다. 시장 뒤쪽 출입구에 있는 40년 전통의 떡볶이집이 유명하다.,,08:00 ~ 21:30,점포별 상이,,
2774440,38,신성종합시장,서울특별시 광진구 용마산로 50 (중곡동),,6,127.0880668343,37.5581349705,,http://tong.visitkorea.or.kr/cms/resource/72/3467172_image2_1.jpg,Type3,SH,SH06,SH060200,"서울 광진구 중곡사거리에 있는 신성종합시장은 2차선 도로를 따라 형성되어 있는 소규모 골목시장이다. 시장 규모는 크지 않지만, 정육점, 과일가게, 생선가게, 반찬가게 등 다양한 식자재를 판매하고 있으며, 칼국수, 순대국밥, 닭강정집, 만둣집 등 다양한 먹거리를 판매하고 있다.",,점포별 상이,점포별 상이,,
132642,38,신세계백화점 본점,서울특별시 중구 소공로 63 (충무로1가),,24,126.9810181709,37.5609966018,,http://tong.visitkorea.or.kr/cms/resource/99/3589499_image2_1.jpg,Type1,SH,SH01,SH010100,"신세계백화점은 1960년대 초반 근대 백화점의 개념을 처음 도입하고 최초의 직영 체제를 확립했다. 신세계백화점 본점은 신세계의 전통과 가치를 대변하는 상징적인 장소이다. 국내 최초의 백화점 미쓰코시 경성지점이 있던 자리로 고풍스러운 옛 건축물에서 긴 역사가 느껴진다. 지난 2007년 리모델링 공사를 거쳐 현재는 문화 공간을 표방한 명품관으로 자리하고 있다. 새로 개관한 본점은 세계 3대 명품인 에르메스, 샤넬, 루이뷔통을 비롯해 신세계가 단독으로 선보이는 조르지오 아르마니 블랙라벨, 데님마니아, 슈즈홀릭 등 쇼핑의 품격을 높이는 브랜드를 만나볼 수 있는 공간이며 차별화된 쇼핑 서비스를 위해 5층에는 편집 매장 분더숍&컴퍼니를 운영한다. 우리나라 편집 매장으로는 원조라 할 수 있는 분더숍을 젊은 브랜드와 신진 디자이너의 제품으로 업그레이드했다. 본점은 쇼핑과 문화가 어우러진 공간을 제공하고 있다. 6층 트리니티 가든은 세계적 거장들의 예술 작품이 전시된 조각 공원으로 유명하다. 알렉산더 칼더, 호안 미로, 영국 조각의 아버지 헨리 무어 등 유명 작가들의 작품이 전시되어 있다. 조각품들 사이로는 물이 흐르고 곳곳에 벤치가 놓여 있어 쇼핑 후 예술 작품을 감상하며 휴식을 취할 수 있다. 전통과 현대의 미학이 조화를 이룬 작품들을 통해 쇼핑 공간을 넘어 휴식과 감동을 제공하는 문화 공간이 되고자 노력하고 있다.","<a href=""https://www.shinsegae.com/index.do"" target=""_blank"" title=""새창 : 홈페이지로 이동"">https://www.shinsegae.com/index.do</a>",- 월요일~목요일 10:30~20:00<br>- 금요일~일요일 10:30~20:00,,,
2611323,38,신영시장(서울),서울특별시 양천구 월정로 161-5 (신월동),,19,126.8360377297,37.5330667003,,http://tong.visitkorea.or.kr/cms/resource/45/3568145_image2_1.jpg,Type1,SH,SH06,SH060200,"신영시장은 즐길 거리, 볼거리, 먹거리가 있는 신월1동 시장이다. 전통시장에서 값싸고 신선한 각종 채소, 과일, 생선 등을 골라 사는 재미와 함께 시장 카페에 들러 커피와 차를 마실 수 있는 휴식 공간을 제공한다. 뉴제로마켓은 양천지역자활센터와 상인회에서 운영하고 있으며, 지역밀착형 카페 운영을 통해 전통시장 활성화와 양천구 저소득층의 자립기반 조성에도 기여하고 있다. 하늘문화센터에서는 주민들에게 취미생활을 제공하고, 시장 고객과 주민, 상인들의 각종 모임이나 취미 공간으로도 활용하고 있다.",,점포별 상이,점포별 상이,,
2751420,38,신창시장,서울특별시 도봉구 덕릉로57길 17 (창동),,10,127.0374719063,37.6394884919,,http://tong.visitkorea.or.kr/cms/resource/01/2779701_image2_1.jpg,Type3,SH,SH06,SH060200,"신창시장은서울시 도봉구 창동에 위치한 재래시장이다. 인근에 창동시장과 더불어 지역 상권을 형성하고 있다. 
신창시장에서는 다양한 신선한 농산물과 수산물을 저렴한 가격에 구매할 수 있다. 신선한 식재료뿐만 아니라 다양한 먹거리와 생활용품도 함께 판매한다. 또한, 도봉구 관내에는 무료배송 서비스를 실시하고 있어 편안하게 장 볼 수 있다.",,점포 별로 상이함,점포 별로 상이함,,
2762844,38,신평화패션타운,서울특별시 중구 청계천로 298 (신당동),,24,127.0110679692,37.5694989313,,http://tong.visitkorea.or.kr/cms/resource/22/3569022_image2_1.jpg,Type1,SH,SH05,SH050200,"서울 중구 동대문 평화시장 길 건너편에 위치한 5층 규모의 패션타운으로 1,200여 개의 점포와 3,000여 명의 상인들이 영업 중이다. 1층 외곽은 스포츠 의류와 액세서리 상가, 안쪽에는 속옷 및 란제리, 양말류 상가가 들어서 있다. 2층은 숙녀복과 신사복, 3층은 영캐주얼 의류와 정장류, 4층은 숙녀복, 청바지, 티셔츠 등을 취급하는 수출 전문매장으로 중국, 일본, 대만, 인도, 필리핀, 몽골 등 다양한 나라의 바이어들이 방문하고 있다. 1969년 12월 건립 당시에는 신평화시장이라 불렸었고 1999년 01월 신평화패션타운으로 명칭을 바꿔 영업 중이다.","<a href=""https://korean.visitseoul.net/shopping/%EC%8B%A0%ED%8F%89%ED%99%94-%ED%8C%A8%EC%85%98%ED%83%80%EC%9A%B4_/180/"" target=""_blank"" title=""새창 : 비짓서울 사이트로 이동"">https://korean.visitseoul.net/</a>",점포별 상이,점포별 상이,,
3428365,38,아이파크몰 고척점,"서울특별시 구로구 경인로43길 49 (고척동, 고척아이파크)",,7,126.8606503517,37.4982767377,,http://tong.visitkorea.or.kr/cms/resource/51/3432251_image2_1.jpg,Type1,SH,SH02,SH020100,"아이파크몰 고척점은 서울 구로구 고척동에 위치한 복합 쇼핑몰로, 2022년 12월에 개장한 HDC아이파크몰의 두 번째 지점이다. 지하 3층부터 지상 2층까지 다양한 매장이 입점해 있으며, 코스트코와 푸드코트, 어린이 놀이시설 등을 갖춘 라이프스타일 센터이다.",,월~일 10:00~22:00,,,
2751432,38,아현시장,서울특별시 마포구 굴레방로9길 11-1 (아현동),,13,126.9549928834,37.5567994008,,http://tong.visitkorea.or.kr/cms/resource/19/2779719_image2_1.jpg,Type3,SH,SH06,SH060200,"1930년대 초 서대문구 북아현동의 굴레방다리를 중심으로 형성된 좌판들이 1960년대 아현천변 공터로 자리를 옮기면서 현재 시장의 모습을 갖추었다. 전형적인 주거 지역에 있어 2000년대 초반까지 활황이었지만, 현재는 아현 뉴타운 재개발 사업으로 인해 시장 규모가 많이 축소되었다. TV 프로그램 <생활의 달인>에 소개된 만둣집이 유명하다.",,점포 별로 상이함,점포 별로 상이함,,
2741602,38,암사종합시장,서울특별시 강동구 상암로11길 25 (암사동),,2,127.1288355503,37.5509115448,,http://tong.visitkorea.or.kr/cms/resource/68/2787768_image2_1.jpg,Type3,SH,SH06,SH060200,"암사종합시장은 서울 강동구 암사1동에 자리한 크고 활기찬 전통시장이다. 다양한 점포가 빼곡하게 들어서 있어 없는 게 없는 만물 시장 같은 곳이다. 지붕 아케이드가 설치되어 있어 비가 오나 눈이 오나 날씨 걱정 없이 편하게 장을 볼 수 있다. 신선한 농산물, 수산물, 맛있는 반찬과 분식 등 입맛 돋우는 먹거리가 가득해 구경만 해도 즐거운 곳이다. 특히 떡볶이, 튀김 같은 시장 간식은 꼭 맛봐야 하는 별미이다. 지하철 암사역에서도 가까워서 찾아가기 편리한 곳이다.",,점포 별로 상이함,점포 별로 상이함,,
2784052,38,양재꽃시장,서울특별시 서초구 강남대로 27 (양재동),,15,127.0407514903,37.4673918780,,http://tong.visitkorea.or.kr/cms/resource/89/2796289_image2_1.jpg,Type3,SH,SH06,SH060200,"양재꽃시장은 우리나라에서 가장 큰 규모를 자랑하는 화훼시장이다. 1991년 설립돼 절화류 경매를 시작했고 이후 난류와 관엽류 등으로 확대됐다. 하루에 수억 원이 오고 간다는 생화 경매장을 비롯해 가동과 나동, 지하상가, 분재, 정원수 상가에 수백 개의 점포들이 밀집해 있다. 대형 화훼단지여서 도매 거래만 이뤄질 거로 생각하기 쉽지만, 소매상이 따로 구분돼 있어 소규모 거래도 활발하다. 덕분에 각 지역으로 내려가는 도매상들을 비롯해 플로리스트나 취미 삼아 꽃을 사러 오는 이들로 늘 북적인다. 다른 꽃시장에 비해 다양한 종류를 저렴한 가격에 살 수 있기 때문이다. 일 년 내내 싱그러운 초록빛은 물론 다채로운 꽃을 눈에 담을 수 있어 관광객들이나 사진가들도 즐겨 찾는다.","<a href=""https://flower.at.or.kr/yfmc/"" target=""_blank"" title=""새창 : 양재꽃시장 홈페이지로 이동"">https://flower.at.or.kr/yfmc/</a>",홈페이지 확인,홈페이지 확인,,
2764364,38,영등포전통시장,서울특별시 영등포구 영등포동2가,30-1,20,126.9081148650,37.5198528553,,http://tong.visitkorea.or.kr/cms/resource/82/2779882_image2_1.png,Type3,SH,SH06,SH060200,"1956년 개장하여 지금까지 한자리를 지켜온 영등포전통시장은 서남권에서 가장 규모가 크고 역사가 깊은 전통시장으로 약 300여 개의 점포와 400여 개의 노점이 영업 중이다. 
과거 영등포시장과 영등포역은 부도심의 중심지역으로 불야성을 이루었던 곳이다. 지금은 주변 대형 백화점과 마트가 있어 예전의 활기찬 모습을 찾아볼 수는 없으나, 옛 재래시장의 모습을 많이 유지하고 있다. 
영등포전통시장 사거리에서 영등포 로터리 방면으로 이어지는 통로가 주로 소매를 담당하고, 주변 지역은 공구와 문구 등 도매로 판매하는 상점들이 위치하고 있다. 2018년부터 시장 중앙통로 및 순대골목에 야시장을 열어 푸드트럭과 먹거리 중심으로 운영 중으로, 입소문으로 인기를 얻어 가고 있다.",,"[야시장]<br>- 하절기(3~10월) 18:00~22:00<br>- 동절기(11~2월) 17:00~22:00<br>※ 단, 시장 점포 별로 상이함","[야시장]<br>매월 셋째주 일요일<br>※ 단, 시장 점포 별로 상이함",,
2764375,38,영등포청과시장,"서울특별시 영등포구 영신로41길 5-1 (당산동1가, 에이원하우징)",,20,126.9006016040,37.5218580438,,http://tong.visitkorea.or.kr/cms/resource/92/2779892_image2_1.png,Type3,SH,SH06,SH060200,영등포청과시장은 1984년 개장한 과일 전문 시장이다. 1980년대 강서 및 부천 일대 최대의 과일 도매 시장이었다. 국산 과일과 다양한 수입 과일을 도매 및 소매로 판매하는 250여 개의 점포들이 몰려 있다. 대중교통으로 접근성이 좋고 인근이 주거 밀집 지역이어서 이용객이 꾸준히 찾는다.,,점포 별로 상이함,점포 별로 상이함,,
2763905,38,영일시장,서울특별시 영등포구 문래로30길 27,(문래동3가),20,126.9007600806,37.5162531419,,http://tong.visitkorea.or.kr/cms/resource/42/3463442_image2_1.jpg,Type3,SH,SH06,SH060200,"서울 영등포구 문래동에 있는 영일시장은 농산물에 특화된 골목형 전통시장이다. 농산물에 특화된 시장이지만 생선, 육류, 건어물, 식료품 등 일반 시장에서 살 수 있는 물건들도 판매한다. 2007년도 노점상 철거로 규모가 줄어들었으나 지금도 인근 식당과 음식점, 슈퍼, 전통시장의 상인들이 도매로 물건을 구입해 간다. 새벽 12시부터 4시 사이가 시장이 가장 활발하게 움직이는 시간이고 소매로도 판매한다. 오후 4시가 지나면 문 닫는 점포들도 많다. 지하철 2호선 문래역 6번 출구에서 약 500m, 1호선 영등포역 6번 출구 약 600m 거리에 있다.",,02:00~18:00 (점포별 상이),점포별 상이,,
1304864,38,영풍문고 종각종로본점,서울특별시 종로구 청계천로 41 (서린동),지하 1층,23,126.9821983715,37.5697233868,,http://tong.visitkorea.or.kr/cms/resource/14/3571814_image2_1.jpg,Type1,SH,SH05,SH050200,"1992년 종로에서 처음 오픈한 영풍문고 종각종로본점은 도서, 문구, 편의점, 무인양품 등 다양한 문화공간을 구성한 곳이다. 최신 베스트셀러부터 고전, 전공서적, 아동서적, 외서 등 다양한 분야의 책을 한자리에서 만날 수 있다. 도서뿐만 아니라 문구류, 선물용품, 음반 등 다양한 상품을 함께 취급하여 방문객들이 여러 가지를 한 번에 구입할 수 있다. 낭독회, 사인회, 강좌 등 문화행사나 강연 등도 진행되어 책을 사랑하는 이들에게는 더욱 매력적인 장소이다. 종로의 중심에 위치해 있어 접근성도 뛰어나며, 많은 사람들이 찾는 문화 명소로 자리 잡고 있다.","<a href=""https://www.instagram.com/ypbook_jr/"" target=""_blank"" title=""새창 : 영풍문고 영풍문고 종각종로본점 인스타그램으로 이동"">https://www.instagram.com/ypbook_jr</a>",10:00~22:00,연중무휴,,
2777893,38,오류시장,서울특별시 구로구 경인로19가길 14-1 (오류동),,7,126.8433408649,37.4966071783,,http://tong.visitkorea.or.kr/cms/resource/83/3558683_image2_1.jpg,Type1,SH,SH06,SH060200,"서울 구로구 오류동에 위치한 오류시장은 1968년 건립된 재래시장이다. 한때 점포수가 약 250여 개가 넘을 만큼 번창하던 시절이 있었다. 990년대부터 쇠퇴 일로를 걷기 시작하였다. 지금은 대부분의 점포가 문을 닫고 떡집, 건어물, 참기름, 농·수산물과 음식점 등 몇 개의 점포만 운영 중이다. 시장 안 오류골 주먹고기는 오류동의 대표 맛집으로 유명세를 유지하고 있다.",,점포 별로 상이함,점포 별로 상이함,,
132229,38,용산전자랜드,서울특별시 용산구 청파로 74 (한강로3가),,21,126.9596403612,37.5327661657,,http://tong.visitkorea.or.kr/cms/resource/37/3589437_image2_1.jpg,Type1,SH,SH05,SH050200,"용산전자랜드는 1985년 서울시의 용산전자단지 조성 도시계획사업 시행에 따라 1988년 대한민국 최초의 전자 전문 양판점 사업을 개시한 이래 국내 전자 유통을 선도해 왔다. 최신컴퓨터는 물론 반도체에서 각종 컴퓨터 부품까지 구입할 수 있어 첨단 정보통신 산업의 메카이다. 용산전자랜드는 본관, 신관, 별관으로 나뉘어 있고 국내외 최신 가전제품에서 컴퓨터, 휴대폰, 카메라, 게임 등의 모든 정보, 4차산업 체험 공간, 영화관, 전문식당가 등이 있어 전자랜드에서는 전자제품이나 부품만 구입 할 수 있는 것이 아니라 다양한 즐길 거리가 있다. 또한, 용산 역사와도 근접하여 전국 어디서나 편리하게 찾아올 수 있으며 넓은 주차장과 다양한 대중교통 노선으로 편리함을 더하고 있다.","<a href=""http://www.i-etland.co.kr "" target=""_blank"" title=""용산전자랜드 홈페이지로 이동"">http://www.i-etland.co.kr</a>",10:00~19:30,점포별 상이,,
132522,38,우석공예사,서울특별시 종로구 청계천로 205 (예지동),1층 35~38,23,127.0004883714,37.5697292700,,http://tong.visitkorea.or.kr/cms/resource/14/1984414_image2_1.jpg,Type3,SH,SH05,SH050100,"은행잎 표 제품들은 엄격한 검사 기준과 품질관리로 출고되며 일본 등 세계 각지로 수출하여 호평받고 있다. 결혼 준비, 혼수용품, 혹은 외국에 선물이나 기념품 등을 주로 생산하며 우리가 미처 몰랐던 전통공예의 멋을 살려 어디에 내놓아도 손색없는 품위와 다양한 디자인으로 호평받고 있다.","<a href=""http://www.ginkgoleaf.co.kr"" target=""_blank"" title=""새창 : 우석공예사 홈페이지로 이동"">http://www.ginkgoleaf.co.kr</a>",10:00~17:00,매주 일요일,,
2741590,38,우이시장,서울특별시 강북구 노해로23길 68,(수유동),3,127.0200427521,37.6460929656,,http://tong.visitkorea.or.kr/cms/resource/04/2779704_image2_1.png,Type3,SH,SH06,SH060200,"1962년에 문을 연 강북구에서 가장 오랜 역사를 지닌 시장으로, 옛 재래시장의 정겨운 모습을 느낄 수 있다.",,점포별 상이,점포별 상이,,
132238,38,을지로 철제가구거리,서울특별시 중구 창경궁로 34-1 (예관동),,24,126.9984164588,37.5654602842,,http://tong.visitkorea.or.kr/cms/resource/34/3077634_image2_1.JPG,Type3,SH,SH05,SH050200,"을지로 가구거리는 필요한 가구를 저렴하게 살 수 있는 거리이다. 다른 가구거리와 다른 점은 상업용 가구들이 많다는 것이 특징이다. 몇 년 전 크게 유행했던 철제가구의 인기가 떨어지면서 여러 가지 가구를 함께 취급하는 가구 전문점이 들어서고 있고 그 사이로 유명 업체 가구점들도 하나둘씩 들어서고 있다. 철제가구는 목제가구에 비해 값이 싸고 튼튼하므로 사무자동화용 가구로 많이 찾는다. 일반 소비자들이 사무용 가구를 한두 개 살 때는 동네가구점보다 10% 정도 싸게 살 수 있다. 또한 이곳에는 자체 공장을 가진 가게가 많아서 싼값에 직거래할 수 있다는 이점이 있다. 주로 중소업체들인데 의자, 책상 등 단일 품목 위주로 생산한다. 자체 생산이 되지 않는 가구류는 다른 공장에서 납품받아 팔고 있다. 주변 조명거리와도 연결되어 있고 인테리어 관련 다양한 가구도 만나볼 수 있다. 황학동 일대가 중고 가구를 판매한다면 을지로는 신제품 판매장이다. 상업용 가구라고 하지만 가정에서도 사용할 수 있는 가구도 있으며 다양한 제품들을 한눈에 볼 수 있다.",,점포 별로 상이함,점포 별로 상이함,,
985264,38,이새,서울특별시 종로구 인사동길 30-1 (관훈동),,23,126.9859507010,37.5734702409,,http://tong.visitkorea.or.kr/cms/resource/72/3440572_image2_1.jpg,Type3,SH,SH05,SH050200,"이새는 화학성분이 들어가지 않은 원단을 사용하여 자연주의 브랜드라는 특징으로 중장년층을 위주로 한 친환경 염색 의류이다. 천연 소재와 천연 염색, 한복과 양장이 조화를 이룬 몸에 편안한 실루엣으로 디자인된 옷을 주로 판매한다. 의류뿐만 아니라 가방, 신반, 모자 등도 천연 소재로 만들어 판매하고 있으며, 침구와 앞치마 등의 라이프 용품도 있다. 인사동에 오프라인 매장이 위치해 있으며, 온라인으로도 구입할 수 있다.","<a href=""http://www.isae.co.kr"" target=""_blank"" title=""새창 : 이새 홈페이지로 이동"">http://www.isae.co.kr</a>",전화 문의,전화 문의,,
1253279,38,이태원시장,서울특별시 용산구 이태원로14길 6 (이태원동),,21,126.9900792234,37.5338832483,,http://tong.visitkorea.or.kr/cms/resource/63/3568563_image2_1.jpg,Type1,SH,SH06,SH060200,"이태원 시장은 대한민국 서울특별시 용산구 이태원동에 위치한 대표적인 시장 중 하나이다. 이태원은 다양한 문화와 다국적인 분위기가 어우러진 지역으로 유명하며, 이곳의 시장도 그 다양성을 반영하고 있다. 이태원 시장에는 전통적인 한국의 소품부터 현대적이고 유니크한 디자인의 제품까지 다양한 상점들이 즐비해 있어, 의류, 액세서리, 가구, 공예품 등을 살펴보며 독특한 제품을 찾을 수 있으며, 이태원은 다양한 국적의 사람들이 모여 사는 지역이기 때문에 다양한 나라의 음식을 즐길 수 있는 레스토랑과 카페가 많아 이색적인 체험이 가능하다.",,점포별 상이,점포별 상이,,
132219,38,인사동 문화의 거리,서울특별시 종로구 인사동,,23,126.9850146618,37.5739535014,,http://tong.visitkorea.or.kr/cms/resource/86/3571886_image2_1.jpg,Type1,SH,SH05,SH050200,"인사동 문화의 거리는 전통과 현대가 조화를 이루는 서울의 대표적인 문화 명소이다. 오래된 골목길을 따라 전통 한옥과 갤러리, 다양한 공예품 상점, 고미술 상점 등이 어우러져 한국 고유의 멋을 느낄 수 있다. 특히 국내 장인들의 손길이 담딘 공예품과 고미술 상점은 구경하는 재미가 있다. 거리를 거닐며 옛 물건과 기념품을 구경하고, 한국적인 정취가 물씬 풍기는 분위기 속에서 즐거움을 만끽할 수 있다.","<a href=""http://www.hiinsa.com/index.php"" target=""_blank"" title=""새창 : 문화지구 인사동 홈페이지로 이동"">http://www.hiinsa.com</a>",매장 별로 상이함,매장 별로 상이함,,
2522037,38,인현시장,서울특별시 중구 인현동2가 192-1,,24,126.9953417794,37.5640409493,,http://tong.visitkorea.or.kr/cms/resource/87/3568387_image2_1.jpg,Type1,SH,SH06,SH060200,"인현시장［仁峴市場］은 서울특별시 중구 인현동2가에 형성된 전통시장이다. 1950년대 말엽에서 60년대 초까지 자연발생적으로 형성된 시장으로 50여 년의 역사를 간직하고 있다. 조선시대 선조［宣祖］의 일곱째 아들인 인성군［仁城君］이 살던 곳으로도 알려져 있다. 영화거리와 인쇄골목으로 유명한 충무로의 뒷골목에 자리 잡은 인현시장은 현대적 도심의 고층 빌딩을 끼고돌아 찾을 수 있는 곳으로 현대와 과거가 공존하는 전통시장이다. 충무로 인쇄골목은 인현동과 을지로, 필동 등의 3권역에 걸친 인쇄골목을 모두 아우르는 이름이다. 그 인쇄골목 사이로 조그맣게 자리 잡은 골목시장이 인현시장이다. 폭 2m 길이 202m의 골목길에 110개의 점포가 밀집한 인현시장은 명동, 남산골 한옥마을 등의 관광명소와 인접해 있어 하루 유동인구가 2만 명에 이르지만 낙후된 환경과 상인들의 노화로 침체기를 겪기도 하였다. 인현시장은 1960년대 후반에 세운상가가 들어서면서 지금의 모습으로 축소되었는데, 숨겨진 맛집이 많고 물가가 저렴해 인근의 인쇄노동자나 영세상인들에는 친근한 장소가 되었다. 뿐만 아니라 이곳은 일상의 고단함을 달래기 위해 도심 직장인들이 퇴근 후 즐겨 찾는 곳으로도 유명해 ‘맛의 낙원’으로도 불린다. 최근에는 청년 장사꾼과 예술인들이 인현시장에 청년가게를 오픈하여 색다른 즐거움을 맛볼 수 있다.",,점포별 상이,점포별 상이,,
1013388,38,장안 악세사리상가,서울특별시 중구 남대문시장4길 42-2 (남창동),,24,126.9767630795,37.5583023944,,http://tong.visitkorea.or.kr/cms/resource/43/1015043_image2_1.jpg,Type3,SH,SH05,SH050200,장안 악세사리 상가는 오랜 전통을 바탕으로 각종 아이디어 상품과 개성이 강한 제품들로 구성되어 있다. 매장들마다 꾸준히 개성 있는 제품들을 개발하여 타 상점과는 차별된 제품을 판매한다. 또한 전문상가로써 시중 소매악세사리점보다 싸게 구입할 수 있고 다양한 제품을 구입할 수 있다.,,[평일] <br> - 09:00~17:00 <br>  [토요일(자유 오픈)]<br> - 09:00~14:00 <br> ※ 점포별 상이,매주 일요일 / 공휴일 <br> ※ 점포별 상이,,
2758176,38,정릉아리랑시장,서울특별시 성북구 아리랑로19길 10 (정릉동),,17,127.0128390879,37.6027034367,,http://tong.visitkorea.or.kr/cms/resource/51/3463551_image2_1.jpg,Type3,SH,SH06,SH060200,"아리랑고개로도 불리는 서울의 대표 고지대인 정릉에 있는 골목 시장이다. 정릉아리랑시장은 한국 영화 <아리랑>의 배경지였던 것에서 유래해 붙여진 이름으로 아리랑 골목 시장으로도 불린다.
2019년 SBS 예능프로그램 <백종원의 골목식당>에 시장 내 청국장 전문식당과 지짐이집, 수제함박스테이크집이 소개된 이후 맛집이 많은 시장으로 알려져 많은 사람이 방문하고 있다.
인근에 세계문화유산 정릉과 흥천사가 있어 함께 둘러보기 좋다.",,점포 별로 상이함,점포 별로 상이함,,
132421,38,종로귀금속거리,서울특별시 종로구 봉익동,,23,126.9926140374,37.5715539165,,http://tong.visitkorea.or.kr/cms/resource/58/3571858_image2_1.jpg,Type1,SH,SH05,SH050200,"종로귀금속거리는 국내 최대 규모의 귀금속 전문 거리이다. 1960년대부터 예지동을 중심으로 그 범위가 확장되면서 종로 전체를 아우르고 있으며, 오랜 전통의 귀금속 거리이다. 종로3가역에서 내려 단성사 옆 골목으로 가다 보면 수많은 귀금속 상점이 줄이어선 골목길을 쉽게 찾을 수 있다. 상가 수가 3,000여 개에 달하며, 전국 주얼리 물동량의 70%를 차지할 만큼 활발한 거래가 이루어지고 있다. 시중가보다 약 20~40% 저렴한 가격으로 귀금속을 구매할 수 있어 혼수품을 구매하는 예비부부도 많이 찾는다. 특히 단성사는 11층 가운데 지상 3층에서 지하 1층까지를 귀금속 센터로 꾸며 약 500개의 귀금속 매장을 입점시켰다. 외국인들의 쇼핑 코스로도 인기를 끌고 있다.","<a href=""https://korean.visitseoul.net/area/%EC%A2%85%EB%A1%9C-%EA%B7%80%EA%B8%88%EC%86%8D-%EA%B1%B0%EB%A6%AC%EC%83%81%EA%B0%80/KOP002106"" target=""_blank"" title=""새창 : 비짓서울 홈페이지로 이동"">https://korean.visitseoul.net</a>",매장 별로 상이함,매장 별로 상이함,,
2940925,38,종이잡지클럽,서울특별시 마포구 양화로8길 32-15,,13,126.9157661119,37.5494134455,,,,SH,SH07,SH070100,"종이잡지클럽은 말 그대로 종이로 된 잡지를 읽고 이야기할 수 있는 공간이다. 운영자들이 일일이 고른 국내·외 전문 및 독립 잡지들은 새로운 아이디어가 늘 필요한 기획자들 그리고 지식과 관심사에 대한 지평을 넓히고자 하거나, 수준 높은 유흥이 필요로 한 분들을 위한 곳이며 탐구의 공간이자 도피의 공간이기도 하다.
온라인 회원과 오프라인 회원으로 클럽이 운영되는데, 온라인 회원의 경우 이달의 잡지 배송 서비스와 모임 무료 참가 등의 서비스를 받아볼 수 있다. 오프라인 회원의 경우 매장의 무제한 이용권으로 방문 및 좌석 이용권 등으로 운영되고 있다.","<a href=""https://www.wereadmagazine.com/""target=""_blank"" title=""새창 : 종이잡지클럽 홈페이지로 이동"">https://www.wereadmagazine.com/</a>",- 화요일~토요일 12:00~22:00<br>- 일요일 12:00~20:00,매주 월요일,,
132502,38,중곡동 가구거리,서울특별시 광진구 능동,,6,127.0809147499,37.5566516806,,http://tong.visitkorea.or.kr/cms/resource/11/3478411_image2_1.jpg,Type3,SH,SH05,SH050200,"중곡동 가구거리는 1960년대 형성된 곳으로, 어린이 대공원 후문에서 군자로 사이에 리바트, 삼익가구 등 대형업체의 대리점부터 중소 가구업체까지 65여 개 정도의 숍이 늘어서 있다.  다양한 브랜드의 가구를 비교할 수 있는 중곡동 가구거리는 일반적인 가구는 물론 고급 가구, 사무용 가구, 학생용 가구 등 다양한 디자인과 용도의 가구들이 전시되어 있다. 또한 가구점마다 주차장을 갖추고 있어 편리한 쇼핑을 할 수 있다.",,매장 별로 상이함,매장 별로 상이함,,
2751414,38,중곡제일골목시장,서울특별시 광진구 능동로47길 30 (중곡동),,6,127.0811367531,37.5636397621,,http://tong.visitkorea.or.kr/cms/resource/66/2779666_image2_1.png,Type3,SH,SH06,SH060200,"중곡제일골목시장은 서울 중랑구 중곡동에 위치한 전통시장으로, 지역 주민들의 일상적인 쇼핑 공간이다. 신선한 농산물과 수산물을 판매하고 있으며, 지역의 특산물도 만나볼 수 있다. 2005년 전국 최초로 공용 쿠폰과 자체 상품권을 도입했으며, 주민 편의를 위해 배송 서비스를 운영하고 있다. 또한, 최근에는 현대화 사업을 통해 더욱 쾌적한 쇼핑 환경을 제공하고 있다.",,10:00~22:00<br>※ 점포 별로 상이함,점포 별로 상이함,,
2774568,38,중앙청과,서울특별시 송파구 양재대로 932 (가락동),,18,127.1107693087,37.4960786971,,http://tong.visitkorea.or.kr/cms/resource/67/2790967_image2_1.jpg,Type3,SH,SH05,SH050200,"서울 송파구 가락동 농수산물 종합도매시장에 있는 중앙청과는 1989년 설립된 과일과 채소를 도매로 유통하는 법인이다. 과일류 경매는 주로 새벽 2시부터 오전 시간에 진행되고, 채소류 경매는 저녁 6시부터 밤에 진행된다. 경매 위주로 물건을 유통하기에 일반 소비자들이 구매할 수 있는 물건은 일부 품목이지만 신선한 과일과 채소를 구입하기 위해 찾는 사람들이 있으며, 특히 명절에는 선물용으로 과일을 구입하려는 사람들이 많이 찾는다.","<a href=""https://www.ejoongang.co.kr/"" target=""_blank"" title=""새창 : 중앙청과 홈페이지로 이동"">https://www.ejoongang.co.kr/</a>",02:00~23:00,홈페이지 확인,,
132244,38,청계 조명기구상가,서울특별시 종로구 청계천로 155,,24,126.9954361275,37.5671405907,,http://tong.visitkorea.or.kr/cms/resource/41/3064041_image2_1.JPG,Type3,SH,SH05,SH050200,"청계 조명기구상가는 을지로 3~4가역과 세운청계상가 일대에 위치한 약 300여 곳의 조명 전문상가가 모여있는 곳이다. 조명 천국이라 불릴 정도로 많은 종류의 조명들이 전시되어 판매되고 있다. 건축자재 관련 전문상가가 자리 잡은 을지도 끝자락에서 조성되기 시작하였으며, 1960년대 당시에는 서울에서 유일한 조명상가로 전국의 모든 조명을 유통하기도 했다.
두세 평 남짓한 크기의 전구 도매상부터 수십 평의 전시장을 갖춘 종합조명 점포에 이르기까지 모두 300여 곳이 들어서 있다. 이 가운데 20여 곳은 특수조명만을 취급한다. 주로 방송국 스튜디오나 연극무대, 상점 진열장, 유흥업소 등에 쓰이는 조명기구들을 판매한다.
실내 인테리어 DIY를 위한 자재를 싸게 구매할 수도 있고, 공간에 맞게 주문제작을 의뢰하면 며칠 만에 바로 제작하여 설치해 주기도 한다.","<a href=""https://www.jongno.go.kr/chTown.do?menuNo=9316"" target=""_blank"" title=""새창 : 종로청계관광특구 홈페이지로 이동"">https://www.jongno.go.kr</a>",매장 별로 상이함,매장 별로 상이함,,
2759652,38,청량리청과물시장,서울특별시 동대문구 왕산로33길 4 (제기동),,11,127.0424148233,37.5797121970,,http://tong.visitkorea.or.kr/cms/resource/82/3474682_image2_1.jpg,Type3,SH,SH06,SH060200,"청량리청과물시장은 1958년부터 영업을 시작한 전통과 역사를 가진 청과물 전문 도매시장으로 약 170여 개의 점포가 성업 중이다. 경기도와 강원도에서 올라온 농산물은 이곳 청량리 시장으로 집결된 뒤 전국 각지로 다시 팔려나간다. 도매시장인 만큼 자정부터 새벽까지 시장이 활발하며, 과일 외에 일반 시장처럼 야채, 수산물, 먹거리 등을 판매하는 점포들도 많다. 청량리역 인근에 위치해 있어 접근성이 편리하다.",,점포 별로 상이함,점포 별로 상이함,,
132207,38,청오가방도매상가,서울특별시 종로구 청계천로 229,,23,127.0029909094,37.5701348234,,http://tong.visitkorea.or.kr/cms/resource/26/3109826_image2_1.JPG,Type3,SH,SH05,SH050200,"청오가방도매상가로 불리는 이곳은 행정구역상 종로 5가에 속하며 주변 가방상가와 함께 청계천 가방상가로 통칭한다. 1960년대부터 종로 5가와 청계천 주변에 들어서기 시작하여 번성했던 상가들이 청오빌딩으로 이전해 오면서 1, 2층 매장에는 의류상가가, 지하층과 3, 4층은 가방 부속품 도매 상가가 입점했다. 청오가방상가는 자체 공장에서 제작한 고유모델의 가방을 전국의 소매상에게 도매할 뿐만 아니라 일부 점포들은 백화점에 가방을 납품하기도 한다. 여러 가방을 함께 팔기도 하지만, 핸드백, 서류 가방, 여행 가방, 학생 가방 등 한두 가지 품목 위주로 파는 전문점이 많다. 유치원 가방, 학원 가방 전문점뿐만 아니라, 천으로 만든 도시락 가방 등 소품 전문점도 있다.",,전화 문의,전화 문의,,
1013394,38,청자 수입상가,서울특별시 중구 남대문시장4길 29,(남창동),24,126.9773491223,37.5588356763,,http://tong.visitkorea.or.kr/cms/resource/53/1015053_image2_1.jpg,Type3,SH,SH05,SH050200,"청자수입상가에서는 국내에서는 쉽게 볼 수 없는 국외의 주방용품들과 생활잡화, 의류 잡화들을 판매하는 매장들로 구성되어 있다. 지하에서는 주방용품들과 여성 의류, 액세서리 등을 만날 수 있고, 1층에서는 아동복과 속옷 생활 잡화들을 쇼핑할 수 있다. 쇼핑 후 2층과 3층에 마련된 휴게실과 커피숍 등에서 쇼핑의 피로를 풀 수도 있고, 도심 속에서 여유를 즐겨 볼 수도 있다.",,※ 점포별 상이함,※ 점포별 상이함,,
2761460,38,청평화패션몰,서울특별시 중구 청계천로 334 (신당동),,24,127.0149565033,37.5695212208,,http://tong.visitkorea.or.kr/cms/resource/08/3568408_image2_1.jpg,Type1,SH,SH05,SH050200,"서울 중구 청계 7가 사거리 청계천변에 위치한 청평화패션몰은 1983년 개장한 6층 규모의 건물형 의류 도매상가로 1,300여 개의 점포가 영업 중이다. 동대문 도매시장 중 규모 면에서 가장 크며 지금까지도 익숙한 명칭인 '청평화시장'으로 부르고 있다. 여성 의류가 주 품목이며 유니폼과 같은 단체복 전문 매장도 있다. 낮 시장인 청평화시장은 밤 11시부터 낮 12시까지 운영된다. 동묘역 인근에 자리하여 방문하기 편리하다.","<a href=""https://www.cph.co.kr/"" target=""_blank"" title=""새창 : 청평화패션몰 홈페이지로 이동"">https://www.cph.co.kr/</a>",23:00~12:00,주말,,
2759976,38,충신시장,서울특별시 종로구 충신동,31-1,23,127.0053155583,37.5750537379,,http://tong.visitkorea.or.kr/cms/resource/66/3571866_image2_1.jpg,Type1,SH,SH06,SH060200,"서울 종로구 충신동에 위치한 충신시장은 동대문시장과 대학로 중간지점에 있는 위치한 50여 년 역사의 골목시장이다. 시장의 명칭을 얻기 전까지는 노점상 골목이었는데, 유동인구가 증가하면서 자연스럽게 정식 시장의 명칭을 얻게 되었다. 현재는 주 이용객이었던 시장 건너편의 낙산아파트가 사라진 이후 활기가 줄어들었고, 동대문시장에 진입하지 못한 후발 원단 상인들이 충신시장에서 영업을 하면서 새롭게 원단시장 거리가 조성되고 있다.",,점포 별로 상이함,점포 별로 상이함,,
2943363,38,코오롱스포츠 솟솟618점,서울특별시 서초구 원터2길 9,,15,127.0557785643,37.4439226495,,,,SH,SH05,SH050200,"솟솟618은 코오롱 스포츠가 운영하는 아웃도어 라이프스타일샵으로 자체 대여 서비스를 시행 중이다. 신분당선 청계산입구역에 위치해 접근성이 좋고, 렌탈도 가능해 장비 구입의 부담도 줄일 수 있다. 한쪽에는 색색의 실이 가득한데 바로 네임택을 만들 수 있는 체험이다. 원하는 문구와 이모지를 주문하면 그 자리에서 바로 네임택을 만들어 주는데, 글씨 색, 고리 색, 글씨체도 모두 내가 원하는 것으로 직접 고를 수 있다. 한 땀 한 땀 완성된 네임택은 등산 가방이나 스틱에 달아 사용할 수 있다. 샵 뒤에는 카페도 함께 운영하고 있어 등산을 마치고 카페에 들러 시원한 커피 한 잔을 추천한다.",,1월~2월 09:00~18:00<br>3월~10월 09:00~19:00,연중무휴,,
2761478,38,태릉시장,서울특별시 중랑구 동일로129길 35,"(중화동,태능에셈빌)",25,127.0775638424,37.5992605586,,http://tong.visitkorea.or.kr/cms/resource/11/3463411_image2_1.jpg,Type3,SH,SH06,SH060200,"서울 중랑구 중랑역과 중화역 사이에 위치한 태릉시장은 1987년 복개도로 위에 자생한 노점으로 30년 넘게 재래시장 형태로 운영되어 오다가 2021년 서울시 태릉시장 특화 거리 조성 사업으로 시장 환경이 개선되었다. 태릉시장 주상복합빌딩(태능에셈빌) 2층까지는 상가들이 입점해 있고, 아파트 앞 노점들은 서울시 이동형 가게 모양으로 변화해 대로변에 직선으로 길게 늘어서 있다. 태릉시장, 태릉 엔터피아로도 불린다.",,점포별 상이,점포별 상이,,
2946404,38,토인,서울특별시 종로구 인사동길 48 (관훈동),,23,126.9844702526,37.5744589884,,http://tong.visitkorea.or.kr/cms/resource/86/2947786_image2_1.jpg,Type1,SH,SH05,SH050200,"추억의 장난감이나 간식들을 판매하는 레트로한 느낌의 상점이다. 넓지 않은 공간은 알록달록한 색상의 포장지, 언뜻 용도를 알기 어려운 장난감들로 가득하다. 어렸을 적 누구나 한 번쯤 가봤을 법한 문방구이자 추억의 불량식품을 파는 이곳에 들어서면 아이 어른 할 것 없이 들뜬 기분을 느끼며 눈을 반짝이게 된다. 다양한 상품 중 가장 인기 있는 품목은 단연 달고나 세트이다. 취향에 맞는 간식과 장난감을 고르며 남녀노소 새로운 추억을 쌓기 좋으며 어른들은 동심으로 돌아가는 기분을 느낄 수 있다.",,10:00~20:00,연중무휴,,
132198,38,퇴계로 오토바이상가,서울특별시 중구 충무로4가,,24,126.9273224518,36.9844568739,,http://tong.visitkorea.or.kr/cms/resource/47/3077647_image2_1.JPG,Type3,SH,SH05,SH050200,"퇴계로 오토바이상가는 충무로 지하철역에서 대한극장 맞은편 출구로 나와 퇴계로 5가 쪽 인도로 걸어가다 보면 오토바이 행렬이 계속 이어지는 곳에 있다. 이곳에는 오토바이 가게 40곳, 액세서리와 부품을 취급하는 가게 10여 곳, 수리점 10여 곳이 들어서 있다. 도매 상가로 일반소비자에게도 소매 중간이윤을 붙이지 않는다. 오토바이값은 시중보다 5∼10%쯤 싸고 부품값은 공급 물량에 따라 값이 달라진다. 이곳에서 팔리는 오토바이는 대림혼다와 효성스즈키 제품이 2대 주류를 이룬다. 상가 대부분은 일본, 미국에서 수입해 온 제품도 함께 팔고 있다.",,매장 별로 상이함,매장 별로 상이함,,
2758811,38,풍납도깨비시장,서울특별시 송파구 바람드리길 37-1 (풍납동),,18,127.1201506098,37.5375518286,,http://tong.visitkorea.or.kr/cms/resource/24/3568024_image2_1.jpg,Type1,SH,SH06,SH060200,"풍납 도깨비시장은 송파구에서는 석촌 시장 다음으로 큰 규모의 시장이다. 좌판을 깔고 장사하는 보따리 상인들이 낮에 나타났다가 저녁이면 사라지는 도깨비시장 형태로 출발했지만 지금은 점차 상설시장으로 자리 잡아가고 있다. 천호동 로데오 거리와 가까워 지역 주민과 젊은이들의 왕래가 많은 곳으로 특히 풍납동 주민들에게 농수산물과 축산물, 의류와 공산품, 먹거리 등 다양한 품목을 판매하고 있다. 주차장과 장보기 배송 서비스도 제공한다. 시장 주변으로 풍납토성과 풍납토성공원이 위치해 있고 한강 공원과도 가까워 나들이 하기 전 음식을 사러 나오기도 좋다. 저렴한 가격과 다양하고 맛있는 먹거리가 인기이다. 명절과 계절마다 다양한 할인행사와 문화 이벤트를 계속하고 있다.","<a href=""https://www.songpa.go.kr/culture/detailInfo.do?resrceCd=TR0179-1002538&sc1=TR0179&rcpp=6&key=5115"" target=""_blank"" title=""새창 : 송파구청 사이트로 이동"">https://www.songpa.go.kr/culture/</a>",점포별 상이,점포별 상이,,
2784912,38,프레젠트모먼트,서울특별시 마포구 동교로 49-1,,13,126.9077278490,37.5531767536,,http://tong.visitkorea.or.kr/cms/resource/91/2785791_image2_1.JPG,Type3,SH,SH05,SH050200,프레젠트모먼트는 빈티지 소품과 인형을 판매하고 있다. 가게에 들어서면 마치 오랜시간 우리의 일상 속에 숨어 비밀스럽게 존재해 왔던 산타의 비밀창고에 들어선 듯 해 동심으로 돌아가게 된다. 이곳은 박물관에 전시될 만큼 오래된 물건들이 공간을 채우고 있다. 선물에 필요한 엽서나 포장용품도 준비되어 있어 선물을 준비하기에 제격이다.,"<a href=""https://presentmoment.kr/"" target=""_blank"" title=""새창 : 프레젠트모먼트 홈페이지로 이동"">https://presentmoment.kr</a>",13:00~21:00,매주 월요일,,
2779451,38,한국청과,서울특별시 송파구 양재대로 932 (가락동),,18,127.1107693087,37.4960786971,,http://tong.visitkorea.or.kr/cms/resource/92/2791392_image2_1.jpg,Type3,SH,SH05,SH050200,"1979년 창립된 한국청과는 가락동 도매시장에 있는 청과물 유통 전문 도매 법인이다. 과일, 오이, 호박, 가지, 고추, 버섯, 상추, 깻잎 등을 도매 유통하고 있으며, 각종 기부활동과 식자재 지원도 아끼지 않고 있다. 매장이 폐점하는 시간에는 신선한 과일과 야채를 소매로도 판매하여 저렴하게 구입할 수 있다. 지하철 이용 시 가락시장역 2번 출구를 이용하면 가깝다.","<a href=""https://www.hkck.co.kr/index.aspx"" target=""_blank"" title=""새창 : 한국청과 홈페이지로 이동"">https://www.hkck.co.kr/index.aspx</a>",[과일류]<br>- 1차(동절기) 02:30<br>- 1차(하절기) 02:00<br>- 2차 08:30<br>[채소류]<br>- 18:00~23:00,홈페이지 확인,,
987669,38,한순례한복침구,서울특별시 강남구 압구정로 164 (신사동),,1,127.0276621188,37.5265819931,,http://tong.visitkorea.or.kr/cms/resource/49/3579249_image2_1.jpg,Type3,SH,SH05,SH050200,"한순례 한복은 색상부터 디자인까지 자체 제작하는 한복 맞춤 전문점이다. 전통의 멋을 바탕으로 입는 사람의 얼굴과 체형, 분위기, 취향과 개성을 고려한 디자인을 하여 누구든 돋보이게 한다. 전문적 지식으로 과거의 한복을 계승·발전함과 동시에 현대적 흐름에 앞장서고 있다. 또한 현대적이고 다양한 소재와 다채로운 디자인을 한국적인 감성으로 표현한다.","공식 홈페이지 <a href=""http://www.hansoonrye.co.kr"" target=""_blank"" title=""새창 : 한순례한복침구 공식 홈페이지로 이동"">http://www.hansoonrye.co.kr</a><br>공식 인스타그램 <a href=""https://www.instagram.com/soonryehan/"" target=""_blank"" title=""새창 : 한순례한복침구 공식 인스타그램으로 이동"">https://www.instagram.com/soonryehan/</a>",10:00~19:30,매주 월요일,,
132580,38,해밀톤 쇼핑센터,서울특별시 용산구 이태원로 179 (이태원동),,21,126.9938927421,37.5346860011,,http://tong.visitkorea.or.kr/cms/resource/30/3467130_image2_1.jpg,Type3,SH,SH02,SH020100,"6호선 이태원역 1번 출구 오른편에 위치한 해밀톤 쇼핑센터는 종합쇼핑센터이다. 1층에는 대규모 브랜드 매장이 위치하고 있으며, 3층에는 의류, 잡화, 기념품, 주얼리 등 다양한 업장이 있어 쾌적한 쇼핑을 한번에 즐길 수 있다. 이태원 중심지에 위치하고 있어 접근성이 좋다.",,점포별 상이,점포별 상이,,
984585,38,헬로우 에이피엠 (Hello apm),서울특별시 중구 장충단로 253,,24,127.0081710683,37.5674741142,,http://tong.visitkorea.or.kr/cms/resource/14/3462914_image2_1.jpg,Type3,SH,SH02,SH020100,"헬로우 에이피엠 (Hello apm)은 10대~20대가 주 고객층으로 구성된 동대문의 대표적인 패션몰 중 하나이다. 동대문에서 가장 많은 고객이 찾는 패션몰로 선정되기도 하였으며, 젊음의 열기와 문화가 숨 쉬는 멀티 쇼핑몰이다. 최신 트렌드를 반영한 패션 의류 제품을 저렴한 가격으로 구할 수 있어 내국인은 물론 외국인 관광객까지 즐겨 찾는다. 또한 진열대가 낮게 설치되어 있어 휠체어 이용자도 상품을 가까이에서 볼 수 있다.",,상시 개방,연중무휴,,
2711768,38,현대카드 바이닐앤플라스틱,서울특별시 용산구 이태원로 248,현대카드 바이닐앤플라스틱,21,127.0008837102,37.5368803162,,,,SH,SH05,SH050200,"현대카드 바이닐앤플라스틱은 1만종 이상의 바이닐과 CD를 판매하는 공간이자, 스트리밍이 아닌 실제의 음악을 보고, 듣고, 만질 수 있는 체험형 공간이다. 켜켜이 쌓인 바이닐과 CD를 넘기는 Digging의 설렘, 미세한 마찰음마저도 음악으로 만드는 턴 테이블과 카세트 플레이어의 아날로그 사운드, 곳곳에 숨겨진 청음 기회를 통해 새로운 장르와 아티스트를 발견하는 즐거움까지. 일상의 BGM이 되어 버린 음악을 온전히 몰입해 경험하고, 소유하는 공간 바이닐앤플라스틱이다.","<a href=""https://dive.hyundaicard.com/web/vinylandplastic/spaceMain.hdc"" target=""_blank"" title=""새창 : 현대카드 바이닐앤플라스틱 홈페이지로 이동"">dive.hyundaicard.com</a>",[화요일~토요일]<br>- 12:00 ~ 21:00<br>[일요일]<br>- 12:00~18:00,매주 월요일,,
2753917,38,화곡본동시장,서울특별시 강서구 까치산로 35 (화곡동),,4,126.8441422693,37.5429379198,,http://tong.visitkorea.or.kr/cms/resource/82/3566882_image2_1.jpg,Type1,SH,SH06,SH060200,"1969년에 개설되어 2004년 1월 강서구 전통시장으로 인정받고, 2018년 특성화 첫걸음 시장, 2019년 문화 관광형 시장으로 선정된 전통시장이다. 농수산물 등 주로 1차 상품을 판매하고 있으며, 약 55개 점포가 운영되고 있는 소규모 골목형 시장이다. 최근에는 온라인 장보기 서비스를 이용할 수 있도록 하여 서울시, 고양시 지역에 한하여 배달 주문이 가능하다.",,점포별 상이,점포별 상이,,
2760240,38,후암시장,서울특별시 용산구 후암로35길 24 (후암동),,21,126.9760189231,37.5505143975,,http://tong.visitkorea.or.kr/cms/resource/69/3520069_image2_1.jpg,Type1,SH,SH06,SH060200,"서울역 앞 쪽 남산 아래 위치한 후암동은 서울에서 가장 오래된 동네 중의 한 곳으로, 후암시장도 60년의 역사를 지닌 전통시장으로 약 50여 개의 점포가 성업 중이다. 오랜 역사를 지녔으나 2015년 시설현대화사업을 통해 아케이드, 조명 설치와 간판 정비와 바닥 포장공사를 실시하여 쾌적한 환경에서 장보기 가능하며, 취급 품목별로 나눈 상점 안내판을 통해 필요한 물건을 파는 점포를 쉽게 찾을 수 있다. 지하철 4호선, 공항철도 서울역에서 도보 8분 거리다.",,09:00~22:00 (점포별 상이함),연중무휴 (점포별 상이함),,
2773281,38,10꼬르소꼬모 청담점,서울특별시 강남구 압구정로 416 (청담동),,1,127.0424190965,37.5269822119,,http://tong.visitkorea.or.kr/cms/resource/92/2947692_image2_1.jpg,Type1,SH,SH05,SH050200,"서울 강남구 압구정에 위치한 10꼬르소꼬모 청담점은 카페와 의류 및 생필품을 판매하는 편집숍을 겸하고 있는 곳이다. 건물 지하 1층에 있는 카페는 브런치 및 디저트 메뉴도 인기 있지만 멋진 인테리어로도 유명하다. 1층은 잡지, 캔들, 디퓨저, 주방용품 등 인테리어 소품을 판매하고 있으며, 2층은 의류, 3층은 잡화를 판매하고 있어 분위기 좋은 곳에서 식사와 더불어 쇼핑도 할 수 있는 공간으로 인기 있다.","<a href=""https://www.instagram.com/10corsocomoseoul/"" target=""_blank"" title="" 새창 : 10꼬르소꼬모 인스타그램으로 이동"">https://www.instagram.com/10corsocomoseoul/</a>",12:00~22:00 (준비시간 16:30~18:00),매월 5번째 월요일,,
2900483,38,AK PLAZA 홍대,서울특별시 마포구 양화로 188 (동교동),,13,126.9265121176,37.5577987750,,http://tong.visitkorea.or.kr/cms/resource/77/3573277_image2_1.jpg,Type1,SH,SH02,SH020100,"AK PLAZA 홍대는 홍대입구역 4번 출구 바로 앞에 있는 대형 복합 쇼핑몰이다. 2018년 오픈 이후 홍대 상권의 특성을 반영하여 키덜트, K-POP, 팬덤 문화 등 다양한 콘텐츠를 선보이고 있다. 5층 규모의 매장에는 애니메이션, 스트릿 컬처, 팬덤 액세서리 등 다양한 테마의 매장이 입점해 있어 젊은 층과 외국인 관광객들에게 인기가 높다. 또한, 1층에는 시코르 화장품 매장과 대왕 타코야끼 등 다양한 먹거리도 함께 즐길 수 있어 쇼핑과 식사를 동시에 즐길 수 있는 공간이다. 홍대의 트렌디한 문화를 체험하고자 한다면 AK PLAZA 홍대는 최적의 장소이다.","<a href=""https://www.akplaza.com/"" target=""_blank"" title=""새창 : AK PLAZA 홈페이지로 이동"">https://www.akplaza.com</a>",- 평일 11:00~22:00<br>- 주말 및 공휴일 10:30~22:00,연중무휴,,
969831,38,KCDF 갤러리숍 공예정원,서울특별시 종로구 인사동11길 8 공예종합유통지원센터,KCDF갤러리 1층,23,126.9841425159,37.5740618063,,,,SH,SH05,SH050100,"인사동 한국공예·디자인문화진흥원(KCDF) 갤러리 내에 위치한 갤러리숍은 명실 공히 한국을 대표할 수 있는 최고의 장인, 작가들이 만든 수준 높은 공예디자인 상품들이 전시 및 판매되고 있다. 주방용품, 생활용품, 인테리어, 문구/사무, 패션/잡화 등 다양한 카테고리 별로 판매 중인 상품들을 둘러볼 수 있다.","<a href=""https://www.kcdfshop.kr"" target=""_blank"" title=""한국공예·디자인문화진흥원 홈페이지로 이동"">https://www.kcdfshop.kr</a>",10:00~19:00 (휴게시간 13:00~14:00),매주 월요일 / 1월 1일 / 설·추석 당일,,
2946552,38,T1 HQ SHOP,서울특별시 강남구 선릉로 627 (논현동),,1,127.0428028051,37.5125116770,,http://tong.visitkorea.or.kr/cms/resource/87/2946987_image2_1.jpg,Type1,SH,SH05,SH050200,"e스포츠를 즐기는 롤 구단 T1 팬들을 위한 공간이자 굿즈 숍이다. 의류, 의자, 향수, 슬리퍼, 문구류 등 게임 관련한 품목과 선수들의 얼굴과 캐릭터가 새겨진 다양한 물품들도 판매하고 있다. T1 사옥에 들어서면 전설적인 프로게이머 페이커의 등신대와 피규어가 입구에 있고 역대 롤 관련 대회에서 획득한 우승 트로피가 전시되어 있다. 또한, 매장 한편에 선수들이 경기하는 곳처럼 꾸며진 책상과 모니터가 있는 포토존이 있어 인증샷을 남길 수 있다. T1매장은 선수들과 같은 유니폼에 자신의 이름을 새기며 T1을 더욱 가까이에서 즐길 수 있는 곳이다.","공식 홈페이지 <a href=""https://shop-t1.gg/""target=""_blank"" title=""새창 : T1 SHOP홈페이지 이동"">https://shop-t1.gg/</a><br>공식 인스타그램 <a href=""https://www.instagram.com/t1shopgg/""target=""_blank"" title=""새창 : T1 SHOP 인스타그램 이동"">https://www.instagram.com/t1shopgg/</a>",12:00~20:00,연중무휴,,
